File Name,Scenario Name,AR6 Category,AR6 Carbon Budget,cb,cb_parse_mode,cb_relation,cb_exclusion_reason,AR6 cross-check flag
Yang 等 - 2022 - Future Changes in High and Low Flows under the Impacts of Climate and Land Use Changes in the Jiulon.pdf,SSP126,C1,500.0,500.0,field-only scalar,,,False
Harding 等 - 2025 - Distribution of climate damages in convergence-consistent growth projections.pdf,SSP5-8.5,SSP5-8.5,1690 Gt CO₂,1690.0,unit-bound scalar,,,False
Monerie 等 - 2024 - An uncertain future change in aridity over the tropics.pdf,SSP2-4.5,C5,2744.812344177873,2744.812344177873,field-only scalar,,,False
Chebykina和Abakumov - 2024 - Agroecological Assessment of Arable Lands in the Leningrad Region of Russia under the Influence of C.pdf,B2 humid scenario,C3: limit warming to 2°C (>67%),835.4639342141137,835.4639342141137,field-only scalar,,,False
Robert - 2009 - A Model for Climate Target-Oriented Planning and Monitoring of Corporate Travel.pdf,Stockholm Mobility Project - 15% CO2 Reduction,C1: limit warming to 1.5°C (>50%) with no or limited overshoot,271.9704635822378,271.9704635822378,field-only scalar,,,False
Iyakaremye 等 - 2021 - Increased high-temperature extremes and associated population exposure in Africa by the mid-21st cen.pdf,SSP2-4.5,C3,~1150 GtCO₂ from 2020,1150.0,unit-bound scalar,~,,False
Bleuel 等 - 2021 - Coral distribution and bleaching vulnerability areas in Southwestern Atlantic under ocean warming.pdf,RCP8.5,SSP5-8.5,High (>2000 GtCO2 from 2020),2000.0,unit-bound scalar,>,,False
Huang 等 - 2025 - Distribution changes of Ormosia microphylla under different climatic scenarios.pdf,SSP1-2.6,C1,~500 Gt CO2,500.0,unit-bound scalar,~,,False
Huang 等 - 2025 - Distribution changes of Ormosia microphylla under different climatic scenarios.pdf,SSP2-4.5,C3,"~2100 GtCO₂ (2015-2100 cumulative, indicative)",2100.0,unit-bound scalar,~,,False
Huang 等 - 2025 - Distribution changes of Ormosia microphylla under different climatic scenarios.pdf,SSP5-8.5,C8,2200 Gt CO₂ (2019–2100) central estimate per AR6 WG1 Table 5.8,2200.0,unit-bound scalar,,,False
Prada 等 - 2016 - Carbon sequestration for different management alternatives in sweet chestnut coppice in northern Spa.pdf,Baseline scenario of sweet chestnut coppice management,C7: limit warming to 4°C (>50%),4067.198904304981,4067.198904304981,field-only scalar,,,False
Bai 等 - 2019 - Assessing the Impact of Climate Change on Flood Events Using HEC-HMS and CMIP5.pdf,RCP2.6,C3 (approximate),~900 Gt CO2,900.0,unit-bound scalar,~,,False
Bai 等 - 2019 - Assessing the Impact of Climate Change on Flood Events Using HEC-HMS and CMIP5.pdf,RCP4.5,C3 (RCP4.5 equivalent),Medium (RCP4.5 pathway),,excluded,,no unambiguous carbon-budget value,False
Ishida 等 - 2018 - Analysis of future climate change impacts on snow distribution over mountainous watersheds in Northe.pdf,A2,C6,102.7723603383973,102.7723603383973,field-only scalar,,,True
Ishida 等 - 2018 - Analysis of future climate change impacts on snow distribution over mountainous watersheds in Northe.pdf,B1,C4,652.4725285661066,652.4725285661066,field-only scalar,,,False
Nissen 等 - 2023 - A Regime Shift on Weddell Sea Continental Shelves with Local and Remote Physical and Biogeochemical.pdf,SSP1-2.6,C3,~900 Gt CO2,900.0,unit-bound scalar,~,,False
"Trinh-Dinh 等 - 2022 - Assessment of climate change impacts on one of the rarest apes on Earth, the Cao Vit Gibbon Nomas.pdf",Ensemble of SSP scenarios,C3,~500 Gt CO₂ from January 2020,500.0,unit-bound scalar,~,,False
Kapnick和Delworth - 2013 - Controls of Global Snow under a Changed Climate.pdf,Double-CO2 Climate Change Experiment,C5,1793.871566014591,1793.871566014591,field-only scalar,,,False
Mirdashtvan和Malekian - 2020 - A regional assessment of wetdry spells characteristics using RCPs scenarios in a semiarid region.pdf,RCP2.6,C1 (below 2 °C),~500 Gt CO2,500.0,unit-bound scalar,~,,False
"Halpin-McCormick 等 - 2025 - Species distribution of Cannabis sativa Past, present and future.pdf",SSP245,C3,2744.812344177873,2744.812344177873,field-only scalar,,,False
Zolfagharpour 等 - 2020 - The impacts of climate variability and human activities on streamflow change at basin scale.pdf,C1,C5: limit warming to 2.5°C (>50%),1278.930607571248,1278.930607571248,field-only scalar,,,False
"Ding 等 - 2024 - Comprehensive Risk Assessment of Sea Level Rise and Tropical Cyclones in Dongzhaigang Mangroves, Chi.pdf",SSP1-2.6,C1,~500 Gt CO₂ from 2020 (50 % chance of <1.5 °C),500.0,unit-bound scalar,~,,False
"Ding 等 - 2024 - Comprehensive Risk Assessment of Sea Level Rise and Tropical Cyclones in Dongzhaigang Mangroves, Chi.pdf",SSP2-4.5,C3,2744.812344177873,2744.812344177873,field-only scalar,,,False
"Ding 等 - 2024 - Comprehensive Risk Assessment of Sea Level Rise and Tropical Cyclones in Dongzhaigang Mangroves, Chi.pdf",SSP5-8.5,C7,Effectively zero for 1.5°C or 2°C targets,,excluded,,no unambiguous carbon-budget value,False
Oztop和Farooq - 2025 - Global habitat suitability of invasive weed Xanthium spinosum L. under CMIP6 climate projecti.pdf,SSP1-2.6,C1,500,500.0,field-only scalar,,,False
Gao 等 - 2025 - A Simulation of a Suitable Habitat for Acer yangbiense and Cinnamomum chago Under Clim.pdf,SSP126,C1,"N/A (SSP126 is a pathway, not a budget category)",,excluded,,explicitly missing/unspecified,False
"Vaissi - 2022 - Response of Iranian lizards to future climate change by poleward expansion, southern contraction, an.pdf",RCP2.6,C1 (Very low GHG emissions),~500 Gt CO2 from 2020 for 1.5°C with 50% probability,500.0,unit-bound scalar,~,,False
Al-Yahyai 等 - 2017 - Scenarios Based Climate Projection for Oman Water Resources.pdf,RCP2.6,Reserved (not applicable to pure RCP2.6 runs),Reserved (not applicable to pure RCP2.6 runs),,excluded,,no unambiguous carbon-budget value,False
Zhang和Shindell - 2021 - Costs from labor losses due to extreme heat in the USA attributable to climate change.pdf,RCP8.5,N/A (RCP8.5 is an AR5 pathway),N/A (RCP8.5 exceeds any relevant carbon-budget framework),,excluded,,explicitly missing/unspecified,False
Hewitt 等 - 2016 - Sources of Uncertainty in Future Projections of the Carbon Cycle.pdf,RCP2.6,C3 (RCP equivalent),~900 Gt CO2,900.0,unit-bound scalar,~,,False
Khajehali 等 - 2024 - A fusion-based framework for daily flood forecasting in multiple-step-ahead and near-future under cl.pdf,SSP5-8.5,C8,Not Compatible (>2000 Gt CO2 from 2020),2000.0,unit-bound scalar,>,,False
Khajehali 等 - 2024 - A fusion-based framework for daily flood forecasting in multiple-step-ahead and near-future under cl.pdf,SSP1-2.6,C1,~500 Gt CO2,500.0,unit-bound scalar,~,,False
Ballarin 等 - 2024 - Frequency Rather Than Intensity Drives Projected Changes of Rainfall Events in Brazil.pdf,SSP5-8.5,HIGH,1330 GtCO₂,1330.0,unit-bound scalar,,,False
Barredo和Gomez - 2008 - Towards a set of IPCC SRES urban land use scenarios modelling urban land use in the Madrid region.pdf,B2 - Compact development,C4,1793.871566014591,1793.871566014591,field-only scalar,,,False
Ahn和Jeon - 2019 - Power sector reform and CO2 abatement costs in Korea.pdf,Baseline Scenario,C8,4067.198904304981,4067.198904304981,field-only scalar,,,False
Feng 等 - 2020 - Spatially-explicit modeling and intensity analysis of China's land use change 2000-2050.pdf,Business-as-Usual (BAU) scenario for land use in China,C7: limit warming to 4°C (>50%),4421.106912693341,4421.106912693341,field-only scalar,,,False
Morales-Marin 等 - 2018 - Potential Changes of Annual-Averaged Nutrient Export in the South Saskatchewan River Basin under Cli.pdf,RCP2.6,C1,~900 Gt CO2,900.0,unit-bound scalar,~,,False
Mao 等 - 2024 - Climate change favors expansion of three Eucalyptus species in China.pdf,SSP126,C1,~100-300 Gt CO2,200.0,unit-bound range midpoint,~,,False
"Ayele 等 - 2016 - Assessing Climate Change Impact on Gilgel Abbay and Gumara Watershed Hydrology, the Upper Blue Nile.pdf",A2,C2: return warming to 1.5°C (>50%) after a high overshoot,102.7723603383973,102.7723603383973,field-only scalar,,,False
"Ayele 等 - 2016 - Assessing Climate Change Impact on Gilgel Abbay and Gumara Watershed Hydrology, the Upper Blue Nile.pdf",B1,C3: limit warming to 2°C (>67%),652.4725285661066,652.4725285661066,field-only scalar,,,False
Hodgdon 等 - 2022 - Climate-driven changes in growth and size at maturity of Gulf of Maine lobster stocks implications.pdf,G1,C2: return warming to 1.5°C (>50%) after a high overshoot,602.1546766650441,602.1546766650441,field-only scalar,,,False
Hodgdon 等 - 2022 - Climate-driven changes in growth and size at maturity of Gulf of Maine lobster stocks implications.pdf,G2,C4: limit warming to 2°C (>50%),633.5057805520881,633.5057805520881,field-only scalar,,,False
Yoshida 等 - 2017 - Future Changes in Tropical Cyclone Activity in High-Resolution Large-Ensemble Simulations.pdf,RCP8.5,SSP5-8.5,~1700 Gt CO2 (from 2020),1700.0,unit-bound scalar,~,,False
Sitch 等 - 2005 - Impacts of future land cover changes on atmospheric CO2 and climate - art. no. GB2013.pdf,A2,C7,102.7723603383973,102.7723603383973,field-only scalar,,,True
Sitch 等 - 2005 - Impacts of future land cover changes on atmospheric CO2 and climate - art. no. GB2013.pdf,B1,C4,652.4725285661066,652.4725285661066,field-only scalar,,,False
Sitch 等 - 2005 - Impacts of future land cover changes on atmospheric CO2 and climate - art. no. GB2013.pdf,B2,C6,835.4639342141137,835.4639342141137,field-only scalar,,,False
Ouyang 等 - 2022 - Albedo changes caused by future urbanization contribute to global warming.pdf,SSP2-4.5,C5,2745 GtCO2,2745.0,unit-bound scalar,,,False
Liu和Yang - 2022 - Northward expansion of fire-adaptative vegetation in future warming.pdf,SSP245,C3,2750 GtCO₂,2750.0,unit-bound scalar,,,False
Kadkhodazadeh 等 - 2022 - A New Methodology for Reference Evapotranspiration Prediction and Uncertainty Analysis under Climate.pdf,SSP245-cov-fossil,C3,2065 Gt CO2 (best-estimate budget for SSP2-4.5),2065.0,unit-bound scalar,,,False
Kadkhodazadeh 等 - 2022 - A New Methodology for Reference Evapotranspiration Prediction and Uncertainty Analysis under Climate.pdf,SSP245-cov-modgreen,C3,"~1150 GtCO₂ (2020 onward, 50 % < 2 °C)",1150.0,unit-bound scalar,~,,False
"Beigi和Tsai - 2015 - Comparative study of climate-change scenarios on groundwater recharge, southwestern Mississippi and.pdf",B1,C3: limit warming to 2°C (>67%),652.4725285661066,652.4725285661066,field-only scalar,,,False
Bhattacharya 等 - 2023 - Optimal design and life-long adaptation of civil infrastructure under climate change and uncertain d.pdf,SSP2-4.5,C3,Not a standard AR6 budget value,,excluded,,no unambiguous carbon-budget value,False
Boe和Terray - 2015 - Can metric-based approaches really improve multi-model climate projections The case of summer tempe.pdf,RCP8.5,SSP5-8.5,Very high emissions,,excluded,,no unambiguous carbon-budget value,False
Yang 等 - 2017 - Identifying separate impacts of climate and land usecover change on hydrological processes in upper.pdf,S1,C3: limit warming to 2°C (>67%),893.060956844902,893.060956844902,field-only scalar,,,False
Yang 等 - 2017 - Identifying separate impacts of climate and land usecover change on hydrological processes in upper.pdf,S2 - Hydrological Impact of Land Use Change under 1982-1995 Climate,C4: limit warming to 2°C (>50%),1447.733517816087,1447.733517816087,field-only scalar,,,False
Paparrizos和Matzarakis - 2017 - Assessment of future climate change impacts on the hydrological regime of selected Greek areas with.pdf,B1,C3: limit warming to 2°C (>67%),652.4725285661066,652.4725285661066,field-only scalar,,,False
Verma 等 - 2023 - A long-term drought assessment over India using CMIP6 framework  present and future perspectives.pdf,SSP2 4.5,C5,1750 GtCO₂ (post-2020 remaining budget),1750.0,unit-bound scalar,,,False
Abalos 等 - 2020 - Future trends in stratosphere-to-troposphere transport in CCMI models.pdf,RCP8.5,C8 (RCP equivalent),>2000 GtCO2,2000.0,unit-bound scalar,>,,False
Suomi 等 - 2025 - Economic viability of urban greening as a climate change adaptation measure in cool-climate cities.pdf,RCP2.6,C1,~500 Gt CO₂,500.0,unit-bound scalar,~,,False
Kaur 等 - 2024 - Climate response to interhemispheric differences in radiative forcing governed by shortwave cloud fe.pdf,SH,C6,4182.783765496274,4182.783765496274,field-only scalar,,,False
Kaur 等 - 2024 - Climate response to interhemispheric differences in radiative forcing governed by shortwave cloud fe.pdf,Uniform,C6,949.2331878059626,949.2331878059626,field-only scalar,,,False
"Le Minh Hai 等 - 2024 - Assessing impact of climate change on streamflow A case study in Ba River watershed, Gia Lai provin.pdf",SSP1-2.6,C1,500 Gt CO2 from 2020 for 1.5°C with 50% chance,500.0,unit-bound scalar,,,False
"Le Minh Hai 等 - 2024 - Assessing impact of climate change on streamflow A case study in Ba River watershed, Gia Lai provin.pdf",SSP5-8.5,SSP5-8.5,Not provided in the original text (literature-calculated SSP5-8.5 budgets not reported).,,excluded,,no unambiguous carbon-budget value,False
Zakari 等 - 2025 - Simulation of Streamflow in the Upper Bernam River Basin in Malaysia Using SWAT Model and CMIP6 Proj.pdf,SSP126,C1,~400 Gt CO2,400.0,unit-bound scalar,~,,False
Watson-Hernandez 等 - 2023 - Quantification and Evaluation of Water Requirements of Oil Palm Cultivation for Different Climate Ch.pdf,Baseline,C7: limit warming to 4°C (>50%),4067.198904304981,4067.198904304981,field-only scalar,,,False
Lin 等 - 2025 - Constructing an Ecological Security Pattern Coupled with Climate Change and Ecosystem Service Valuat.pdf,SSP5-8.5,SSP5-8.5,Not specified,,excluded,,no unambiguous carbon-budget value,False
Balting 等 - 2021 - Northern Hemisphere drought risk in a warming climate.pdf,SSP1-2.6,C1,500 Gt CO2 from 2020,500.0,unit-bound scalar,,,False
Balting 等 - 2021 - Northern Hemisphere drought risk in a warming climate.pdf,SSP2-4.5,C3,1150 GtCO₂,1150.0,unit-bound scalar,,,False
Alahuhta 等 - 2011 - Climate change and the future distributions of aquatic macrophytes across boreal catchments.pdf,A1,C5,216.8368249438647,216.8368249438647,field-only scalar,,,True
Alahuhta 等 - 2011 - Climate change and the future distributions of aquatic macrophytes across boreal catchments.pdf,A2,C5,102.7723603383973,102.7723603383973,field-only scalar,,,True
Alahuhta 等 - 2011 - Climate change and the future distributions of aquatic macrophytes across boreal catchments.pdf,B1,C5,652.4725285661066,652.4725285661066,field-only scalar,,,False
Alahuhta 等 - 2011 - Climate change and the future distributions of aquatic macrophytes across boreal catchments.pdf,B2,C5,835.4639342141137,835.4639342141137,field-only scalar,,,False
Zeigler 等 - 2017 - Effects of climate change and anthropogenic modification on a disturbance-dependent species in a lar.pdf,Baseline 20-year high-flow return interval,C7,4067.198904304981,4067.198904304981,field-only scalar,,,False
Yu 等 - 2009 - Simulating the effects of soil organic nitrogen and grazing on arctic tundra vegetation dynamics on.pdf,2°C warming,C5: limit warming to 2.5°C (>50%),1793.871566014591,1793.871566014591,field-only scalar,,,False
Al Atawneh 等 - 2024 - Predictive analysis of groundwater balance and assessment of safe yield using a probabilistic ground.pdf,SSP2-4.5,C2,2744.812344177873 (per paper methodology),2744.812344177873,field-only scalar,,,True
Banag 等 - 2015 - Bioclimatic niches of selected endemic Ixora species on the Philippines predicting habitat s.pdf,A2,C7,102.7723603383973,102.7723603383973,field-only scalar,,,True
Banag 等 - 2015 - Bioclimatic niches of selected endemic Ixora species on the Philippines predicting habitat s.pdf,B1,C5,652.4725285661066,652.4725285661066,field-only scalar,,,False
Zhou 等 - 2023 - Effects of Climate Change on Wheat Yield and Nitrogen Losses per Unit of Yield in the Middle and Low.pdf,SSP126,C1,500,500.0,field-only scalar,,,False
"Liang 等 - 2021 - Climate change, habitat connectivity, and conservation gaps a case study of four ungulate species e.pdf",RCP2.6,C1 (SSP1-2.6),~500 Gt CO2 from 2020,500.0,unit-bound scalar,~,,False
Dietz和Venmans - 2019 - Cumulative carbon emissions and economic policy In search of general principles.pdf,Optimal carbon price under a binding temperature constraint,C4,1000 GtCO2 from 2020-2100,1000.0,unit-bound scalar,,,False
Yang 等 - 2025 - Assessing Climate Change Risks and Conservation Needs for Carpinus Species in China Using Ens.pdf,SSP126,C1,510 GtCO₂,510.0,unit-bound scalar,,,False
Zhang 等 - 2019 - Future Extreme Climate Prediction in Western Jilin Province Based on Statistical DownScaling Model.pdf,A2,C7,102.7723603383973,102.7723603383973,field-only scalar,,,True
Zhang 等 - 2019 - Future Extreme Climate Prediction in Western Jilin Province Based on Statistical DownScaling Model.pdf,B2,C7,835.4639342141137,835.4639342141137,field-only scalar,,,False
Kim 等 - 2024 - A Study on the Genetic Variations and Germination Characteristics of Rhododendron sohayakiensei.pdf,SSP3,SSP3-7.0,5565.348400074735,5565.348400074735,field-only scalar,,,False
Kim 等 - 2024 - A Study on the Genetic Variations and Germination Characteristics of Rhododendron sohayakiensei.pdf,SSP5-8.5,C8,325.3951167461587,325.3951167461587,field-only scalar,,,True
Alrakathi和Alodah - 2025 - Assessing the Impact of Climate Change on Intensity-Duration-Frequency (IDF) Curves for the Qassim R.pdf,SSP2-6,C3,4107.156743735707,4107.156743735707,field-only scalar,,,False
Zhang 等 - 2024 - Assessing GFDL-ESM4.1 Climate Responses to a Stratospheric Aerosol Injection Strategy Intended to Av.pdf,SSP5-34-OS,C5,1743.828671285641,1743.828671285641,field-only scalar,,,False
Guo 等 - 2024 - Climate Change Impact on Three Important Species of Wild Fruit Forest Ecosystems Assessing Habitat.pdf,SSP1-2.6,C1,~400-500 Gt CO2 from 2020,450.0,unit-bound range midpoint,~,,False
Guo 等 - 2024 - Climate Change Impact on Three Important Species of Wild Fruit Forest Ecosystems Assessing Habitat.pdf,SSP2-4.5,C3,2744.812344177873,2744.812344177873,field-only scalar,,,False
"Trancoso 等 - 2020 - Heatwaves intensification in Australia A consistent trajectory across past, present and future.pdf",RCP8.5,SSP5-8.5 (C8 - Very high),Very large (>2000 GtCO₂ from 2020),2000.0,unit-bound scalar,>,,False
Pitman 等 - 2011 - Importance of background climate in determining impact of land-cover change on regional climate.pdf,2×CO2,C5: limit warming to 2.5°C (>50%),1793.871566014591,1793.871566014591,field-only scalar,,,False
Wang和Sun - 2022 - Global gridded GDP data set consistent with the shared socioeconomic pathways.pdf,SSP1,C1,400-500 GtCO₂,450.0,unit-bound range midpoint,,,False
Bonaldo 等 - 2023 - The summer 2022 drought a taste of future climate for the Po valley (Italy).pdf,RCP2.6,C1 (RCP equivalent),~500 Gt CO2 (from 2020),500.0,unit-bound scalar,~,,False
Fu 等 - 2017 - Integrating regional climate change into allometric equations for estimating tree aboveground biomas.pdf,RCP2.6,"N/A (RCP framework, not AR6)",~900 Gt CO2,900.0,unit-bound scalar,~,,False
Stecher 等 - 2024 - Assessing the Impact of Climate Variability on Wind Energy Potential in Decarbonization Scenarios in.pdf,SSP 1-2.6,C3,~500–550 GtCO₂ (from 2020),525.0,unit-bound range midpoint,~,,False
Chen 等 - 2023 - Global PM2.5 Prediction and Associated Mortality to 2100 under Different Climate Change S.pdf,SSP1-2.6,C1,~500 Gt CO₂ from 2020 (for 1.5°C with 50% probability),500.0,unit-bound scalar,~,,False
Chen 等 - 2023 - Global PM2.5 Prediction and Associated Mortality to 2100 under Different Climate Change S.pdf,SSP3-7.0,C7,Exceeded,,excluded,,no unambiguous carbon-budget value,False
"Sarovic和Klaic - 2023 - Effect of Climate Change on Water Temperature and Stratification of a Small, Temperate, Karstic Lake.pdf",RCP2.6,C1 (Low GHG emissions),~1000 Gt CO2 from 2018,1000.0,unit-bound scalar,~,,False
Garcia de Leon 等 - 2015 - Disentangling the effects of feedback structure and climate on Poaceae annual airborne pollen.pdf,A2,C5,102.7723603383973,102.7723603383973,field-only scalar,,,True
Garcia de Leon 等 - 2015 - Disentangling the effects of feedback structure and climate on Poaceae annual airborne pollen.pdf,B2,C5,835.4639342141137,835.4639342141137,field-only scalar,,,False
He 等 - 2023 - Priority planting area planning for cash crops under heavy metal pollution and climate change A cas.pdf,RCP2.6,SSP1-2.6,~1000 Gt CO2,1000.0,unit-bound scalar,~,,False
Wu - 2020 - Soil-Air Partition Coefficients of Persistent Organic Pollutants Decline from Climate Warming a Cas.pdf,RCP2.6,RCP2.6,~900 Gt CO2,900.0,unit-bound scalar,~,,False
Tettey 等 - 2019 - Design strategies and measures to minimise operation energy use for passive houses under different c.pdf,RCP2.6,C1 (Below 1.5°C with no or limited overshoot),N/A (pathway-specific),,excluded,,explicitly missing/unspecified,False
Tettey 等 - 2019 - Design strategies and measures to minimise operation energy use for passive houses under different c.pdf,RCP4.5,USC – Unharmonized,~1350–1450 Gt CO₂ from 2020 (SSP2-4.5 analogue),1400.0,unit-bound range midpoint,~,,False
McKenna 等 - 2021 - Stringent mitigation substantially reduces risk of unprecedented near-term warming rates.pdf,SSP1-1.9,C1,510 Gt CO₂,510.0,unit-bound scalar,,,False
McKenna 等 - 2021 - Stringent mitigation substantially reduces risk of unprecedented near-term warming rates.pdf,SSP1-2.6,C4,~1050 Gt CO2,1050.0,unit-bound scalar,~,,False
Demissew 等 - 2025 - Agroclimatic Indicator Analysis Under Climate Change Conditions to Predict the Climatic Suitability.pdf,ssp370,C5,Very high (>1400 GtCO₂ from 2020),1400.0,unit-bound scalar,>,,False
Demissew 等 - 2025 - Agroclimatic Indicator Analysis Under Climate Change Conditions to Predict the Climatic Suitability.pdf,ssp585,C8,Exceeds budget for 1.5°C and 2°C targets,,excluded,,no unambiguous carbon-budget value,False
"Asayama - 2021 - Threshold, budget and deadline beyond the discourse of climate scarcity and control.pdf",SSP1-1.9 pathway for 1.5°C target,C1,~500 Gt CO2,500.0,unit-bound scalar,~,,False
"Vitillo 等 - 2022 - The role of carbon capture, utilization, and storage for economic pathways that limit global warming.pdf",P2,C1,500 Gt CO2,500.0,unit-bound scalar,,,False
Winiwarter 等 - 2013 - Estimating environmentally relevant fixed nitrogen demand in the 21st century.pdf,RCP2.6,C1 (RCP equivalent),~900 Gt CO2,900.0,unit-bound scalar,~,,False
Anache 等 - 2018 - Land use and climate change impacts on runoff and soil erosion at the hillslope scale in the Brazili.pdf,RCP2.6,C3 (RCP equivalent),~900 Gt CO2,900.0,unit-bound scalar,~,,False
Eker 等 - 2019 - Modelling the drivers of a widespread shift to sustainable diets.pdf,Sc0_Reference,C8: exceed warming of 4°C (>=50%),6016.054280938453,6016.054280938453,field-only scalar,,,False
Mueller和Reutter - 2022 - Course change Navigating urban passenger transport toward sustainability through modal shift.pdf,Modal shift target of 25% car use,C5,2619.964986816399,2619.964986816399,field-only scalar,,,False
Gong 等 - 2024 - Global net climate effects of anthropogenic reactive nitrogen.pdf,SSP 1-2.6,C1,~500 Gt CO₂,500.0,unit-bound scalar,~,,False
Zhang 等 - 2024 - Simulating the effects of optimizing sowing date and variety shift on maize production at finer scal.pdf,SSP1-2.6,C1,~500 Gt CO2 from 2020,500.0,unit-bound scalar,~,,False
Zhang 等 - 2024 - Simulating the effects of optimizing sowing date and variety shift on maize production at finer scal.pdf,SSP2-4.5,C3,1350,1350.0,field-only scalar,,,False
Lawrence 等 - 2016 - The Land Use Model Intercomparison Project (LUMIP) contribution to CMIP6 rationale and experimental.pdf,hist-noLu,C1,~500 Gt CO2,500.0,unit-bound scalar,~,,False
Lawal 等 - 2023 - Integrated framework for hydrologic modelling in data-sparse watersheds and climate change impact on.pdf,SSP2(4.5),C3,2744.812344177873,2744.812344177873,field-only scalar,,,False
Lungarska和Chakir - 2024 - Projections of climate change impacts on ecosystem services and the role of land use adaptation in F.pdf,A2,C5,102.7723603383973,102.7723603383973,field-only scalar,,,True
Lungarska和Chakir - 2024 - Projections of climate change impacts on ecosystem services and the role of land use adaptation in F.pdf,B1,C4,652.4725285661066,652.4725285661066,field-only scalar,,,False
"Larbi 等 - 2021 - Local climate change projections and impact on the surface hydrology in the Vea catchment, West Afri.pdf",RCP4.5,C3 (Below 3°C),1200-1400 GtCO₂,1300.0,unit-bound range midpoint,,,False
Sun 等 - 2024 - Impacts of poverty eradication on carbon neutrality in China.pdf,S1,C3: limit warming to 2°C (>67%),893.060956844902,893.060956844902,field-only scalar,,,False
Sun 等 - 2024 - Impacts of poverty eradication on carbon neutrality in China.pdf,S2,C4: limit warming to 2°C (>50%),1447.733517816087,1447.733517816087,field-only scalar,,,False
Shi 等 - 2022 - Assessing the Impact of Climate Change on Potential Distribution of Meconopsis punicea and It.pdf,RCP2.6,C3 (RCP equivalent),~900 Gt CO2,900.0,unit-bound scalar,~,,False
van Beest 等 - 2021 - Rapid shifts in Arctic tundra species' distributions and inter-specific range overlap under future c.pdf,RCP 2.6,C1,~500 Gt CO2,500.0,unit-bound scalar,~,,False
van Beest 等 - 2021 - Rapid shifts in Arctic tundra species' distributions and inter-specific range overlap under future c.pdf,RCP 4.5,C5 (RCP equivalent),~600-700 GtCO₂ from 2020,650.0,unit-bound range midpoint,~,,False
"Siemens和Bastola - 2024 - Depth of closure, a review of empirical formulae and assessment of climate change along the coast of.pdf",Projected Change to Depth of Closure under RCP 4.5,C3,~1000 GtCO₂ from 2011,1000.0,unit-bound scalar,~,,False
Yao和Huang - 2025 - Adaptability comparison of climate downscaling methods and future climate projections in the Pearl R.pdf,SSP126,C1,~500 GtCO₂,500.0,unit-bound scalar,~,,False
Ambrosio 等 - 2024 - Global sustainability scenarios lead to regionally different outcomes for terrestrial biodiversity.pdf,SSP2-Ref,C5,4631.628201551354,4631.628201551354,field-only scalar,,,False
"Moore - 2017 - LEARNING, ADAPTATION, AND WEATHER IN A CHANGING CLIMATE.pdf",RCP 2.6,C1 (Below 1.5°C & 1.5°C with no or limited overshoot),~900 Gt CO2,900.0,unit-bound scalar,~,,False
Jung 等 - 2021 - Analysis of Small Hydropower Generation Potential (2) Future Prospect of the Potential under Climat.pdf,RCP4.5,SSP2-4.5,~3000 GtCO2,3000.0,unit-bound scalar,~,,False
Solaun和Cerda - 2017 - The Impact of Climate Change on the Generation of Hydroelectric Power-A Case Study in Southern Spain.pdf,A2,C5,102.7723603383973,102.7723603383973,field-only scalar,,,True
Wu - 2020 - Risk and Uncertainty of Losing Suitable Habitat Areas Under Climate Change Scenarios A Case Study f.pdf,RCP2.6,C1 (SSP1-2.6),~500 Gt CO2 from 2020 for 1.5°C (50% probability),500.0,unit-bound scalar,~,,False
Wu - 2020 - Risk and Uncertainty of Losing Suitable Habitat Areas Under Climate Change Scenarios A Case Study f.pdf,RCP6.0,SSP2-4.5 (RCP6.0 equivalent),Not explicitly defined,,excluded,,no unambiguous carbon-budget value,False
Wu 等 - 2014 - Response of hydrology to climate change in the southern Appalachian Mountains using Bayesian inferen.pdf,A2,C7,102.7723603383973,102.7723603383973,field-only scalar,,,True
Zou - 2022 - Dynamical downscaling projections of extreme temperature for the major river basins in China under s.pdf,SSP1-2.6,C1,~900 Gt CO2,900.0,unit-bound scalar,~,,False
Zou - 2022 - Dynamical downscaling projections of extreme temperature for the major river basins in China under s.pdf,SSP2-4.5,C5,1150,1150.0,field-only scalar,,,False
Meier 等 - 2012 - Comparing reconstructed past variations and future projections of the Baltic Sea ecosystem-first res.pdf,A2,C5,102.7723603383973,102.7723603383973,field-only scalar,,,True
Stewart 等 - 2024 - Winter is not coming evaluating impacts of changing winter conditions on coregonine reproductive ph.pdf,RCP2.6,C3 (RCP equivalent),~900 Gt CO2,900.0,unit-bound scalar,~,,False
"Eskandari 等 - 2016 - Desertification of forest, range and desert in Tehran province, affected by climate change.pdf",A2,C5,102.7723603383973,102.7723603383973,field-only scalar,,,True
"Eskandari 等 - 2016 - Desertification of forest, range and desert in Tehran province, affected by climate change.pdf",B2,C5,835.4639342141137,835.4639342141137,field-only scalar,,,False
"Zhang 等 - 2020 - Impacts of climate change, population growth, and urbanization on future population exposure to long.pdf",RCP2.6,C1 (RCP equivalent),~500 Gt CO2,500.0,unit-bound scalar,~,,False
Zhao 等 - 2022 - Historical and future runoff changes in the Yangtze River Basin from CMIP6 models constrained by a w.pdf,SSP2-4.5,C5,2744.812344177873,2744.812344177873,field-only scalar,,,False
Bombelli 等 - 2019 - Potentially modified hydropower production under climate change in the Italian Alps.pdf,RCP2.6,C1,~500 Gt CO2 from 2020,500.0,unit-bound scalar,~,,False
Zhou 等 - 2024 - Modeling Hydrologic-Economic Interactions for Sustainable Development A Case Study in Inner Mongoli.pdf,W2C2,C5: limit warming to 2.5°C (>50%),1793.871566014591,1793.871566014591,field-only scalar,,,False
Zou 等 - 2020 - Untangling the effects of future climate change and human activity on evapotranspiration in the Heih.pdf,RCP2.6 with Water-Saving Irrigation Practices,SSP1-2.6,~900 Gt CO2,900.0,unit-bound scalar,~,,False
Yin 等 - 2024 - Assessing Climate and Land-Use Change Scenarios on Future Desertification in Northeast Iran A Data.pdf,SSP1-2.6,C3,~500 Gt CO2,500.0,unit-bound scalar,~,,False
Yin 等 - 2024 - Assessing Climate and Land-Use Change Scenarios on Future Desertification in Northeast Iran A Data.pdf,SSP2-4.5,C5,Approximately 2750 GtCO₂ from 2020,2750.0,unit-bound scalar,,,False
Yin 等 - 2024 - Assessing Climate and Land-Use Change Scenarios on Future Desertification in Northeast Iran A Data.pdf,SSP5-8.5,C8,1150 GtCO₂ from 2020 (50% likelihood of limiting warming to 4°C),1150.0,unit-bound scalar,,,False
Costa-Cabral 等 - 2013 - Climate variability and change in mountain environments some implications for water resources and w.pdf,A2,C5,102.7723603383973,102.7723603383973,field-only scalar,,,True
Costa-Cabral 等 - 2013 - Climate variability and change in mountain environments some implications for water resources and w.pdf,B1,C4,652.4725285661066,652.4725285661066,field-only scalar,,,False
Bhattarai 等 - 2023 - Projected changes in hydro-climatic extremes with CMIP6 climate model outputs a case of rain-fed ri.pdf,SSP245,C3-C6,2744.812344177873,2744.812344177873,field-only scalar,,,False
Bhattarai 等 - 2023 - Projected changes in hydro-climatic extremes with CMIP6 climate model outputs a case of rain-fed ri.pdf,SSP585,C8,Very high (exceeds 3000 GtCO2),3000.0,unit-bound scalar,,,False
"Zarghami 等 - 2011 - Impacts of climate change on runoffs in East Azerbaijan, Iran.pdf",A2,C5,102.7723603383973,102.7723603383973,field-only scalar,,,True
"Shiru 等 - 2022 - Comparison of precipitation projections of CMIP5 and CMIP6 global climate models over Yulin, China.pdf",RCP4.5,SSP2-4.5 (RCP4.5 equivalent),Pathway-dependent; see AR6 WG-I Chapter 5,,excluded,,no unambiguous carbon-budget value,False
"Shiru 等 - 2022 - Comparison of precipitation projections of CMIP5 and CMIP6 global climate models over Yulin, China.pdf",SSP245,C3,2744.812344177873,2744.812344177873,field-only scalar,,,False
Abesh 等 - 2022 - Predicting Climate Change Impacts on Water Balance Components of a Mountainous Watershed in the Nort.pdf,RCP4.5,C5 (~2.7°C),1400-2000 GtCO₂ from 2020,1700.0,unit-bound range midpoint,,,False
Abesh 等 - 2022 - Predicting Climate Change Impacts on Water Balance Components of a Mountainous Watershed in the Nort.pdf,RCP8.5,Very high (SSP5-8.5),Budget exhausted under this scenario,,excluded,,no unambiguous carbon-budget value,False
Vikhrev 等 - 2024 - Environmental niche modelling of the Chinese pond mussel invasion in Europe under climate change sce.pdf,RCP 4.5,C4 (2°C),1000-1500 GtCO2,1250.0,unit-bound range midpoint,,,False
Kohl 等 - 2010 - Combating the effects of climatic change on forests by mitigation strategies.pdf,B1,C3: limit warming to 2°C (>67%),652.4725285661066,652.4725285661066,field-only scalar,,,False
Argaw 等 - 2024 - Habitat suitability and distribution patterns of Rouget's rail (Rougetius rougetii Guerin-men.pdf,SSP126,C3,1150.0,1150.0,field-only scalar,,,False
Tursunova 等 - 2025 - Assessment of Future Water Stress on Surface Waters in the West Kazakhstan Region Caused by the Comb.pdf,SSP2-4.5,C5,2744.812344177873,2744.812344177873,field-only scalar,,,False
Struglia 等 - 2025 - Impact of spatial resolution on multi-scenario WRF-ARW simulations driven by the CMIP6 MPI-ESM1-2-HR.pdf,SSP1-2.6,C3,~900 Gt CO2,900.0,unit-bound scalar,~,,False
Struglia 等 - 2025 - Impact of spatial resolution on multi-scenario WRF-ARW simulations driven by the CMIP6 MPI-ESM1-2-HR.pdf,SSP2-4.5,C3,Use standard AR6 value for C3 scenarios or extract specific value from paper context if explicitly stated as AR6 value.,,excluded,,no unambiguous carbon-budget value,False
Struglia 等 - 2025 - Impact of spatial resolution on multi-scenario WRF-ARW simulations driven by the CMIP6 MPI-ESM1-2-HR.pdf,SSP5-8.5,C8,Exceeded,,excluded,,no unambiguous carbon-budget value,False
Monteiro 等 - 2017 - Air quality over Portugal now and in 2050.pdf,RCP8.5,SSP5-8.5,High emissions pathway (no carbon budget constraint),,excluded,,no unambiguous carbon-budget value,False
Adigun 等 - 2025 - Climate Change Influence on Solar Photovoltaic Energy Production and Its Associated Drivers in CMIP6.pdf,SSP1-2.6,C3/1.8°C,~500 Gt CO₂,500.0,unit-bound scalar,~,,False
Zhang 等 - 2023 - Mapping the spatial heterogeneity of global land use and land cover from 2020 to 2100 at a 1 km reso.pdf,SSP1-2.6,C3,~900 Gt CO2,900.0,unit-bound scalar,~,,False
Xiong 等 - 2007 - Climate change and critical thresholds in China's food security.pdf,A2 (no CO2 fertilization),C7,102.7723603383973,102.7723603383973,field-only scalar,,,True
Xiong 等 - 2007 - Climate change and critical thresholds in China's food security.pdf,B2,C5,835.4639342141137,835.4639342141137,field-only scalar,,,False
Shimizu 等 - 2025 - Assessing NOAAGFDL Models Performance for South American Seasonal Climate Insights from CMIP6 Hist.pdf,SSP2-4.5,C5,2744.812344177873,2744.812344177873,field-only scalar,,,False
Ajjur和Al-Ghamdi - 2021 - Global Hotspots for Future Absolute Temperature Extremes From CMIP6 Models.pdf,SSP2-4.5,C2,1150,1150.0,field-only scalar,,,False
Blanc 等 - 2017 - Is current irrigation sustainable in the United States An integrated assessment of climate change i.pdf,CS3.0REF,C8,4631.628201551354,4631.628201551354,field-only scalar,,,False
Lazoglou 等 - 2024 - Climate change and extremes in the Mediterranean island of Cyprus from historical trends to future.pdf,RCP2.6,C3 (RCP equivalent),~900 Gt CO2,900.0,unit-bound scalar,~,,False
"Liu 等 - 2023 - Combined Effects of Land UseCover Change and Climate Change on Runoff in the Jinghe River Basin, Ch.pdf",RCP2.6,C1 (Below 1.5°C with no or limited overshoot),~400-500 Gt CO2,450.0,unit-bound range midpoint,~,,False
Arfa 等 - 2021 - Comparing the Effects of Different Daily and Sub-Daily Downscaling Approaches on the Response of Urb.pdf,RCP 2.6,RCP,~950 Gt CO2 (2020-2100),950.0,unit-bound scalar,~,,False
Nematchoua 等 - 2018 - A detailed study of climate change and some vulnerabilities in Indian Ocean A case of Madagascar is.pdf,RCP2.6,C5,102.7723603383973,102.7723603383973,field-only scalar,,,True
Thiery 等 - 2021 - Intergenerational inequities in exposure to climate extremes Young generations are severely threaten.pdf,1.5°C Scenario,C1,~500 Gt CO2,500.0,unit-bound scalar,~,,False
"Matskovsky 等 - 2020 - Radial growth projections for spruce on Solovetskiye Islands, the White Sea, for the 21st century.pdf",RCP2.6,C1 (Likely below 1.5°C & Likely below 2°C),~900 Gt CO2,900.0,unit-bound scalar,~,,False
Laborda 等 - 2026 - Unveiling how financial markets could intensify climate change risks.pdf,RCP4.5,SSP2-4.5 (C5),~3000 GtCO₂ from 2015,3000.0,unit-bound scalar,~,,False
Sung 等 - 2025 - Carbon Benefits of Reforestation with Warm Temperate Broadleaf Evergreen Trees in South Korea under.pdf,RCP2.6,SSP1-2.6,~900 Gt CO₂,900.0,unit-bound scalar,~,,False
Liu 等 - 2024 - Rising cause-specific mortality risk and burden of compound heatwaves amid climate change.pdf,SSP1-1.9,C1,~500 Gt CO2,500.0,unit-bound scalar,~,,False
Liu 等 - 2024 - Rising cause-specific mortality risk and burden of compound heatwaves amid climate change.pdf,SSP2-4.5,C2,2745 GtCO2,2745.0,unit-bound scalar,,,True
Bastarrica 等 - 2023 - An Integrated Assessment Model for comparing electricity decarbonisation scenarios The case for Spa.pdf,BAU,C7,4421.106912693341,4421.106912693341,field-only scalar,,,False
Gilson 等 - 2021 - Ocean warming and species range shifts affect rates of ecosystem functioning by altering consumer-re.pdf,Future (+2°C) oceanic conditions,C5,1793.871566014591,1793.871566014591,field-only scalar,,,False
Tong 等 - 2021 - Health co-benefits of climate change mitigation depend on strategic power plant retirements and poll.pdf,RCP6.0,C3 (Below 2°C),1200-1400 GtCO₂ from 2020,1300.0,unit-bound range midpoint,,,False
Tong 等 - 2021 - Health co-benefits of climate change mitigation depend on strategic power plant retirements and poll.pdf,RCP2.6,C3 (RCP equivalent),~900 Gt CO2,900.0,unit-bound scalar,~,,False
Zhou 等 - 2018 - Impact of 1.5 °C and 2.0 °C global warming on aircraft takeoff performance in China.pdf,1.5°C warming,C4,271.9704635822378,271.9704635822378,field-only scalar,,,False
Liao 等 - 2024 - Changing Climate Threatens Irrigation Benefits of Maize Gross Primary Productivity in China.pdf,SSP245,C5,2744.812344177873,2744.812344177873,field-only scalar,,,False
황인창 - 2016 - Comparative Analysis of Regional Integrated Assessment Models of Climate and the Economy.pdf,2°C target scenario,C4,1793.871566014591,1793.871566014591,field-only scalar,,,False
Waqas 等 - 2020 - Evaluating the Impact of Climate Change on Water Productivity of Maize in the Semi-Arid Environment.pdf,A2,C5,102.7723603383973,102.7723603383973,field-only scalar,,,True
Waqas 等 - 2020 - Evaluating the Impact of Climate Change on Water Productivity of Maize in the Semi-Arid Environment.pdf,B2,C5,835.4639342141137,835.4639342141137,field-only scalar,,,False
Li 等 - 2025 - Aligning global mercury mitigation with climate action.pdf,Baseline scenario of continuing anthropogenic Hg and GHG emissions,C7: limit warming to 4°C (>50%),4067.198904304981,4067.198904304981,field-only scalar,,,False
Steptoe和Murphy - 2024 - Probabilistic UK Climate Projections Conditioned on Global Warming Levels.pdf,GWL2.0,C1 (RCP equivalent),~400-500 Gt CO2,450.0,unit-bound range midpoint,~,,False
Vicuna 等 - 2012 - Agriculture Vulnerability to Climate Change in a Snowmelt-Driven Basin in Semiarid Chile.pdf,A2,C7,102.7723603383973,102.7723603383973,field-only scalar,,,True
Li 等 - 2022 - The conterminous United States are projected to become more prone to flash floods in a high-end emis.pdf,RCP8.5,C8 (SSP5-8.5),Exceeds remaining carbon budget for 2°C (classified as N/A),,excluded,,explicitly missing/unspecified,False
Assis 等 - 2024 - Kelp forest diversity under projected end-of-century climate change.pdf,SSP1-1.9,C1,500,500.0,field-only scalar,,,False
Dentener 等 - 2006 - The global atmospheric environment for the next generation.pdf,A2,C2: return warming to 1.5°C (>50%) after a high overshoot,102.7723603383973,102.7723603383973,field-only scalar,,,False
Liu 等 - 2024 - Can we project well-being Towards integral well-being projections in climate models and beyond.pdf,SSP1,C1,~500 Gt CO2,500.0,unit-bound scalar,~,,False
Liu 等 - 2024 - Can we project well-being Towards integral well-being projections in climate models and beyond.pdf,SSP5,SSP5-8.5,325.3951167461587,325.3951167461587,field-only scalar,,,False
Carlino 等 - 2023 - Declining cost of renewables and climate change curb the need for African hydropower expansion.pdf,SSP1-2.6,C1,~1150 Gt CO2,1150.0,unit-bound scalar,~,,False
Carlino 等 - 2023 - Declining cost of renewables and climate change curb the need for African hydropower expansion.pdf,SSP4-6.0,C6,3780.382844728474,3780.382844728474,field-only scalar,,,False
Murgatroyd和Hall - 2020 - The Resilience of Inter-basin Transfers to Severe Droughts With Changing Spatial Characteristics.pdf,Baseline,C7: limit warming to 4°C (>50%),4067.198904304981,4067.198904304981,field-only scalar,,,False
Zahn和von Storch - 2010 - Decreased frequency of North Atlantic polar lows associated with future climate warming.pdf,C20,C5: limit warming to 2.5°C (>50%),1265.536430416577,1265.536430416577,field-only scalar,,,False
Zahn和von Storch - 2010 - Decreased frequency of North Atlantic polar lows associated with future climate warming.pdf,B1,C5,652.4725285661066,652.4725285661066,field-only scalar,,,False
Zahn和von Storch - 2010 - Decreased frequency of North Atlantic polar lows associated with future climate warming.pdf,A2,C5,102.7723603383973,102.7723603383973,field-only scalar,,,True
Gao 等 - 2021 - Potential distribution and habitat suitability of Picea crassifolia with climate change scenarios.pdf,RCP2.6,C3 (RCP equivalent),~900 Gt CO2,900.0,unit-bound scalar,~,,False
Zhu 等 - 2022 - Response of runoff and nitrogen loadings to climate and land use changes in the middle Fenhe River b.pdf,S21 (P+10%/T-2°C),C5: limit warming to 2.5°C (>50%),1793.871566014591,1793.871566014591,field-only scalar,,,False
Zhu 等 - 2022 - Response of runoff and nitrogen loadings to climate and land use changes in the middle Fenhe River b.pdf,S12 (P-10%/T+2°C),C5: limit warming to 2.5°C (>50%),1793.871566014591,1793.871566014591,field-only scalar,,,False
Xie 等 - 2022 - Projection of Future Water Resources Carrying Capacity in the Huang-Huai-Hai River Basin under the I.pdf,SSP1-2.6,C1,500,500.0,field-only scalar,,,False
Xie 等 - 2022 - Projection of Future Water Resources Carrying Capacity in the Huang-Huai-Hai River Basin under the I.pdf,SSP2-4.5,C2,2744.812344177873,2744.812344177873,field-only scalar,,,True
Ashofteh 等 - 2013 - Climate Change Impact on Reservoir Performance Indexes in Agricultural Water Supply.pdf,A2 Climate Change Scenario,C5: limit warming to 2.5°C (>50%),1793.871566014591,1793.871566014591,field-only scalar,,,False
Zhang和Wang - 2023 - Prediction of the Potential Distribution of the Endangered Species Meconopsis punicea Maxim u.pdf,SSP2-4.5,C5,2744.812344177873,2744.812344177873,field-only scalar,,,False
"Amin 等 - 2016 - Observations, projections and impacts of climate change on water resources in Arabian Peninsula cur.pdf",RCP2.6,SSP1-2.6,~900 Gt CO2,900.0,unit-bound scalar,~,,False
"Amin 等 - 2016 - Observations, projections and impacts of climate change on water resources in Arabian Peninsula cur.pdf",RCP4.5,"SSP2-4.5 (Moderate mitigation pathway, CMIP6 equivalent to RCP4.5)",N/A (RCP scenarios do not have defined carbon budgets in AR6),,excluded,,explicitly missing/unspecified,False
Burke和Stott - 2017 - Impact of Anthropogenic Climate Change on the East Asian Summer Monsoon.pdf,ALL,C2: return warming to 1.5°C (>50%) after a high overshoot,212.8537743020109,212.8537743020109,field-only scalar,,,False
Prato 等 - 2010 - Potential Economic Benefits of Adapting Agricultural Production Systems to Future Climate Change.pdf,B1,C3,652.4725285661066,652.4725285661066,field-only scalar,,,False
Prato 等 - 2010 - Potential Economic Benefits of Adapting Agricultural Production Systems to Future Climate Change.pdf,A2,C6,102.7723603383973,102.7723603383973,field-only scalar,,,True
Al-Maktoumi 等 - 2018 - Assessment of the impact of climate change on coastal aquifers in Oman.pdf,RCP2.6,C3 (RCP equivalent),~1000 Gt CO2 (from 2011),1000.0,unit-bound scalar,~,,False
Lefevre 等 - 2022 - Global socio-economic and climate change mitigation scenarios through the lens of structural change.pdf,Baseline scenario,C5,4067.198904304981,4067.198904304981,field-only scalar,,,False
Lefevre 等 - 2022 - Global socio-economic and climate change mitigation scenarios through the lens of structural change.pdf,2°C scenario,C4,1793.871566014591,1793.871566014591,field-only scalar,,,False
la Hausse de Lalouviere 等 - 2020 - Impact of Climate Change on Nearshore Waves at a Beach Protected by a Barrier Reef.pdf,RCP4.5,C5 (RCP equivalent),~1000 GtCO2 from 2011,1000.0,unit-bound scalar,~,,False
Wang 等 - 2023 - Differences in the Suitable Distribution Area between Northern and Southern China Landscape Plants.pdf,SSP126,C1,500 GtCO₂,500.0,unit-bound scalar,,,False
Zheng 等 - 2025 - Differential climate change impacts on spatial distribution of two bartail flathead stocks in the ye.pdf,RCP2.6,C1 (Low GHG emissions),~400-500 Gt CO2 from 2020,450.0,unit-bound range midpoint,~,,False
Zheng 等 - 2025 - Differential climate change impacts on spatial distribution of two bartail flathead stocks in the ye.pdf,RCP8.5,C8,High emissions pathway (no carbon budget specified),,excluded,,no unambiguous carbon-budget value,False
Zhou 等 - 2017 - Prospective scenarios of the saltwater intrusion in an estuary under climate change context using Ba.pdf,A2,C5,102.7723603383973,102.7723603383973,field-only scalar,,,True
Zhou 等 - 2017 - Prospective scenarios of the saltwater intrusion in an estuary under climate change context using Ba.pdf,B2,C5,835.4639342141137,835.4639342141137,field-only scalar,,,False
Semnani 等 - 2025 - Assessing the impact of climate change on rainfall-triggered landslides a case study in California.pdf,RCP4.5,C3 (Below 2°C),1200-1400 GtCO₂,1300.0,unit-bound range midpoint,,,False
Malyshev 等 - 2015 - Contrasting Local versus Regional Effects of Land-Use-Change-Induced Heterogeneity on Historical Cli.pdf,LU,C6: limit warming to 3°C (>50%),3142.974905546587,3142.974905546587,field-only scalar,,,False
van der Wiel 等 - 2019 - Added Value of Large Ensemble Simulations for Assessing Extreme River Discharge in a 2 °C Warmer Wor.pdf,2°C warming,C3,1793.871566014591,1793.871566014591,field-only scalar,,,False
Gonzalez-Zurita和Oswald-Spring - 2024 - Modeling water availability under climate change scenarios a systemic approach in the metropolitan.pdf,SSP5-8.5,C8,2400-3900 GtCO₂ (50th percentile),3150.0,unit-bound range midpoint,,,False
"Aguilera-Vidal 等 - 2022 - Increase in the Erosion Rate Due to the Impact of Climate Change on Sea Level Rise Victoria Beach,.pdf",RCP2.6,C1 (RCP equivalent),~1150 Gt CO2,1150.0,unit-bound scalar,~,,False
Moore 等 - 2021 - ESTIMATING THE ECONOMIC IMPACTS OF CLIMATE CHANGE ON 16 MAJOR US FISHERIES.pdf,RCP 4.5,C3 (Below 3°C),1200-1400 GtCO₂ from 2020,1300.0,unit-bound range midpoint,,,False
Li 等 - 2022 - Multi-Scale Flood Mapping under Climate Change Scenarios in Hexagonal Discrete Global Grids.pdf,RCP2.6 - Strong mitigation efforts leading to a peak in greenhouse gas emissions followed by a decline,C3 (~1.8°C),~500 Gt CO2 (from 2020),500.0,unit-bound scalar,~,,False
Miao 等 - 2024 - Suitable Habitat Prediction and Analysis of Dendrolimus houi and Its Host Cupressus funebr.pdf,SSP1-2.6,C3,~900 Gt CO2,900.0,unit-bound scalar,~,,False
Hurteau 等 - 2025 - Decreasing landscape carbon storage in western US forests with 2 °C of warming.pdf,+2 °C climate,C4,1793.871566014591,1793.871566014591,field-only scalar,,,False
Gao和Bukovsky - 2023 - Urban land patterns can moderate population exposures to climate extremes over the 21st century.pdf,climate,C7,Exceeded,,excluded,,no unambiguous carbon-budget value,False
Daron 等 - 2021 - Communicating future climate projections of precipitation change.pdf,RCP8.5,Very high GHG emissions (SSP5-8.5),Not applicable,,excluded,,no unambiguous carbon-budget value,False
Fu 等 - 2020 - Ecological risk assessment of wetland vegetation under projected climate scenarios in the Sanjiang P.pdf,RCP2.6,C1 (RCP equivalent),~1150 Gt CO2 from 2020,1150.0,unit-bound scalar,~,,False
Fu 等 - 2020 - Ecological risk assessment of wetland vegetation under projected climate scenarios in the Sanjiang P.pdf,RCP6.0 - Climate scenario for the Sanjiang Plain,SSP2-4.5,~1150 GtCO₂ from 2020 for 50% chance of staying below 2°C,1150.0,unit-bound scalar,~,,False
Dullinger 等 - 2020 - A socio-ecological model for predicting impacts of land-use and climate change on regional plant div.pdf,BAU,C7: limit warming to 4°C (>50%),4421.106912693341,4421.106912693341,field-only scalar,,,False
Dullinger 等 - 2020 - A socio-ecological model for predicting impacts of land-use and climate change on regional plant div.pdf,SSP1,C4,942.4855433794125,942.4855433794125,field-only scalar,,,False
Dullinger 等 - 2020 - A socio-ecological model for predicting impacts of land-use and climate change on regional plant div.pdf,SSP5,C8,325.3951167461587,325.3951167461587,field-only scalar,,,True
Lorenz和DeWeaver - 2007 - The response of the extratropical hydrological cycle to global warming.pdf,A2,C5,102.7723603383973,102.7723603383973,field-only scalar,,,True
Olsson 等 - 2012 - Downscaling extreme short-term regional climate model precipitation for urban hydrological applicati.pdf,A2,C5,102.7723603383973,102.7723603383973,field-only scalar,,,True
Olsson 等 - 2012 - Downscaling extreme short-term regional climate model precipitation for urban hydrological applicati.pdf,B2,C5,835.4639342141137,835.4639342141137,field-only scalar,,,False
Lanet 等 - 2024 - A framework to assess climate change effects on surface air temperature and soil moisture and applic.pdf,SSP2-4.5,C5,2744.812344177873 GtCO₂,2744.812344177873,unit-bound scalar,,,False
"Parete 等 - 2024 - Climate impacts and adaptation strategies for coastal erosion, aquaculture, and tourism along the Ad.pdf",RCP4.5,Moderate / SSP2-4.5,650-700 GtCO2 remaining for 50% chance of staying below 2.7°C,675.0,unit-bound range midpoint,,,False
Thomas和Lin - 2018 - A dual model for emulation of thermosteric and dynamic sea-level change.pdf,RCP2.6,C3 (RCP equivalent),~900 Gt CO2,900.0,unit-bound scalar,~,,False
Gusev和Nasonova - 2014 - Application of a technique for scenario prediction of climate change impact on the water balance com.pdf,IS92c,C5,1793.871566014591,1793.871566014591,field-only scalar,,,False
Aubry 等 - 2021 - Climate change modulates the stratospheric volcanic sulfate aerosol lifecycle and radiative forcing.pdf,SSP585_HIH,C8,Exhausted by 2050-2055 (for 2°C with 67% likelihood),,excluded,,no unambiguous carbon-budget value,False
Guo 等 - 2019 - Predicting growth and habitat responses of Ginkgo biloba L. to climate change.pdf,RCP4.5,C2-C3 (Intermediate),1200-1400 GtCO₂ from 2020 (for 2°C with 67% probability),1300.0,unit-bound range midpoint,,,False
Moghayer 等 - 2023 - A low-carbon and hunger-free future for Bangladesh An ex- ante assessment of synergies and trade-of.pdf,Green Road,C1,~500 Gt CO2,500.0,unit-bound scalar,~,,False
Regan 等 - 2017 - Climate change and the economics of biomass energy feedstocks in semi-arid agricultural landscapes.pdf,S2: Moderate warming and drying scenario with a 2°C increase in temperature and a 15% decrease in rainfall,C4: limit warming to 2°C (>50%),1447.733517816087,1447.733517816087,field-only scalar,,,False
Lee 等 - 2020 - Future Runoff Analysis in the Mekong River Basin under a Climate Change Scenario Using Deep Learning.pdf,RCP4.5,C3 (Below 3°C),1200-1400 GtCO₂ from 2020,1300.0,unit-bound range midpoint,,,False
Ruane 等 - 2018 - Climate shifts within major agricultural seasons for+1.5 and+2.0 °C worlds HAPPI projections and Ag.pdf,+1.5 °C World,C3,~500 Gt CO2,500.0,unit-bound scalar,~,,False
"Grueter 等 - 2022 - Expected global suitability of coffee, cashew and avocado due to climate change.pdf",RCP2.6,C3,~900 Gt CO2,900.0,unit-bound scalar,~,,False
Bai 等 - 2023 - Effects of Land UseCover and Meteorological Changes on Regional Climate under Different SSP-RCP Sce.pdf,SSP2-4.5,C4,800 Gt CO₂ from 2020,800.0,unit-bound scalar,,,False
Bai 等 - 2023 - Effects of Land UseCover and Meteorological Changes on Regional Climate under Different SSP-RCP Sce.pdf,SSP5-8.5,Very high GHG emissions,1150-1350 GtCO₂ from 2020,1250.0,unit-bound range midpoint,,,False
"Bhowmick 等 - 2021 - Response of the Indian summer monsoon to global warming, solar geoengineering and its termination.pdf",G2,C3,633.5057805520881,633.5057805520881,field-only scalar,,,False
Abuzwidah 等 - 2024 - Flood Risk Assessment for Sustainable Transportation Planning and Development under Climate Change.pdf,SSP245,C3,"N/A (pathway scenario, not budget-based)",,excluded,,explicitly missing/unspecified,False
Middaugh和Magoulick - 2018 - Forecasting effects of angler harvest and climate change on smallmouth bass abundance at the souther.pdf,RCP8.5 - High Greenhouse Gas Emissions Scenario,C8 (>4°C),1150-1400 GtCO₂ from 2020,1275.0,unit-bound range midpoint,,,False
"Westervelt 等 - 2020 - Relative Importance of Greenhouse Gases, Sulfate, Organic Carbon, and Black Carbon Aerosol for South.pdf",BC,C5,4708.871082689263,4708.871082689263,field-only scalar,,,False
Sandoval-Castillo 等 - 2020 - Adaptation of plasticity to projected maximum temperatures and across climatically defined bioregion.pdf,RCP8.5,High (SSP5-8.5 equivalent),>4000 GtCO₂ (from 2020),4000.0,unit-bound scalar,>,,False
Cioffi 等 - 2022 - A Flood Risk Management Model to Identify Optimal Defence Policies in Coastal Areas Considering Unce.pdf,Scenario2 8.5-4.5-2.6 D16,C8,Very high,,excluded,,no unambiguous carbon-budget value,False
Lefevre - 2024 - Integrated assessment models and input-output analysis bridging fields for advancing sustainability.pdf,SSP1-2.6,C3,~900 Gt CO2,900.0,unit-bound scalar,~,,False
Hanasaki 等 - 2013 - A global water scarcity assessment under Shared Socio-economic Pathways - Part 1 Water use.pdf,SSP1,C1,~500 Gt CO2,500.0,unit-bound scalar,~,,False
Hanasaki 等 - 2013 - A global water scarcity assessment under Shared Socio-economic Pathways - Part 1 Water use.pdf,SSP2,C4,325.2897925777136,325.2897925777136,field-only scalar,,,False
Hanasaki 等 - 2013 - A global water scarcity assessment under Shared Socio-economic Pathways - Part 1 Water use.pdf,SSP3,C6,5565.348400074735,5565.348400074735,field-only scalar,,,False
Hanasaki 等 - 2013 - A global water scarcity assessment under Shared Socio-economic Pathways - Part 1 Water use.pdf,SSP4,C5,926.934350590003,926.934350590003,field-only scalar,,,False
Hanasaki 等 - 2013 - A global water scarcity assessment under Shared Socio-economic Pathways - Part 1 Water use.pdf,SSP5,C8,325.3951167461587,325.3951167461587,field-only scalar,,,True
Zuo 等 - 2023 - Climate change and human activity impacts on future flood risk in the Pearl River Delta based on the.pdf,SSP1-RCP2.6,C1,~500-900 Gt CO2,700.0,unit-bound range midpoint,~,,False
Zuo 等 - 2023 - Climate change and human activity impacts on future flood risk in the Pearl River Delta based on the.pdf,SSP3-RCP6.0,C5,Not specified,,excluded,,no unambiguous carbon-budget value,False
Arora 等 - 2016 - Potential near-future carbon uptake overcomes losses from a large insect outbreak in British Columbi.pdf,RCP2.6,C1 (SSP1-2.6 equivalent),~900 Gt CO2,900.0,unit-bound scalar,~,,False
Awal 等 - 2018 - Assessing Potential Climate Change Impacts on Irrigation Requirements of Major Crops in the Brazos H.pdf,A2,C6,102.7723603383973,102.7723603383973,field-only scalar,,,True
Shi 等 - 2021 - A scenario- and spatial-downscaling-based land-use modeling framework to improve the projections of.pdf,SSP1,C3,942.4855433794125,942.4855433794125,field-only scalar,,,False
Shi 等 - 2021 - A scenario- and spatial-downscaling-based land-use modeling framework to improve the projections of.pdf,SSP2,C5,325.2897925777136,325.2897925777136,field-only scalar,,,True
Jonko 等 - 2013 - Climate Feedbacks in CCSM3 under Changing CO2 Forcing. Part II Variation of Climate Feed.pdf,2xCO2-1xCO2,C3,~900 Gt CO2,900.0,unit-bound scalar,~,,False
Li 等 - 2016 - Prediction CH4 Emissions from the Wetlands in the Sanjiang Plain of Northeastern China in.pdf,RCP2.6,C1 (Below 1.5°C),~500 Gt CO₂,500.0,unit-bound scalar,~,,False
Rafael Garcia-Cueto 等 - 2014 - Analysis and modeling of extreme temperatures in several cities in northwestern Mexico under climate.pdf,RCP4.5,SSP2-4.5 (RCP4.5 equivalent),N/A (RCP framework),,excluded,,explicitly missing/unspecified,False
Morgenstern 等 - 2014 - Direct and ozone-mediated forcing of the Southern Annular Mode by greenhouse gases.pdf,REF-C2,C6,4631.628201551354,4631.628201551354,field-only scalar,,,False
Feng 等 - 2024 - Effects of Environment Change Scenarios on the Potential Geographical Distribution of Cunninghami.pdf,RCP2.6—2050s,C1 (Below 1.5°C),~300-500 Gt CO₂ (from 2020),400.0,unit-bound range midpoint,~,,False
Hao 等 - 2023 - A cleaner snow future mitigates Northern Hemisphere snowpack loss from warming.pdf,SSP126,C1,Approximately 400-500 GtCO₂ from 2020,450.0,unit-bound range midpoint,,,False
"Koo和Park - 2025 - A Dark Future of Endangered Mountain Species, Parnassius bremeri, Under Climate Change.pdf",SSP1-2.6,C1,~900 Gt CO₂ from 2015-2100,900.0,unit-bound scalar,~,,False
"Koo和Park - 2025 - A Dark Future of Endangered Mountain Species, Parnassius bremeri, Under Climate Change.pdf",SSP2-4.5,C2,"N/A (defined only for 1.5 °C or 2 °C pathways, not for median 2.5–2.7 °C via SSP2-4.5)",,excluded,,explicitly missing/unspecified,False
Maity 等 - 2016 - Do CMIP5 models hint at a warmer and wetter India in the 21st century.pdf,RCP8.5,High GHG emissions (SSP5-8.5),~700 GtCO₂,700.0,unit-bound scalar,~,,False
Wang 等 - 2025 - Temperature and stagnation effects on ozone sensitivity to NOx and VOC an adjoint.pdf,Baseline,C7: limit warming to 4°C (>50%),4067.198904304981,4067.198904304981,field-only scalar,,,False
"Almutawa - 2022 - Date production in the Al-Hassa region, Saudi Arabia in the face of climate change.pdf",A2,C7,102.7723603383973,102.7723603383973,field-only scalar,,,True
"Almutawa - 2022 - Date production in the Al-Hassa region, Saudi Arabia in the face of climate change.pdf",B2,C5,835.4639342141137,835.4639342141137,field-only scalar,,,False
Smith 等 - 2022 - Attribution of multi-annual to decadal changes in the climate system The Large Ensemble Single Forc.pdf,SSP2-4.5,C4,1150,1150.0,field-only scalar,,,False
Schmidt和Zinkernagel - 2024 - Crop Coefficients and Irrigation Demand in Response to Climate-Change-Induced Alterations in Phenolo.pdf,RCP2.6,N/A (RCP2.6 is a pre-SSP scenario),"~600-700 Gt CO2 (from 2018, SSP1-2.6 equivalent)",650.0,unit-bound range midpoint,~,,False
Su 等 - 2025 - Integrating Bioactive Compound Variation and Habitat Suitability to Map the Quality Zoning of Cra.pdf,SSP126,C1,~300-500 Gt CO2 from 2020,400.0,unit-bound range midpoint,~,,False
Muangsri 等 - 2022 - Evaluating Capability of Green Stormwater Infrastructure on Large Properties toward Adaptive Flood M.pdf,RCP2.6,C1 (RCP equivalent),~400-500 Gt CO2 from 2020,450.0,unit-bound range midpoint,~,,False
Warren 等 - 2022 - Quantifying risks avoided by limiting global warming to 1.5 or 2 °C above pre-industrial levels.pdf,SSP2 Baseline,C3,4746.249416364161,4746.249416364161,field-only scalar,,,False
Warren 等 - 2022 - Quantifying risks avoided by limiting global warming to 1.5 or 2 °C above pre-industrial levels.pdf,2 °C Mitigation Scenario,C3,1700-1750 Gt CO₂,1725.0,unit-bound range midpoint,,,False
Warren 等 - 2022 - Quantifying risks avoided by limiting global warming to 1.5 or 2 °C above pre-industrial levels.pdf,1.5 °C Mitigation Scenario,C1,~500 Gt CO2,500.0,unit-bound scalar,~,,False
Baer - 2025 - Local berry plant abundance but not regional occupancy may decline under climate change predicting.pdf,SSP2-4.5,C5,625-800 Gt CO₂ from 2020 for 66 %,712.5,unit-bound range midpoint,,,False
Kamalova 等 - 2024 - Assessment of Changes in Agroclimatic Resources of the Republic of Bashkortostan (Russia) under the.pdf,RCP2.6,SSP1-2.6,~900 Gt CO2,900.0,unit-bound scalar,~,,False
McFarland 等 - 2015 - Impacts of rising air temperatures and emissions mitigation on electricity demand and supply in the.pdf,REF CS3,C5,4631.628201551354,4631.628201551354,field-only scalar,,,False
Batibeniz 等 - 2025 - Rapid climate action is needed comparing heat vs. COVID-19-related mortality.pdf,SSP5-8.5,C8,≈1150 GtCO₂ from 2020,1150.0,unit-bound scalar,≈,,False
Bai 等 - 2022 - Simulation of Wheat Response to Future Climate Change Based on Coupled Model Inter-Comparison Projec.pdf,SSP245,C3,850-1150 GtCO₂ from 2020 (50% probability),1000.0,unit-bound range midpoint,,,False
"Witkowski 等 - 2022 - Potential European Geographical Distribution of Gnathotrichus materiarius (Fitch, 1858) (Cole.pdf",SSP126,C1,~900 Gt CO2,900.0,unit-bound scalar,~,,False
Abatzoglou 等 - 2019 - Global Emergence of Anthropogenic Climate Change in Fire Weather Indices.pdf,2°C warming,C4,1793.871566014591,1793.871566014591,field-only scalar,,,False
"Mtilatila 等 - 2022 - Temporal evaluation and projections of meteorological droughts in the Greater Lake Malawi Basin, Sou.pdf",RCP4.5,C3 (Below 3°C),~3000 GtCO₂ (from 2020),3000.0,unit-bound scalar,~,,False
Toth 等 - 2000 - Climate impact response functions An introduction.pdf,2°C-equivalent climate,C5,1793.871566014591,1793.871566014591,field-only scalar,,,False
Arnell 等 - 2021 - Indicators of climate risk in the UK at different levels of warming.pdf,2°C warming,C4,1793.871566014591,1793.871566014591,field-only scalar,,,False
Gaythorpe 等 - 2020 - The effect of climate change on yellow fever disease burden in Africa.pdf,RCP2.6,C3 (RCP equivalent),~900 Gt CO2,900.0,unit-bound scalar,~,,False
Mota 等 - 2025 - Climate-driven distribution shifts of invasive earthworm species in a river basin affected by mining.pdf,SSP245,C3a,2744.812344177873,2744.812344177873,field-only scalar,,,False
Halder和Saha - 2021 - Future Projection of Extreme Rainfall for Flood Management due to Climate Change in an Urban Area.pdf,SSP119,C1,500,500.0,field-only scalar,,,False
Halder和Saha - 2021 - Future Projection of Extreme Rainfall for Flood Management due to Climate Change in an Urban Area.pdf,SSP126,C1,500 GtCO₂ or less,500.0,unit-bound scalar,,,False
Mellin 等 - 2024 - Cumulative risk of future bleaching for the world's coral reefs.pdf,SSP2-4.5,C3,2744.812344177873,2744.812344177873,field-only scalar,,,False
Mellin 等 - 2024 - Cumulative risk of future bleaching for the world's coral reefs.pdf,SSP5-8.5,C8,0 GtCO₂,,excluded,,no unambiguous carbon-budget value,False
Liu 等 - 2025 - Quantifying Uncertainty in Projections of Desertification in Central Asia Using Bayesian Networks.pdf,SSP245,C6,850,850.0,field-only scalar,,,False
Diamond 等 - 2024 - CMIP6 Models Rarely Simulate Antarctic Winter Sea-Ice Anomalies as Large as Observed in 2023.pdf,ssp126,C1,~500 Gt CO2,500.0,unit-bound scalar,~,,False
Diamond 等 - 2024 - CMIP6 Models Rarely Simulate Antarctic Winter Sea-Ice Anomalies as Large as Observed in 2023.pdf,ssp245,C3,2744.812344177873,2744.812344177873,field-only scalar,,,False
Messaoudi 等 - 2025 - Impact of climate change on water resources in the wadi guir watershed adaptation strategies for su.pdf,RCP 8.5,High (SSP5-8.5),N/A (exceeds remaining budget for 2°C),,excluded,,explicitly missing/unspecified,False
Yun 等 - 2021 - Can reservoir regulation mitigate future climate change induced hydrological extremes in the Lancang.pdf,SSP1-RCP2.6,C3 (RCP equivalent),~900 Gt CO2,900.0,unit-bound scalar,~,,False
Cnossen - 2022 - A Realistic Projection of Climate Change in the Upper Atmosphere Into the 21st Century.pdf,SSP2-4.5,C5,2744.812344177873,2744.812344177873,field-only scalar,,,False
Mazziotta 等 - 2024 - Application of the Global Uncertainty and Sensitivity Analysis to assess the importance of deadwood.pdf,BAU,C7: limit warming to 4°C (>50%),4421.106912693341,4421.106912693341,field-only scalar,,,False
Viola 等 - 2013 - Olive yield and future climate forcings.pdf,2010,C3: limit warming to 2°C (>67%),701.0682410185816,701.0682410185816,field-only scalar,,,False
Shu 等 - 2022 - Arctic Ocean Amplification in a warming climate in CMIP6 models.pdf,SSP585,C8,1150-1350 GtCO₂,1250.0,unit-bound range midpoint,,,False
"Yilmaz 等 - 2024 - The missing part of the past, current, and future distribution model of Quercus ilex L. the eastern.pdf",SSP245,C5,2744.812344177873,2744.812344177873,field-only scalar,,,False
Tittensor 等 - 2021 - Next-generation ensemble projections reveal higher climate risks for marine ecosystems.pdf,SSP1-2.6,C3,~500 Gt CO2 from 2020 for a 66 % chance of < 1.8 °C,500.0,unit-bound scalar,~,,False
Mintram 等 - 2024 - Predicting population-level impacts of projected climate heating on a temperate freshwater fish.pdf,+2.7 °C warming,C5,2744.812344177873,2744.812344177873,field-only scalar,,,False
Wang 等 - 2023 - The possible impact of human activity and climate change on the potential suitable habitats of Taxus.pdf,SSP126,C1,~500 Gt CO₂ from 2020,500.0,unit-bound scalar,~,,False
Wang 等 - 2023 - The possible impact of human activity and climate change on the potential suitable habitats of Taxus.pdf,SSP245,C2,2744.812344177873,2744.812344177873,field-only scalar,,,True
Wang 等 - 2023 - The possible impact of human activity and climate change on the potential suitable habitats of Taxus.pdf,SSP370,C8,1150 GtCO₂ from 2020 for 50% likelihood of 3°C warming,1150.0,unit-bound scalar,,,False
Aviles 等 - 2020 - Sensitivity exploration of water balance in scenarios of future changes a case study in an Andean r.pdf,RCP4.5,C3 (Below 3°C) - Corresponds to SSP2-4.5 in AR6 terminology,1200-1400 GtCO₂ from 2020,1300.0,unit-bound range midpoint,,,False
Aviles 等 - 2020 - Sensitivity exploration of water balance in scenarios of future changes a case study in an Andean r.pdf,RCP8.5,C8 (High GHG emissions),High (>1000 GtCO₂ from 2020),1000.0,unit-bound scalar,>,,False
Maury 等 - 2017 - From shared socio-economic pathways (SSPs) to oceanic system pathways (OSPs) Building policy-releva.pdf,"OSP1 ""sustainability first""",C1,~500 Gt CO2,500.0,unit-bound scalar,~,,False
Maury 等 - 2017 - From shared socio-economic pathways (SSPs) to oceanic system pathways (OSPs) Building policy-releva.pdf,"OSP2 ""conventional trends""",C3,1793.871566014591,1793.871566014591,field-only scalar,,,False
Elleathy 等 - 2024 - Climate-induced deterioration prediction for bridges an evolutionary computing-based framework.pdf,SSP1-2.6,C3,~400-500 Gt CO₂ (from 2020),450.0,unit-bound range midpoint,~,,False
Elleathy 等 - 2024 - Climate-induced deterioration prediction for bridges an evolutionary computing-based framework.pdf,SSP2-4.5,Intermediate,2744.812344177873,2744.812344177873,field-only scalar,,,False
Elleathy 等 - 2024 - Climate-induced deterioration prediction for bridges an evolutionary computing-based framework.pdf,SSP5-8.5,C8,~1150 GtCO2 from 2020 (for 50% likelihood of 4°C),1150.0,unit-bound scalar,~,,False
Urban - 2024 - Climate change extinctions.pdf,SSP1-1.9,C1,~500 Gt CO2,500.0,unit-bound scalar,~,,False
"Zhang 等 - 2017 - Hydrological responses to climatic changes in the Yellow River basin, China Climatic elasticity and.pdf",RCP2.6,C1 (Below 1.5°C),~300-500 Gt CO2 from 2020,400.0,unit-bound range midpoint,~,,False
"Zhang 等 - 2017 - Hydrological responses to climatic changes in the Yellow River basin, China Climatic elasticity and.pdf",RCP8.5,C8 (SSP5-8.5),N/A (exceeds budget for 4°C),,excluded,,explicitly missing/unspecified,False
Yu 等 - 2014 - Scenarios of building energy demand for China with a detailed regional representation.pdf,A2,C7,102.7723603383973,102.7723603383973,field-only scalar,,,True
Xiong 等 - 2023 - The current and future seasonal geographic distribution of largehead hairtail Trichiurus japonicu.pdf,SSP126,C1,~900 Gt CO2,900.0,unit-bound scalar,~,,False
Bourquin 等 - 2025 - Predicting climate-change impacts on the global glacier-fed stream microbiome.pdf,SSP3,C4,5565.348400074735,5565.348400074735,field-only scalar,,,False
Castellanos-Acuna 等 - 2018 - Climate-based seed zones for Mexico guiding reforestation under observed and projected climate chan.pdf,RCP4.5,C5 (RCP equivalent),~1400 GtCO₂ from 2020,1400.0,unit-bound scalar,~,,False
Li 等 - 2022 - Modeling the Effects of Climate Change and Land UseLand Cover Change on Sediment Yield in a Large R.pdf,RCP2.6,C1 (Low emissions),~400 Gt CO2,400.0,unit-bound scalar,~,,False
Yanagihara 等 - 2022 - Estimation of the effect of future changes in precipitation in Japan on pluvial flood damage and the.pdf,RCP2.6,C3 (~1.8°C),~900 Gt CO2,900.0,unit-bound scalar,~,,False
van der Zwaan 等 - 2019 - Water Stress Implications of Energy Scenarios for the Middle East An Assessment of Risks and Uncert.pdf,Baseline scenario,C7: limit warming to 4°C (>50%),4067.198904304981,4067.198904304981,field-only scalar,,,False
van der Zwaan 等 - 2019 - Water Stress Implications of Energy Scenarios for the Middle East An Assessment of Risks and Uncert.pdf,2°C climate policy scenario,C4,1793.87 Gt CO₂ (cumulative 2010-2050),1793.87,unit-bound scalar,,,False
Berggren 等 - 2024 - Climate Impact on Dissolved Organic Carbon Composition in a North-Temperate Peatland and Recipient S.pdf,RCP2.6,RCP,~900 Gt CO2,900.0,unit-bound scalar,~,,False
Guerra 等 - 2014 - Predicting the variation in Echinogammarus marinus at its southernmost limits under global wa.pdf,Temperature increase of 2°C,C5,1793.871566014591,1793.871566014591,field-only scalar,,,False
Bello-Rodriguez 等 - 2021 - Forecast increase in invasive rabbit spread into ecosystems of an oceanic island (Tenerife) under cl.pdf,Future scenario +2°C,C5: limit warming to 2.5°C (>50%),1793.871566014591,1793.871566014591,field-only scalar,,,False
Addor 等 - 2014 - Robust changes and sources of uncertainty in the projected hydrological regimes of Swiss catchments.pdf,RCP2.6,C1 (Likely limit warming to 1.5°C),~500 Gt CO₂,500.0,unit-bound scalar,~,,False
Wu 等 - 2017 - Present-day and future contribution of climate and fires to vegetation composition in the boreal for.pdf,Temperature +1.5°C,C3,271.9704635822378,271.9704635822378,field-only scalar,,,False
Royer 等 - 2007 - Climate sensitivity constrained by CO2 concentrations over the past 420 million years.pdf,DT(23) = 1.5 ºC,C1: limit warming to 1.5°C (>50%) with no or limited overshoot,271.9704635822378,271.9704635822378,field-only scalar,,,False
Ojo和Baiyegunhi - 2021 - Climate change perception and its impact on net farm income of smallholder rice farmers in South-Wes.pdf,2°C increase in temperature and 5% reduction in rainfall,C5: limit warming to 2.5°C (>50%),1793.871566014591,1793.871566014591,field-only scalar,,,False
Bein 等 - 2020 - New challenges for intensive care medicine due to climate change and global warming.pdf,Mildere Szenario (weitere Erderwärmung bis zu 2°C),C4,1793.871566014591,1793.871566014591,field-only scalar,,,False
Zhao 等 - 2024 - Geographical Distribution of Main Subtropical Evergreen Quercus Trees in Southwest China Unde.pdf,SSPs126,C1,~1150 GtCO₂ from 2020,1150.0,unit-bound scalar,~,,False
Zhao 等 - 2024 - Geographical Distribution of Main Subtropical Evergreen Quercus Trees in Southwest China Unde.pdf,SSPs585,C8,>2000 GtCO2 from 2020,2000.0,unit-bound scalar,>,,False
Fragkos 等 - 2024 - Exploring the Impacts of Lifestyle Changes in the Global Energy Transition Insights from a Model-Ba.pdf,Base,C7: limit warming to 4°C (>50%),2994.686676976194,2994.686676976194,field-only scalar,,,False
Fragkos 等 - 2024 - Exploring the Impacts of Lifestyle Changes in the Global Energy Transition Insights from a Model-Ba.pdf,Decarb,C1,650 Gt CO2 (2020-2100),650.0,unit-bound scalar,,,False
Fragkos 等 - 2024 - Exploring the Impacts of Lifestyle Changes in the Global Energy Transition Insights from a Model-Ba.pdf,Decarb_LC,C1,~500 Gt CO2,500.0,unit-bound scalar,~,,False
Li 等 - 2024 - Predicting Gross Primary Productivity under Future Climate Change for the Tibetan Plateau Based on C.pdf,SSP1-2.6,C3,~900 Gt CO2,900.0,unit-bound scalar,~,,False
Li 等 - 2024 - Predicting Gross Primary Productivity under Future Climate Change for the Tibetan Plateau Based on C.pdf,SSP2-4.5,C5,2000-2500 GtCO₂,2250.0,unit-bound range midpoint,,,False
Sun 等 - 2022 - Multi-scenario urban flood risk assessment by integrating future land use change models and hydrodyn.pdf,RCP2.6,N/A (RCP2.6 is not an SSP scenario; AR6 categories apply to SSP-based scenarios.),~900 Gt CO2,900.0,unit-bound scalar,~,,False
Zhou 等 - 2023 - Assessing the Burden of Suicide Death Associated With Nonoptimum Temperature in a Changing Climate.pdf,SSP126,C4,942.4855433794125,942.4855433794125,field-only scalar,,,False
Zhou 等 - 2023 - Assessing the Burden of Suicide Death Associated With Nonoptimum Temperature in a Changing Climate.pdf,SSP245,C2,2744.812344177873,2744.812344177873,field-only scalar,,,True
Xiong 等 - 2025 - The Projected Effects of Climate Change on the Potential Distribution of Planococcus minor Ba.pdf,SSP1-2.6,C3,~900 Gt CO2,900.0,unit-bound scalar,~,,False
Li 等 - 2023 - Predicted increased distribution of non-native red drum in China's coastal waters under climate chan.pdf,RCP 26,Low GHG emissions,~900 Gt CO2,900.0,unit-bound scalar,~,,False
Min 等 - 2013 - Multimodel Detection and Attribution of Extreme Temperature Changes.pdf,ALL,C5,212.8537743020109,212.8537743020109,field-only scalar,,,True
Liu 等 - 2022 - Climate Change Impacts on Crop Yield of Winter Wheat (Triticum aestivum) and Maize (Zea ma.pdf,SSP1-1.9,C1,~500 Gt CO2,500.0,unit-bound scalar,~,,False
Li 等 - 2022 - Methane Emissions from Wetlands in China and Their Climate Feedbacks in the 21st Century.pdf,RCP2.6,RCP2.6,~900 Gt CO2,900.0,unit-bound scalar,~,,False
Lu 等 - 2025 - Simulation and Prediction of Vegetation Dynamic Change in Three Provinces of Northeast China from 20.pdf,SSP245,C2,1150 GtCO₂,1150.0,unit-bound scalar,,,False
Lee和Kwon - 2008 - Summer Precipitation Changes in Northeast Asia from the AOGCM Global Warming Experiments.pdf,A2,C5,102.7723603383973,102.7723603383973,field-only scalar,,,True
Lian 等 - 2024 - Spatio-Temporal Changes and Habitats of Rare and Endangered Species in Yunnan Province Based on MaxE.pdf,RCP2.6,C1,~500 Gt CO2,500.0,unit-bound scalar,~,,False
"Rail 等 - 2019 - Impact of climate and population change on temperature-related mortality burden in Bavaria, Germany.pdf",SSP2-RCP2.6,C3 (RCP equivalent),~900 Gt CO2,900.0,unit-bound scalar,~,,False
Creel 等 - 2024 - Glacial isostatic adjustment reduces past and future Arctic subsea permafrost.pdf,SSP1–2.6,C3,~900 Gt CO2,900.0,unit-bound scalar,~,,False
Solarz 等 - 2023 - Climate change as a factor enhancing the invasiveness of alien species.pdf,Climate change scenario (1-2°C increase by 2046-2065),C4,1793.871566014591,1793.871566014591,field-only scalar,,,False
Ju 等 - 2007 - Future carbon balance of China's forests under climate change and increasing CO2.pdf,CGCM2-A2 coupled,C5,1793.871566014591,1793.871566014591,field-only scalar,,,False
Ju 等 - 2007 - Future carbon balance of China's forests under climate change and increasing CO2.pdf,CGCM2-B2 coupled,C5,1793.871566014591,1793.871566014591,field-only scalar,,,False
Whitehead 等 - 2009 - Potential impacts of climate change on water quality and ecology in six UK rivers.pdf,A2,C5,102.7723603383973,102.7723603383973,field-only scalar,,,True
Jafino 等 - 2021 - Focusing on differences across scenarios could lead to bad adaptation policy advice.pdf,Baseline trends + policy,C7: limit warming to 4°C (>50%),4067.198904304981,4067.198904304981,field-only scalar,,,False
Mulverhill 等 - 2025 - Projected Future Changes in Burn Probability in Canada's Forests and Communities Under Different Cli.pdf,SSP1-2.6,C3,~900 Gt CO2,900.0,unit-bound scalar,~,,False
Mulverhill 等 - 2025 - Projected Future Changes in Burn Probability in Canada's Forests and Communities Under Different Cli.pdf,SSP2-4.5,C4,2744.812344177873,2744.812344177873,field-only scalar,,,False
Sun和Shi - 2020 - Global Spatio-Temporal Assessment of Changes in Multiple Ecosystem Services Under Four IPCC SRES Lan.pdf,B1,C5,652.4725285661066,652.4725285661066,field-only scalar,,,False
Lopes 等 - 2023 - Predicting the range expansion of invasive alien grasses under climate change in the Neotropics.pdf,SSP1-2.6,C3,942.4855433794125,942.4855433794125,field-only scalar,,,False
Heyder 等 - 2011 - Risk of severe climate change impact on the terrestrial biosphere.pdf,A2,C5,102.7723603383973,102.7723603383973,field-only scalar,,,True
Heyder 等 - 2011 - Risk of severe climate change impact on the terrestrial biosphere.pdf,B1,C5,652.4725285661066,652.4725285661066,field-only scalar,,,False
O'Neill 等 - 2010 - Global demographic trends and future carbon emissions.pdf,A2,C7,102.7723603383973,102.7723603383973,field-only scalar,,,True
O'Neill 等 - 2010 - Global demographic trends and future carbon emissions.pdf,B2,C5,835.4639342141137,835.4639342141137,field-only scalar,,,False
Qian 等 - 2024 - Rapid attribution of the record-breaking heatwave event in North China in June 2023 and future risks.pdf,SSP1-1.9,C1,~500 Gt CO2,500.0,unit-bound scalar,~,,False
Qian 等 - 2024 - Rapid attribution of the record-breaking heatwave event in North China in June 2023 and future risks.pdf,SSP2-4.5,C3,2744.812344177873,2744.812344177873,field-only scalar,,,False
Wu ShaoHong 等 - 2007 - Ecosystem vulnerability of China under B2 climate scenario in the 21st century.pdf,B2,C5,835.4639342141137,835.4639342141137,field-only scalar,,,False
Fonseca和Schlueter - 2020 - Daily enthalpy gradients and the effects of climate change on the thermal energy demand of buildings.pdf,A2,C5,102.7723603383973,102.7723603383973,field-only scalar,,,True
Fonseca和Schlueter - 2020 - Daily enthalpy gradients and the effects of climate change on the thermal energy demand of buildings.pdf,B1,C3,652.4725285661066,652.4725285661066,field-only scalar,,,False
Liu 等 - 2011 - Climate change impact on water resource extremes in a headwater region of the Tarim basin in China.pdf,A2,C6,102.7723603383973,102.7723603383973,field-only scalar,,,True
Woodward 等 - 2010 - CHANGING CLIMATE AND THE IRISH LANDSCAPE.pdf,A1,C8,216.8368249438647,216.8368249438647,field-only scalar,,,True
Woodward 等 - 2010 - CHANGING CLIMATE AND THE IRISH LANDSCAPE.pdf,A2,C8,102.7723603383973,102.7723603383973,field-only scalar,,,True
Woodward 等 - 2010 - CHANGING CLIMATE AND THE IRISH LANDSCAPE.pdf,B1,C8,652.4725285661066,652.4725285661066,field-only scalar,,,False
Woodward 等 - 2010 - CHANGING CLIMATE AND THE IRISH LANDSCAPE.pdf,B2,C8,835.4639342141137,835.4639342141137,field-only scalar,,,False
Lai 等 - 2023 - Root zone soil moisture in over 25 % of global land permanently beyond pre-industrial variability as.pdf,SSP1-2.6,C3,~900 Gt CO2,900.0,unit-bound scalar,~,,False
Zhang 等 - 2018 - Standardized Precipitation Evapotranspiration Index is highly correlated with total water storage ov.pdf,RCP2.6,C1,~400 Gt CO2,400.0,unit-bound scalar,~,,False
"Chen 等 - 2018 - Integrated inexact energy systems planning under climate change A case study of Yukon Territory, Ca.pdf",Business-as-Usual (BAU) for Yukon Territory,C7: limit warming to 4°C (>50%),4421.106912693341,4421.106912693341,field-only scalar,,,False
Liu 等 - 2021 - Assessing Soil Organic Carbon Stock Dynamics under Future Climate Change Scenarios in the Middle Qil.pdf,RCP2.6,C1 (RCP equivalent),~500 Gt CO2 (from 2020 for 1.5°C with 50% probability),500.0,unit-bound scalar,~,,False
Singh和Kennedy - 2015 - Estimating future energy use and CO2 emissions of the world's cities.pdf,A2,C4,102.7723603383973,102.7723603383973,field-only scalar,,,False
Ma 等 - 2022 - How Does the Water Conservation Function of Hulunbuir Forest-Steppe Ecotone Respond to Climate Chang.pdf,S1,C3: limit warming to 2°C (>67%),893.060956844902,893.060956844902,field-only scalar,,,False
Ma 等 - 2022 - How Does the Water Conservation Function of Hulunbuir Forest-Steppe Ecotone Respond to Climate Chang.pdf,S2,C4: limit warming to 2°C (>50%),1447.733517816087,1447.733517816087,field-only scalar,,,False
Sunde 等 - 2017 - Integrating downscaled CMIP5 data with a physically based hydrologic model to estimate potential cli.pdf,RCP2.6,C3 (RCP equivalent),900 Gt CO2,900.0,unit-bound scalar,,,False
Kam 等 - 2021 - Global warming and population change both heighten future risk of human displacement due to river fl.pdf,SSP1-2.6,C1,~900 Gt CO2,900.0,unit-bound scalar,~,,False
Mayer 等 - 2024 - Impact of climate change on snow avalanche activity in the Swiss Alps.pdf,RCP2.6,C1 (Below 1.5°C),~900 Gt CO2,900.0,unit-bound scalar,~,,False
Zhou 等 - 2025 - Projected Temperature and Precipitation Changes in Central Asia From High-Resolution WRF Simulation.pdf,SSP1-2.6,C1,~500 Gt CO2 from 2020 for 1.5°C (50%),500.0,unit-bound scalar,~,,False
MacMartin 等 - 2015 - On solar geoengineering and climate uncertainty.pdf,G1,C2: return warming to 1.5°C (>50%) after a high overshoot,602.1546766650441,602.1546766650441,field-only scalar,,,False
"Brito-Morales 等 - 2022 - Towards climate-smart, three-dimensional protected areas for biodiversity conservation in the high s.pdf",SSP1-2.6,C1,~500 Gt CO2 from 2020,500.0,unit-bound scalar,~,,False
"Brito-Morales 等 - 2022 - Towards climate-smart, three-dimensional protected areas for biodiversity conservation in the high s.pdf",SSP2-4.5,C5,2744.812344177873,2744.812344177873,field-only scalar,,,False
Sun 等 - 2023 - Spatiotemporal Projections of Precipitation in the Lancang-Mekong River Basin Based on CMIP6 Models.pdf,SSP126,C3,942.4855433794125,942.4855433794125,field-only scalar,,,False
Sun 等 - 2023 - Spatiotemporal Projections of Precipitation in the Lancang-Mekong River Basin Based on CMIP6 Models.pdf,SSP245,C3,2744.812344177873,2744.812344177873,field-only scalar,,,False
Li 等 - 2025 - Should we think of observationally constrained multidecade climate projections as predictions.pdf,SSP1-2.6,C1,500.0,500.0,field-only scalar,,,False
Flower 等 - 2017 - Visioning the Future Scenarios Modeling of the Florida Coastal Everglades.pdf,Baseline,C7: limit warming to 4°C (>50%),4067.198904304981,4067.198904304981,field-only scalar,,,False
Luchtenbelt 等 - 2025 - Quantifying food security and mitigation risks consequential to climate change impacts on crop yield.pdf,SSP2-RCP2.6 (composite),C3 (RCP equivalent),~900 Gt CO2,900.0,unit-bound scalar,~,,False
Sunde 等 - 2018 - An integrated modeling approach for estimating hydrologic responses to future urbanization and clima.pdf,Δ CC,C5,440.0556818855494,440.0556818855494,field-only scalar,,,True
Sunde 等 - 2018 - An integrated modeling approach for estimating hydrologic responses to future urbanization and clima.pdf,Mid-Century Urbanization with Current Climate (Δ U),C7: limit warming to 4°C (>50%),3781.291962942676,3781.291962942676,field-only scalar,,,False
Sunde 等 - 2018 - An integrated modeling approach for estimating hydrologic responses to future urbanization and clima.pdf,Δ UC,C3: limit warming to 2°C (>67%),655.1227362162149,655.1227362162149,field-only scalar,,,False
Swingedouw 等 - 2021 - On the risk of abrupt changes in the North Atlantic subpolar gyre in CMIP6 models.pdf,ssp126,C3,~900 Gt CO2,900.0,unit-bound scalar,~,,False
Swingedouw 等 - 2021 - On the risk of abrupt changes in the North Atlantic subpolar gyre in CMIP6 models.pdf,ssp245,C5,1200 GtCO₂ (model-specific),1200.0,unit-bound scalar,,,False
Williams 等 - 2010 - Using Tree Rings to Predict the Response of Tree Growth to Climate Change in the Continental United.pdf,A2,C7,102.7723603383973,102.7723603383973,field-only scalar,,,True
Murayama和Tan - 2025 - Statistical downscaling method to determine the Antamok Watershed hydrological response to climate c.pdf,SSP2-4.5,C3,2744.812344177873,2744.812344177873,field-only scalar,,,False
Murayama和Tan - 2025 - Statistical downscaling method to determine the Antamok Watershed hydrological response to climate c.pdf,SSP1-2.6,C1,"500 GtCO₂ (post-2020, for 1.5°C with 50% probability)",500.0,unit-bound scalar,,,False
"Strzepek 等 - 2015 - Benefits of greenhouse gas mitigation on the supply, management, and use of water resources in the U.pdf",REF,C7: limit warming to 4°C (>50%),4631.628201551354,4631.628201551354,field-only scalar,,,False
Siqueira-Silva 等 - 2025 - Von Humboldt's Nightmare Effects of Climate Change on the Plant Biodiversity of Mount Chimborazo (T.pdf,SSP2-4.5,C3,2744.81 GtCO₂,2744.81,unit-bound scalar,,,False
Soboll 等 - 2011 - Integrated regional modelling and scenario development to evaluate future water demand under global.pdf,Baseline,C7: limit warming to 4°C (>50%),4067.198904304981,4067.198904304981,field-only scalar,,,False
Song Yanling和Zhao Yanxia - 2012 - Effects of drought on winter wheat yield in north China during 2012-2100.pdf,A2,C5,102.7723603383973,102.7723603383973,field-only scalar,,,True
Spittlehouse和Dymond - 2022 - Interaction of elevation and climate change on fire weather risk.pdf,CanESM85,C7,1150-1400 GtCO₂ (from 2020),1275.0,unit-bound range midpoint,,,False
Smith 等 - 2024 - Future malaria environmental suitability in Africa is sensitive to hydrology.pdf,RCP 2.6,C3 (RCP equivalent),~900 Gt CO2,900.0,unit-bound scalar,~,,False
Xu 等 - 2019 - Future increases in irrigation water requirement challenge the water-food nexus in the northeast far.pdf,RCP2.6,C1 (RCP equivalent),~900 Gt CO2,900.0,unit-bound scalar,~,,False
Miller 等 - 2024 - Environmental variation predicts patterns of genomic variation in an African tropical forest frog.pdf,RCP2.6,C3 (RCP equivalent),~900 Gt CO2,900.0,unit-bound scalar,~,,False
Miller 等 - 2024 - Environmental variation predicts patterns of genomic variation in an African tropical forest frog.pdf,RCP8.5,C8 (RCP equivalent),6.5 k Gt CO₂ cumulative for 1850-2100,6500.0,unit-bound scalar,,,False
Morrison 等 - 2024 - Projected changes to Arctic shipping routes after stratospheric aerosol deployment in the ARISE-SAI.pdf,SSP2-4.5,C3,1200 GtCO2,1200.0,unit-bound scalar,,,False
Lochhead 等 - 2019 - Examining the vulnerability of localized reforestation strategies to climate change at a macroscale.pdf,RCP8.5 with 30% planting effort,C8a (High GHG emissions),Exceeded,,excluded,,no unambiguous carbon-budget value,False
Niittynen 等 - 2018 - Snow cover is a neglected driver of Arctic biodiversity loss.pdf,RCP2.6,C3 (RCP equivalent),~900 Gt CO2,900.0,unit-bound scalar,~,,False
Qin 等 - 2023 - Global assessment of the carbon-water tradeoff of dry cooling for thermal power generation.pdf,RCP8.5,SSP5-8.5 (very-high-emissions scenario),>7000 GtCO₂ from pre-industrial to 2100,7000.0,unit-bound scalar,>,,False
Zhang 等 - 2020 - Impacts of climate and planting structure changes on watershed runoff and nitrogen and phosphorus lo.pdf,B1,C5,652.4725285661066,652.4725285661066,field-only scalar,,,False
Swain 等 - 2020 - Increased Flood Exposure Due to Climate Change and Population Growth in the United States.pdf,RCP8.5 2050–2079,C6 (SSP5-8.5),Exceeded (>1150 GtCO₂ from 2020),1150.0,unit-bound scalar,>,,False
Panda 等 - 2018 - Assessing distributions of two invasive species of contrasting habits in future climate.pdf,A2,C6,102.7723603383973,102.7723603383973,field-only scalar,,,True
Charlton-Perez 等 - 2010 - The potential to narrow uncertainty in projections of stratospheric ozone over the 21st century.pdf,REF-B2,C5,4631.628201551354,4631.628201551354,field-only scalar,,,False
Charlton-Perez 等 - 2010 - The potential to narrow uncertainty in projections of stratospheric ozone over the 21st century.pdf,SCN-GHG-RCP2.6,C3 (RCP equivalent),~900 Gt CO2,900.0,unit-bound scalar,~,,False
Soliani 等 - 2024 - Predicting the distribution of plant species from southern South America are the hotspots of geneti.pdf,SSP126,C1,~500 Gt CO2 from 2020,500.0,unit-bound scalar,~,,False
Lockwood 等 - 2024 - Socioeconomic distributional impacts of evaluating flood mitigation activities using equity-weighted.pdf,SSP2-4.5,C2,1150,1150.0,field-only scalar,,,False
Maury 等 - 2025 - The Ocean System Pathways (OSPs) A New Scenario and Simulation Framework to Investigate the Future.pdf,OSP1,C3,~900 Gt CO2,900.0,unit-bound scalar,~,,False
Maury 等 - 2025 - The Ocean System Pathways (OSPs) A New Scenario and Simulation Framework to Investigate the Future.pdf,OSP2,Not applicable,Not applicable,,excluded,,no unambiguous carbon-budget value,False
"Yan 等 - 2016 - Streamflow response to future climate and land use changes in Xinjiang basin, China.pdf",RCP 2.6,C1 (SSP1-2.6 equivalent),~900 Gt CO2,900.0,unit-bound scalar,~,,False
Su 等 - 2023 - Improved Understanding of Trade-Offs and Synergies in Ecosystem Services via Fine Land-Use Classific.pdf,SSP1-2.6-EP,C1,~400-900 Gt CO2 from 2020 (varies),650.0,unit-bound range midpoint,~,,False
Su 等 - 2023 - Improved Understanding of Trade-Offs and Synergies in Ecosystem Services via Fine Land-Use Classific.pdf,SSP2-4.5-ND,C3a,2744.812344177873,2744.812344177873,field-only scalar,,,False
Williams 等 - 2018 - The Lancet Countdown on health benefits from the UK Climate Change Act a modelling study for.pdf,Baseline,C7: limit warming to 4°C (>50%),4067.198904304981,4067.198904304981,field-only scalar,,,False
Wu 等 - 2014 - Impact of Climate Change on Reservoir Flood Control in the Upstream Area of the Beijiang River Basin.pdf,RCP2.6,C1,~500 Gt CO2 from 2020,500.0,unit-bound scalar,~,,False
Xu 等 - 2019 - Regional Impacts of Climate and Land Cover on Ecosystem Water Retention Services in the Upper Yangtz.pdf,Baseline Scenario for Water Retention Assessment in the Upper Yangtze River Basin,C3: limit warming to 2°C (>67%),893.060956844902,893.060956844902,field-only scalar,,,False
Xu 等 - 2019 - Regional Impacts of Climate and Land Cover on Ecosystem Water Retention Services in the Upper Yangtz.pdf,S2,C4: limit warming to 2°C (>50%),1447.733517816087,1447.733517816087,field-only scalar,,,False
Nikas 等 - 2021 - Where is the EU headed given its current climate policy A stakeholder-driven model inter-comparison.pdf,Current Policies,C7: limit warming to 4°C (>50%),4182.783765496274,4182.783765496274,field-only scalar,,,False
"Zhou 等 - 2025 - Incorporating Climate Spatial Heterogeneity, Rarity, and Temporal Stability to Identify Optimal Clim.pdf",CHIS under SSP126,C3,~900 Gt CO2,900.0,unit-bound scalar,~,,False
"Zhou 等 - 2025 - Incorporating Climate Spatial Heterogeneity, Rarity, and Temporal Stability to Identify Optimal Clim.pdf",CHIRS under SSP585,C8,Exhausted by ~2030-2040 from 2020,,excluded,,no unambiguous carbon-budget value,False
Sultan 等 - 2023 - Less negative impacts of climate change on crop yields in West Africa in the new CMIP6 climate simul.pdf,RCP4.5/SSP245,C2,2744.812344 Gt CO₂,2744.812344,unit-bound scalar,,,True
Sultan 等 - 2023 - Less negative impacts of climate change on crop yields in West Africa in the new CMIP6 climate simul.pdf,RCP2.6/SSP126,C3,~900 Gt CO2,900.0,unit-bound scalar,~,,False
Kyprioti 等 - 2021 - Is the current Mediterranean network of marine protected areas resilient to climate change.pdf,RCP8.5,SSP5-8.5,Very high (exceeds 5000 GtCO₂ cumulative by 2100),5000.0,unit-bound scalar,,,False
Vogt-Vincent 等 - 2025 - Anthropogenic climate change will likely outpace coral range expansion.pdf,SSP1-2.6,C1,~900 Gt CO2,900.0,unit-bound scalar,~,,False
Vogt-Vincent 等 - 2025 - Anthropogenic climate change will likely outpace coral range expansion.pdf,SSP2-4.5,C2,2744.812344177873,2744.812344177873,field-only scalar,,,True
Leda 等 - 2025 - Climate Change Impacts on Rainfall Variability and Adaptive Reservoir Operation in a Multi-Reservoir.pdf,SSP1-2.6,C3,~900 Gt CO2,900.0,unit-bound scalar,~,,False
Leda 等 - 2025 - Climate Change Impacts on Rainfall Variability and Adaptive Reservoir Operation in a Multi-Reservoir.pdf,SSP2-4.5,C3,2744.812344177873,2744.812344177873,field-only scalar,,,False
Kwiatkowski 等 - 2023 - Modified future diurnal variability of the global surface ocean CO2 system.pdf,SSP1-2.6,C1,500.0,500.0,field-only scalar,,,False
Nong 等 - 2019 - Growth of low emission-intensive energy production and energy impacts in Vietnam under the new regul.pdf,Increased tax on petroleum products by 33.33%,C3: limit warming to 2°C (>67%),893.060956844902,893.060956844902,field-only scalar,,,False
Nong 等 - 2019 - Growth of low emission-intensive energy production and energy impacts in Vietnam under the new regul.pdf,Increased Tax on Coal in Vietnam,C4: limit warming to 2°C (>50%),1447.733517816087,1447.733517816087,field-only scalar,,,False
Luo 等 - 2020 - Relative Importance of Land Use and Climate Change on Hydrology in Agricultural Watershed of Souther.pdf,S1,C3: limit warming to 2°C (>67%),893.060956844902,893.060956844902,field-only scalar,,,False
Luo 等 - 2020 - Relative Importance of Land Use and Climate Change on Hydrology in Agricultural Watershed of Souther.pdf,S2,C4: limit warming to 2°C (>50%),1447.733517816087,1447.733517816087,field-only scalar,,,False
Modi 等 - 2025 - Sea level rise amplifies fluvial flooding in coastal megacities a multi-scenario analysis.pdf,SSP1-RCP2.6,C1 (RCP equivalent),~500 Gt CO₂ from 2020 for 50% chance of 1.5°C,500.0,unit-bound scalar,~,,False
Modi 等 - 2025 - Sea level rise amplifies fluvial flooding in coastal megacities a multi-scenario analysis.pdf,SSP5-RCP8.5,C8 (High GHG emissions),Exhausted (near-zero remaining),,excluded,,no unambiguous carbon-budget value,False
Marushka 等 - 2019 - Potential impacts of climate-related decline of seafood harvest on nutritional status of coastal Fir.pdf,RCP2.6,C1 (Below 1.5°C),~900 Gt CO2,900.0,unit-bound scalar,~,,False
Zhai 等 - 2021 - Africa Would Need to Import More Maize in the Future Even Under 1.5°C Warming Scenario.pdf,1.5°C warming scenario,C4,271.9704635822378,271.9704635822378,field-only scalar,,,False
Ermert 等 - 2012 - The Impact of Regional Climate Change on Malaria Risk due to Greenhouse Forcing and Land-Use Changes.pdf,B1,C5,652.4725285661066,652.4725285661066,field-only scalar,,,False
Ren 等 - 2018 - Economic and biophysical impacts on agriculture under 1.5 °C and 2 °C warming.pdf,1.5°C scenario,C1,271.9704635822378,271.9704635822378,field-only scalar,,,False
Ren 等 - 2018 - Economic and biophysical impacts on agriculture under 1.5 °C and 2 °C warming.pdf,2°C scenario with SSP2 pathway,C1,1793.871566014591,1793.871566014591,field-only scalar,,,False
Yin 等 - 2013 - Past and future spatiotemporal changes in evapotranspiration and effective moisture on the Tibetan P.pdf,A2,C5,102.7723603383973,102.7723603383973,field-only scalar,,,True
Yin 等 - 2013 - Past and future spatiotemporal changes in evapotranspiration and effective moisture on the Tibetan P.pdf,B2,C5,835.4639342141137,835.4639342141137,field-only scalar,,,False
Liu 等 - 2020 - Integrated assessment of climate and human contributions to variations in streamflow in the Ten Grea.pdf,Baseline period,C7: limit warming to 4°C (>50%),4067.198904304981,4067.198904304981,field-only scalar,,,False
Lechuga-Crespo 等 - 2021 - Global carbon sequestration through continental chemical weathering in a climatic change context.pdf,RCP 2.6,C1 (SSP1-2.6 equivalent),~500 Gt CO2 (from 2020),500.0,unit-bound scalar,~,,False
Su 等 - 2024 - Impact of climate change on food security in the Central Asian countries.pdf,SSP1-2.6,C1,~1150 Gt CO₂,1150.0,unit-bound scalar,~,,False
Santillan 等 - 2019 - Vineyards in transition A global assessment of the adaptation needs of grape producing regions unde.pdf,RCP2.6,C1 (RCP equivalent),~400-500 Gt CO2 from 2020 (approximate),450.0,unit-bound range midpoint,~,,False
Spera 等 - 2023 - The effects of climate change on the timing of peak fall foliage in Acadia National Park.pdf,SSP1-2.6,C1,~400 Gt CO2 from 2020,400.0,unit-bound scalar,~,,False
Spera 等 - 2023 - The effects of climate change on the timing of peak fall foliage in Acadia National Park.pdf,SSP2-4.5,C3,1400 GtCO₂,1400.0,unit-bound scalar,,,False
Xue 等 - 2024 - Predicting climate change impacts on distribution and conservation of critically endangered Picea.pdf,SSP1-2.6,C1,~900 Gt CO2 from 2020,900.0,unit-bound scalar,~,,False
Xue 等 - 2024 - Predicting climate change impacts on distribution and conservation of critically endangered Picea.pdf,SSP2-4.5,C5,2750 GtCO₂,2750.0,unit-bound scalar,,,False
Smith 等 - 2024 - Physically-based modelling of UK river flows under climate change.pdf,Baseline climate change scenarios (driven by UKCP18 future climate datasets 1980–2080),C5,4067.198904304981,4067.198904304981,field-only scalar,,,False
"Yazdandoost 等 - 2020 - Evaluation of Water Sustainability under a Changing Climate in Zarrineh River Basin, Iran.pdf",RCP2.6 under Strategy S4,C3 (RCP equivalent),~900 Gt CO2,900.0,unit-bound scalar,~,,False
Jarsjo 等 - 2020 - Projecting impacts of climate change on metal mobilization at contaminated sites Controls by the gr.pdf,S1,C5,893.060956844902,893.060956844902,field-only scalar,,,False
Kelly 等 - 2012 - Projections of mid-century summer air-quality for North America effects of changes in climate and p.pdf,CC,C7,440.0556818855494,440.0556818855494,field-only scalar,,,True
Kelly 等 - 2012 - Projections of mid-century summer air-quality for North America effects of changes in climate and p.pdf,CE,C5,6016.054280938453,6016.054280938453,field-only scalar,,,False
Zhang 等 - 2025 - Vegetation Restoration Potential and Its Hydrological Trade-Offs in Global Drylands Under Historical.pdf,SSP1-2.6,C3,~900 Gt CO2,900.0,unit-bound scalar,~,,False
Worku 等 - 2020 - Statistical bias correction of regional climate model simulations for climate change projection in t.pdf,RCP2.6,C1/C2 (SSP1-2.6 equivalent),~300-900 Gt CO2,600.0,unit-bound range midpoint,~,,False
MacDougall 等 - 2021 - Estimated climate impact of replacing agriculture as the primary food production system.pdf,SSP1-1.9,C1,~500 Gt CO2,500.0,unit-bound scalar,~,,False
MacDougall 等 - 2021 - Estimated climate impact of replacing agriculture as the primary food production system.pdf,SSP4-6.0,C4,3780.382844728474 GtCO₂ from 2020,3780.382844728474,unit-bound scalar,,,False
Li 等 - 2024 - Hydrological Drought and Flood Projection in the Upper Heihe River Basin Based on a Multi-GCM Ensemb.pdf,SSP245,C3,2744.812344177873,2744.812344177873,field-only scalar,,,False
Leonel Simental-Rodriguez 等 - 2021 - Modelling Shifts and Contraction of Seed Zones in Two Mexican Pine Species by Using Molecular Marker.pdf,RCP~4.5Wm−2,C4 (2°C),~1500 GtCO2 from 2020,1500.0,unit-bound scalar,~,,False
Lu 等 - 2019 - Uncertainty and hotspots in 21st century projections of agricultural drought from CMIP5 models.pdf,RCP2.6,C1 (Below 1.5°C),~900 Gt CO2,900.0,unit-bound scalar,~,,False
Slama 等 - 2020 - Impact of rainfall structure and climate change on soil and groundwater salinization.pdf,RCP4.5,C3 (RCP equivalent),~1950 GtCO₂ from 2015,1950.0,unit-bound scalar,~,,False
"Mora 等 - 2014 - Climate changes of hydrometeorological and hydrological extremes in the Paute basin, Ecuadorean Ande.pdf",A2 - High population growth and regional fragmentation leading to increased greenhouse gas emissions,C5,102.7723603383973,102.7723603383973,field-only scalar,,,True
"Mora 等 - 2014 - Climate changes of hydrometeorological and hydrological extremes in the Paute basin, Ecuadorean Ande.pdf",B1,C5,652.4725285661066,652.4725285661066,field-only scalar,,,False
"Song 等 - 2020 - Centuries of monthly and 3-hourly global ocean wave data for past, present, and future climate resea.pdf",ssp126,C3,~900 Gt CO2,900.0,unit-bound scalar,~,,False
"Song 等 - 2020 - Centuries of monthly and 3-hourly global ocean wave data for past, present, and future climate resea.pdf",ssp245,C5,2744.812344177873,2744.812344177873,field-only scalar,,,False
Martin 等 - 2021 - Assessing the long-term effectiveness of Nature-Based Solutions under different climate change scena.pdf,RCP2.6,C3 (RCP equivalent),~900 Gt CO2,900.0,unit-bound scalar,~,,False
Singh和Milner-Gulland - 2011 - Conserving a moving target planning protection for a migratory species as its distribution changes.pdf,T+,C2: return warming to 1.5°C (>50%) after a high overshoot,212.8537743020109,212.8537743020109,field-only scalar,,,False
Singh和Milner-Gulland - 2011 - Conserving a moving target planning protection for a migratory species as its distribution changes.pdf,D+,C5: limit warming to 2.5°C (>50%),1265.536430416577,1265.536430416577,field-only scalar,,,False
Singh和Milner-Gulland - 2011 - Conserving a moving target planning protection for a migratory species as its distribution changes.pdf,P+,C3: limit warming to 2°C (>67%),942.4855433794125,942.4855433794125,field-only scalar,,,False
Singh和Milner-Gulland - 2011 - Conserving a moving target planning protection for a migratory species as its distribution changes.pdf,G+,C3: limit warming to 2°C (>67%),938.7004641166634,938.7004641166634,field-only scalar,,,False
Seidl和Lexer - 2013 - Forest management under climatic and social uncertainty Trade-offs between reducing climate change.pdf,B1,C4,652.4725285661066,652.4725285661066,field-only scalar,,,False
Mastrucci 等 - 2025 - Towards net-zero emissions in global residential heating and cooling a global scenario analysis.pdf,NPi-REF,C7,4631.628201551354,4631.628201551354,field-only scalar,,,False
Mastrucci 等 - 2025 - Towards net-zero emissions in global residential heating and cooling a global scenario analysis.pdf,1.5C-ALL,C1,~500 GtCO2,500.0,unit-bound scalar,~,,False
Zhao 等 - 2019 - The evolvement mechanism of hydro-meteorological elements under climate change and the interaction i.pdf,A2,C5,102.7723603383973,102.7723603383973,field-only scalar,,,True
Zhao 等 - 2019 - The evolvement mechanism of hydro-meteorological elements under climate change and the interaction i.pdf,B1,C5,652.4725285661066,652.4725285661066,field-only scalar,,,False
Ramanathan 等 - 2022 - Modelling human-natural systems interactions with implications for twenty-first-century warming.pdf,1.5°C-compatible,C1,~500 Gt CO2,500.0,unit-bound scalar,~,,False
Byers 等 - 2018 - Global exposure and vulnerability to multi-sector development and climate change hotspots.pdf,SSP2-4.5,C6,"1170 GtCO₂ (IPCC AR6 WGIII, 2020-2100, 50 % chance)",1170.0,unit-bound scalar,,,False
"Woltemade和Hawkins - 2016 - Stream Temperature Impacts Because of Changes in Air Temperature, Land Cover and Stream Discharge N.pdf",Upland Reforestation,C7: limit warming to 4°C (>50%),4631.628201551354,4631.628201551354,field-only scalar,,,False
Wolkinger 等 - 2012 - Implementing Europe's climate targets at the regional level.pdf,Non-ETS emission-reduction scenario (Styria),C5,4067.198904304981,4067.198904304981,field-only scalar,,,False
Zheng 等 - 2020 - Soil water status triggers CO2 fertilization effect on the growth of winter wheat (Tri.pdf,Elevated CO2 concentration under full irrigation,C5: limit warming to 2.5°C (>50%),1793.871566014591,1793.871566014591,field-only scalar,,,False
Zheng 等 - 2020 - Soil water status triggers CO2 fertilization effect on the growth of winter wheat (Tri.pdf,Effects of elevated CO2 concentration on winter wheat growth under severe water stress,C5: limit warming to 2.5°C (>50%),1793.871566014591,1793.871566014591,field-only scalar,,,False
Sun 等 - 2000 - Climate change impacts on the hydrology and productivity of a pine plantation.pdf,HADCM2 climate change scenario,C3,1793.871566014591,1793.871566014591,field-only scalar,,,False
"Zhang 等 - 2012 - Projection of glacier runoff in Yarkant River basin and Beida River basin, Western China.pdf",A2,C5,102.7723603383973,102.7723603383973,field-only scalar,,,True
"Zhang 等 - 2012 - Projection of glacier runoff in Yarkant River basin and Beida River basin, Western China.pdf",B1,C5,652.4725285661066,652.4725285661066,field-only scalar,,,False
Liang 等 - 2024 - Measuring rising heat and flood risk along the belt-and-road initiative.pdf,SSP1-2.6,C3,~900 Gt CO2,900.0,unit-bound scalar,~,,False
Liang 等 - 2024 - Measuring rising heat and flood risk along the belt-and-road initiative.pdf,SSP2-4.5,C3,2744.812344177873,2744.812344177873,field-only scalar,,,False
Lara-Estrada 等 - 2021 - Land in Central America will become less suitable for coffee cultivation under climate change.pdf,RCP2.6,Low GHG emissions,~900 Gt CO2,900.0,unit-bound scalar,~,,False
Streck 等 - 2010 - Maize leaf development under climate change scenarios.pdf,+2°C increase,C5: limit warming to 2.5°C (>50%),1793.871566014591,1793.871566014591,field-only scalar,,,False
Zhao Ze-fang 等 - 2016 - Potential distribution of Panax ginseng and its predicted responses to climate change.pdf,RCP 2.6,C3 (RCP equivalent),~900 Gt CO2,900.0,unit-bound scalar,~,,False
Yan和Mohammadian - 2020 - Estimating future daily pan evaporation for Qatar using the Hargreaves model and statistically downs.pdf,RCP26,C1 (RCP equivalent),~900 Gt CO2,900.0,unit-bound scalar,~,,False
Winckler 等 - 2017 - Why does the locally induced temperature response to land cover change differ across scenarios.pdf,RCP2.6,C1 (RCP/SSP1-2.6 equivalent),~300-900 Gt CO2,600.0,unit-bound range midpoint,~,,False
Clark 等 - 2025 - Stratospheric aerosol climate intervention could reduce crop nutritional value.pdf,ARISE-SAI-1.5 C,C3,~500 Gt CO2,500.0,unit-bound scalar,~,,False
Lin 等 - 2020 - Scenario-based flood risk assessment for urbanizing deltas using future land-use simulation (FLUS).pdf,RCP2.6,C3 (RCP equivalent),"~900 Gt CO2 (approximate global RCP2.6 value, SSP1-2.6 WG1 table 5.8)",900.0,unit-bound scalar,~,,False
Nenzen 等 - 2023 - Oil sands restoration with warm-adapted trees improves outcomes under moderate but not severe warmin.pdf,SSP2-4.5,C3,2744.812344177873,2744.812344177873,field-only scalar,,,False
Li 等 - 2025 - Identifying Priority Nutrients for Achieving Water Quality Improvement and Climate Change Mitigation.pdf,S1,C3: limit warming to 2°C (>67%),893.060956844902,893.060956844902,field-only scalar,,,False
Li 等 - 2025 - Identifying Priority Nutrients for Achieving Water Quality Improvement and Climate Change Mitigation.pdf,S2,C4: limit warming to 2°C (>50%),1447.733517816087,1447.733517816087,field-only scalar,,,False
Mitra 等 - 2024 - Assessing the impact of sea level rise on the Indus delta in Pakistan A comprehensive analysis of f.pdf,SSP1-1.9,N/A (not stated),N/A (not stated),,excluded,,explicitly missing/unspecified,False
Kondo 等 - 2018 - Land use change and El Nino-Southern Oscillation drive decadal carbon balance shifts in Southeast As.pdf,TRENDY S3,C3,~900 Gt CO2,900.0,unit-bound scalar,~,,False
Michel 等 - 2022 - Future water temperature of rivers in Switzerland under climate change investigated with physics-bas.pdf,RCP2.6,C3 (RCP equivalent),~900 Gt CO2,900.0,unit-bound scalar,~,,False
Rintoul 等 - 2018 - Choosing the future of Antarctica.pdf,RCP2.6,C1 (RCP equivalent),~500 Gt CO₂ from 2020,500.0,unit-bound scalar,~,,False
Myhre 等 - 2018 - Sensible heat has significantly affected the global hydrological cycle over the historical period.pdf,RCP2.6,C3 (RCP equivalent),~900 Gt CO2,900.0,unit-bound scalar,~,,False
Munoz 等 - 2013 - Updating Known Distribution Models for Forecasting Climate Change Impact on Endangered Species.pdf,A2,C5,102.7723603383973,102.7723603383973,field-only scalar,,,True
Munoz 等 - 2013 - Updating Known Distribution Models for Forecasting Climate Change Impact on Endangered Species.pdf,B2,C5,835.4639342141137,835.4639342141137,field-only scalar,,,False
Li 等 - 2024 - Investigation of the impact of diverse climate conditions on the cultivation suitability of Cinna.pdf,SSP126-2050s,C1,1150.0,1150.0,field-only scalar,,,False
Moridi 等 - 2025 - Integrating climatic projections and geographical variables to predict road accident risks based on.pdf,RCP 8.5,SSP5-8.5,Very high,,excluded,,no unambiguous carbon-budget value,False
Zhang 等 - 2021 - China's energy-related carbon emissions projections for the shared socioeconomic pathways.pdf,SSP1,C3,942.4855433794125,942.4855433794125,field-only scalar,,,False
Zhang 等 - 2021 - China's energy-related carbon emissions projections for the shared socioeconomic pathways.pdf,SSP2 - Intermediate Development Path,C5,325.2897925777136,325.2897925777136,field-only scalar,,,True
Zhang 等 - 2021 - China's energy-related carbon emissions projections for the shared socioeconomic pathways.pdf,SSP3-7.0,C7,5565.348400074735,5565.348400074735,field-only scalar,,,False
Zhang 等 - 2021 - China's energy-related carbon emissions projections for the shared socioeconomic pathways.pdf,SSP4-6.0,C6,926.934350590003,926.934350590003,field-only scalar,,,False
Zhang 等 - 2021 - China's energy-related carbon emissions projections for the shared socioeconomic pathways.pdf,SSP5-8.5,C8,325.395,325.395,field-only scalar,,,True
"Singh 等 - 2020 - Modelling Agriculture, Forestry and Other Land Use (AFOLU) in response to climate change scenarios f.pdf",RCP 2.6,C3 (RCP equivalent),~900 Gt CO2,900.0,unit-bound scalar,~,,False
Nenzen 等 - 2020 - Projected climate change effects on Alberta's boreal forests imply future challenges for oil sands r.pdf,RCP2.6,C1 (RCP equivalent),~900 Gt CO2,900.0,unit-bound scalar,~,,False
Strauss 等 - 2012 - Modeling climate change and biophysical impacts of crop production in the Austrian Marchfeld Region.pdf,B1,C4,652.4725285661066,652.4725285661066,field-only scalar,,,False
Wilby 等 - 2006 - Integrated modelling of climate change impacts on water resources and quality in a lowland catchment.pdf,A2,C5,102.7723603383973,102.7723603383973,field-only scalar,,,True
Wilby 等 - 2006 - Integrated modelling of climate change impacts on water resources and quality in a lowland catchment.pdf,B2,C5,835.4639342141137,835.4639342141137,field-only scalar,,,False
"Zhang 等 - 2015 - Using ORYZA2000 to model cold rice yield response to climate change in the Heilongjiang province, Ch.pdf",A2,C5,102.7723603383973,102.7723603383973,field-only scalar,,,True
"Zhang 等 - 2015 - Using ORYZA2000 to model cold rice yield response to climate change in the Heilongjiang province, Ch.pdf",B2,C5,835.4639342141137,835.4639342141137,field-only scalar,,,False
Lippe 等 - 2017 - Simulating Stakeholder-Based Land-Use Change Scenarios and Their Implication on Above-Ground Carbon.pdf,REFOREST,C5,4631.628201551354,4631.628201551354,field-only scalar,,,False
Wu 等 - 2018 - Modeling risk analysis for rice production due to agro-climate change and uncertainty in irrigation.pdf,A2,C5,102.7723603383973,102.7723603383973,field-only scalar,,,True
"Liu 等 - 2024 - Geographical distribution and ecological niche dynamics of Crassostrea sikamea (Amemiya, 1928.pdf",RCP2.6,C2,~900 Gt CO2,900.0,unit-bound scalar,~,,False
Yang 等 - 2013 - Effects of Domain Selection on Singular-Value-Decomposition Based Statistical Downscaling of Monthly.pdf,B1,C5,652.4725285661066,652.4725285661066,field-only scalar,,,False
Monerie 等 - 2024 - Internally Driven Variability of the Angola Low is the Main Source of Uncertainty for the Future Cha.pdf,SSP1-2.6,C3,~900 Gt CO2,900.0,unit-bound scalar,~,,False
Monerie 等 - 2024 - Internally Driven Variability of the Angola Low is the Main Source of Uncertainty for the Future Cha.pdf,SSP2-4.5,C4,2750,2750.0,field-only scalar,,,False
"Sommer和Lengfellner - 2008 - Climate change and the timing, magnitude, and composition of the phytoplankton spring bloom.pdf","Temperature elevation scenarios (0°C, 2°C, 4°C, 6°C)",C5: limit warming to 2.5°C (>50%),1793.871566014591,1793.871566014591,field-only scalar,,,False
Westervelt 等 - 2016 - Quantifying PM2.5-meteorology sensitivities in a global climate model.pdf,RCP2.6_2005AER,C3 (RCP equivalent),~900 Gt CO2,900.0,unit-bound scalar,~,,False
Sinha 等 - 2019 - Societal decisions about climate mitigation will have dramatic impacts on eutrophication in the 21st.pdf,SSP1-2.6,C1,~400-500 Gt CO2,450.0,unit-bound range midpoint,~,,False
Sinha 等 - 2019 - Societal decisions about climate mitigation will have dramatic impacts on eutrophication in the 21st.pdf,SSP4-3.4,C2,1815.229110400331,1815.229110400331,field-only scalar,,,False
Li 等 - 2023 - Refined Assessment and Future Projections of Indian Summer Monsoon Rainfall Using CMIP6 Models.pdf,SSP1-2.6,C1,~500 GtCO₂,500.0,unit-bound scalar,~,,False
Li 等 - 2023 - Refined Assessment and Future Projections of Indian Summer Monsoon Rainfall Using CMIP6 Models.pdf,SSP5-8.5,C8,Exhausted,,excluded,,no unambiguous carbon-budget value,False
Fendrich 等 - 2020 - Disclosing contrasting scenarios for future land cover in Brazil Results from a high-resolution spa.pdf,S1: High Population Growth and Infrastructure Development under RCP8.5,C8,893.060956844902,893.060956844902,field-only scalar,,,False
Fendrich 等 - 2020 - Disclosing contrasting scenarios for future land cover in Brazil Results from a high-resolution spa.pdf,S2: Partial Incorporation of Environmental Policies in Brazil,C4: limit warming to 2°C (>50%),1447.733517816087,1447.733517816087,field-only scalar,,,False
Marchessaux 等 - 2021 - Predicting the current and future global distribution of the invasive freshwater hydrozoan Craspe.pdf,SSP126,C1,400-500 GtCO₂,450.0,unit-bound range midpoint,,,False
Burrows 等 - 2014 - Geographical limits to species-range shifts are suggested by climate velocity.pdf,RCP8.5,C8 (SSP5-8.5),~7000 GtCO₂ (2015-2100 cumulative),7000.0,unit-bound scalar,~,,False
Zhang 等 - 2025 - Future Meiyu Precipitation Change and Atmospheric River Impacts Across East Asia Regional Dispariti.pdf,SSP245,C3,2744.812344177873,2744.812344177873,field-only scalar,,,False
Yu 等 - 2021 - Low-elevation endemic Rhododendrons in China are highly vulnerable to climate and land use ch.pdf,RCP2.6 climate change only (CC),C3 (RCP equivalent),~900 Gt CO2,900.0,unit-bound scalar,~,,False
Sun 等 - 2023 - The two chytrid pathogens of amphibians in Eurasia-climatic niches and future expansion.pdf,SSP245,C5,2744.812344177873,2744.812344177873,field-only scalar,,,False
Soteriades 等 - 2017 - Understanding global climate change scenarios through bioclimate stratification.pdf,RCP2.6,C3 (RCP equivalent),~900 Gt CO2,900.0,unit-bound scalar,~,,False
Soteriades 等 - 2017 - Understanding global climate change scenarios through bioclimate stratification.pdf,RCP4.5,C5 (RCP equivalent),N/A (CO₂-only metric; RCPs include all GHGs),,excluded,,explicitly missing/unspecified,False
Dunn 等 - 2019 - Projections of declining fluvial sediment delivery to major deltas worldwide in response to climate.pdf,RCP2.6,C1,~500 Gt CO2 from 2020,500.0,unit-bound scalar,~,,False
Lee 等 - 2022 - Runoff Reduction Effects at Installation of LID Facilities under Different Climate Change Scenarios.pdf,RCP8.5,SSP5-8.5,~7000 GtCO₂ from 2015,7000.0,unit-bound scalar,~,,False
Chakraborty 等 - 2021 - Scenario-based prediction of climate change impacts on building cooling energy consumption with expl.pdf,SSP126 (Sustainable Green Energy Pathway),C1,942.4855433794125,942.4855433794125,field-only scalar,,,False
Chakraborty 等 - 2021 - Scenario-based prediction of climate change impacts on building cooling energy consumption with expl.pdf,SSP245,C5,2744.812344177873,2744.812344177873,field-only scalar,,,False
Zhang 等 - 2024 - Projecting Response of Ecological Vulnerability to Future Climate Change and Human Policies in the Y.pdf,Ecological Conservation Management Scenario (ECMS),C3,~900 Gt CO2,900.0,unit-bound scalar,~,,False
Ribalaygua 等 - 2013 - Climate change scenarios for temperature and precipitation in Aragon (Spain).pdf,A2,C7,102.7723603383973,102.7723603383973,field-only scalar,,,True
Ribalaygua 等 - 2013 - Climate change scenarios for temperature and precipitation in Aragon (Spain).pdf,B1,C4,652.4725285661066,652.4725285661066,field-only scalar,,,False
Douglas 等 - 2023 - Changes to population-based emergence of climate change from CMIP5 to CMIP6.pdf,SSP1-1.9,C1,~500 Gt CO2,500.0,unit-bound scalar,~,,False
Douglas 等 - 2023 - Changes to population-based emergence of climate change from CMIP5 to CMIP6.pdf,SSP1-2.6,C1,942.4855433794125,942.4855433794125,field-only scalar,,,False
Douglas 等 - 2023 - Changes to population-based emergence of climate change from CMIP5 to CMIP6.pdf,SSP2-4.5,C3,~1150 GtCO₂ from 2020,1150.0,unit-bound scalar,~,,False
Zhang 等 - 2017 - Recovery of plant species diversity during long-term experimental warming of a species-rich alpine m.pdf,Experimental warming (1-2°C),C5: limit warming to 2.5°C (>50%),1793.871566014591,1793.871566014591,field-only scalar,,,False
Mohamed 等 - 2025 - Impact of climate change on millet yield under different fertilization levels in three agroecologica.pdf,SSP1-2.6,C1,~900 Gt CO2,900.0,unit-bound scalar,~,,False
Mueller 等 - 2024 - Decarbonizing the cement industry Findings from coupling prospective life cycle assessment of clink.pdf,SSP2-Base,C7,474.638 Gt CO₂,474.638,unit-bound scalar,,,True
Mueller 等 - 2024 - Decarbonizing the cement industry Findings from coupling prospective life cycle assessment of clink.pdf,SSP2-2.6,C1,~500 GtCO2 from 2020,500.0,unit-bound scalar,~,,False
Mueller 等 - 2024 - Decarbonizing the cement industry Findings from coupling prospective life cycle assessment of clink.pdf,SSP2-1.9,C1,-1.072227410599357,,excluded,,no unambiguous carbon-budget value,False
Brimo 等 - 2018 - In situ long-term modeling of phenanthrene dynamics in an aged contaminated soil using the VSOIL pla.pdf,A2,C5,102.7723603383973,102.7723603383973,field-only scalar,,,True
Brimo 等 - 2018 - In situ long-term modeling of phenanthrene dynamics in an aged contaminated soil using the VSOIL pla.pdf,B1,C4,652.4725285661066,652.4725285661066,field-only scalar,,,False
Liu 等 - 2016 - Sustainable bioenergy production with little carbon debt in the Loess Plateau of China.pdf,A2,C5,102.7723603383973,102.7723603383973,field-only scalar,,,True
Liu 等 - 2016 - Sustainable bioenergy production with little carbon debt in the Loess Plateau of China.pdf,B2,C5,835.4639342141137,835.4639342141137,field-only scalar,,,False
Onozuka 等 - 2019 - Modeling Future Projections of Temperature-Related Excess Morbidity due to Infectious Gastroenteriti.pdf,RCP2.6,C1 (Below 1.5°C with no or limited overshoot),~900 Gt CO2,900.0,unit-bound scalar,~,,False
Nauels 等 - 2017 - Linking sea level rise and socioeconomic indicators under the Shared Socioeconomic Pathways.pdf,SSP2 - Middle of the Road,C5,325.2897925777136,325.2897925777136,field-only scalar,,,True
Nauels 等 - 2017 - Linking sea level rise and socioeconomic indicators under the Shared Socioeconomic Pathways.pdf,SSP3: A future world of regional rivalry with high challenges to both mitigation and adaptation,C7,5565.348400074735,5565.348400074735,field-only scalar,,,False
Nauels 等 - 2017 - Linking sea level rise and socioeconomic indicators under the Shared Socioeconomic Pathways.pdf,SSP4,C5,926.934350590003,926.934350590003,field-only scalar,,,False
Nauels 等 - 2017 - Linking sea level rise and socioeconomic indicators under the Shared Socioeconomic Pathways.pdf,SSP5: Fossil-fueled development with high energy demand and low adaptation challenges,C8,325.3951167461587,325.3951167461587,field-only scalar,,,True
Rodrigues和Fernandes - 2020 - Overheating risk in Mediterranean residential buildings Comparison of current and future climate sc.pdf,A2 - Business-as-usual pathway with medium-high emissions,C5,102.7723603383973,102.7723603383973,field-only scalar,,,True
Long 等 - 2025 - Modeling the Suitable Habitat of Silver Pheasant (Lophura nycthemera) in China Under Climate.pdf,SSP126,C1,~400-500 GtCO₂ (remaining from 2020),450.0,unit-bound range midpoint,~,,False
Munoz-Rojas 等 - 2013 - Modelling soil organic carbon stocks in global change scenarios a CarboSOIL application.pdf,A2,C5,102.7723603383973,102.7723603383973,field-only scalar,,,True
Yamanaka 等 - 2021 - Projected climate change in the western North Pacific at the end of the 21st century from ensemble s.pdf,RCP2.6,C3 (RCP equivalent),~900 Gt CO2,900.0,unit-bound scalar,~,,False
"Woo 等 - 2009 - Simulating monthly streamflow for the Upper Changjiang, China, under climatic change scenarios.pdf",B2,C5,835.4639342141137,835.4639342141137,field-only scalar,,,False
"Woo 等 - 2009 - Simulating monthly streamflow for the Upper Changjiang, China, under climatic change scenarios.pdf",A2,C6,102.7723603383973,102.7723603383973,field-only scalar,,,True
"Perez 等 - 2015 - Transport-related measures to mitigate climate change in Basel, Switzerland A health-effectiveness.pdf",p50,C6: limit warming to 3°C (>50%),2483.933253664281,2483.933253664281,field-only scalar,,,False
Dimitrova 等 - 2022 - Projecting the impact of air pollution on child stunting in India-synergies and trade-offs between c.pdf,2°C without access policy,C1,1793.871566014591,1793.871566014591,field-only scalar,,,False
Dimitrova 等 - 2022 - Projecting the impact of air pollution on child stunting in India-synergies and trade-offs between c.pdf,2°C MFR without access policy,C1,1793.871566014591,1793.871566014591,field-only scalar,,,False
Dimitrova 等 - 2022 - Projecting the impact of air pollution on child stunting in India-synergies and trade-offs between c.pdf,2°C MFR with access policy,C3,1793.871566014591,1793.871566014591,field-only scalar,,,False
"Zhang 等 - 2021 - The Impact of the Changes in Climate, Land Use and Direct Human Activity on the Discharge in Qingshu.pdf",S1: Climate data from 1980-2016 with land use held constant at baseline conditions,C3: limit warming to 2°C (>67%),893.060956844902,893.060956844902,field-only scalar,,,False
"Zhang 等 - 2021 - The Impact of the Changes in Climate, Land Use and Direct Human Activity on the Discharge in Qingshu.pdf",S2: Baseline climate data with land use from the study period,C4: limit warming to 2°C (>50%),1447.733517816087,1447.733517816087,field-only scalar,,,False
Kaste 等 - 2006 - Linked models to assess the impacts of climate change on nitrogen in a Norwegian river basin and fjo.pdf,A2,C6,102.7723603383973,102.7723603383973,field-only scalar,,,True
Catano 等 - 2015 - Using Scenario Planning to Evaluate the Impacts of Climate Change on Wildlife Populations and Commun.pdf,?ET,C3,~900 Gt CO2,900.0,unit-bound scalar,~,,False
Catano 等 - 2015 - Using Scenario Planning to Evaluate the Impacts of Climate Change on Wildlife Populations and Commun.pdf,1.5°C Temperature Increase with 10% Decrease in Precipitation and 30.5 cm Sea Level Rise,C3,~900 Gt CO2,900.0,unit-bound scalar,~,,False
Catano 等 - 2015 - Using Scenario Planning to Evaluate the Impacts of Climate Change on Wildlife Populations and Commun.pdf,?RF ? ET,C3,~900 Gt CO2,900.0,unit-bound scalar,~,,False
Slangen 等 - 2022 - Rethinking Sea-Level Projections Using Families and Timing Differences.pdf,RCP2.6,C3 (RCP equivalent),~900 Gt CO2,900.0,unit-bound scalar,~,,False
Lathouwers 等 - 2025 - Impact of future climate change and land-use change on habitat suitability for a long-distance avian.pdf,SSP1-RCP2.6,C3 (RCP equivalent),~900 Gt CO2,900.0,unit-bound scalar,~,,False
Zhou 等 - 2016 - Study on projection of water resources of Dongting Lake catchment based on emission scenarios assump.pdf,RCP2.6,SSP1-2.6 (RCP2.6 equivalent),~900 Gt CO2,900.0,unit-bound scalar,~,,False
Liao 等 - 2019 - Global exposure to rainstorms and the contribution rates of climate change and population change.pdf,SSP2,C2,325.2897925777136,325.2897925777136,field-only scalar,,,False
Lee 等 - 2024 - Climate Change-based Estimation of Non-working Days for Construction Plan.pdf,SSP245,C3,1150-1350 GtCO₂,1250.0,unit-bound range midpoint,,,False
Su 等 - 2018 - Potential effects of changes in climate and emissions on distribution and fate of perfluorooctane su.pdf,SRES B1,C3,~900 Gt CO2,900.0,unit-bound scalar,~,,False
Zhao和Xu - 2025 - Two-Stage Planning for Smart Buildings With Flexible Heating Load Considering Climate Change Induced.pdf,SSP1-2.6,C1,~900 Gt CO2,900.0,unit-bound scalar,~,,False
Zhao和Xu - 2025 - Two-Stage Planning for Smart Buildings With Flexible Heating Load Considering Climate Change Induced.pdf,SSP5-8.5,C8,Exceeded,,excluded,,no unambiguous carbon-budget value,False
Rogelj 等 - 2011 - Emission pathways consistent with a 2°C global temperature limit.pdf,Likely (>66%) chance of staying below 2°C,C5,1793.871566014591,1793.871566014591,field-only scalar,,,False
Zhang 等 - 2024 - The potential habitat of Angelica dahurica in China under climate change scenario predicted b.pdf,SSP126-2090s,C1,942.4855 GtCO2,942.4855,unit-bound scalar,,,False
Zhang 等 - 2024 - The potential habitat of Angelica dahurica in China under climate change scenario predicted b.pdf,SSP245-2090s,C6,~450 GtCO2,450.0,unit-bound scalar,~,,True
da Silva 等 - 2021 - Power sector investment implications of climate impacts on renewable resources in Latin America and.pdf,RCP26_FullTech: Combined impacts,C1 (Likely below 1.5°C with no or limited overshoot),~400-600 Gt CO2,500.0,unit-bound range midpoint,~,,False
da Silva 等 - 2021 - Power sector investment implications of climate impacts on renewable resources in Latin America and.pdf,RCP60_Baseline: Combined impacts,C6,4067.198904304981,4067.198904304981,field-only scalar,,,False
Kuilman 等 - 2020 - Using the climate feedback response analysis method to quantify climate feedbacks in the middle atmo.pdf,S1: Doubling CO2 Concentration Experiment,C3: limit warming to 2°C (>67%),893.060956844902,893.060956844902,field-only scalar,,,False
Kuilman 等 - 2020 - Using the climate feedback response analysis method to quantify climate feedbacks in the middle atmo.pdf,High Sea Surface Temperature with Pre-Industrial CO2 Levels,C4: limit warming to 2°C (>50%),1447.733517816087,1447.733517816087,field-only scalar,,,False
Suzuki 等 - 2005 - Projection of future sea level and its variability in a high-resolution climate model Ocean process.pdf,B1,C5,652.4725285661066,652.4725285661066,field-only scalar,,,False
Liu-Helmersson 等 - 2019 - Climate change may enable Aedes aegypti infestation in major European cities by 2100.pdf,RCP2.6,C3 (RCP equivalent),~900 Gt CO2,900.0,unit-bound scalar,~,,False
Liu 等 - 2025 - Examination of hydrological variations and their effect on water shortage trends and water-energy pr.pdf,SSP1,C1,~400-500 GtCO₂,450.0,unit-bound range midpoint,~,,False
Liu 等 - 2025 - Examination of hydrological variations and their effect on water shortage trends and water-energy pr.pdf,SSP5,C8,325.3951167461587,325.3951167461587,field-only scalar,,,True
Heal 等 - 2013 - Health burdens of surface ozone in the UK for a range of future scenarios.pdf,A2,C7,102.7723603383973,102.7723603383973,field-only scalar,,,True
Heal 等 - 2013 - Health burdens of surface ozone in the UK for a range of future scenarios.pdf,B2+CLE,C7,1793.871566014591,1793.871566014591,field-only scalar,,,False
Heal 等 - 2013 - Health burdens of surface ozone in the UK for a range of future scenarios.pdf,+5°C,C1: limit warming to 1.5°C (>50%) with no or limited overshoot,271.9704635822378,271.9704635822378,field-only scalar,,,False
"Swab 等 - 2015 - The role of demography, intra-species variation, and species distribution models in species' project.pdf",A2,C6,102.7723603383973,102.7723603383973,field-only scalar,,,True
Mullan 等 - 2017 - Climate change and the long-term viability of the World's busiest heavy haul ice road.pdf,RCP2.6,SSP1-2.6,~900 Gt CO2 since 1 Jan 2020 (67 % chance of staying below 1.8 °C) per AR6 WGIII SPM table 5.1,900.0,unit-bound scalar,~,,False
Liao 等 - 2007 - Sensitivities of ozone and fine particulate matter formation to emissions under the impact of potent.pdf,2050,C5,477.9425031253842,477.9425031253842,field-only scalar,,,True
"Nematchoua 等 - 2015 - Climate change and its role in forecasting energy demand in buildings A case study of Douala City,.pdf",A2,C7,102.7723603383973,102.7723603383973,field-only scalar,,,True
Nukazawa 等 - 2018 - Projection of invertebrate populations in the headwater streams of a temperate catchment under a cha.pdf,RCP2.6,C1 (very low GHG emissions),~1150 Gt CO2 from 2020 (IPCC AR6 SPM),1150.0,unit-bound scalar,~,,False
Llactayo 等 - 2024 - Future changes of precipitation types in the Peruvian Andes.pdf,SSP2-4.5,C3,500 GtCO2,500.0,unit-bound scalar,,,False
Suksavate 等 - 2025 - Effect of climate change on truffle (Tuber species) distribution and host plant interactions.pdf,SSP1-2.6,C1,~500 Gt CO₂ (from 2020),500.0,unit-bound scalar,~,,False
Streets和Aunan - 2005 - The importance of China's household sector for black carbon emissions - art. no. L12708.pdf,A2,C7,102.7723603383973,102.7723603383973,field-only scalar,,,True
Streets和Aunan - 2005 - The importance of China's household sector for black carbon emissions - art. no. L12708.pdf,B2,C4,835.4639342141137,835.4639342141137,field-only scalar,,,False
Streets和Aunan - 2005 - The importance of China's household sector for black carbon emissions - art. no. L12708.pdf,B1,C4,652.4725285661066,652.4725285661066,field-only scalar,,,False
Tebaldi和Friedlingstein - 2013 - Delayed detection of climate mitigation benefits due to climate inertia and variability.pdf,RCP2.6,C1 (RCP equivalent),~1100 Gt CO2,1100.0,unit-bound scalar,~,,False
"Shrestha 等 - 2017 - Assessing climate change impacts on fresh water resources of the Athabasca River Basin, Canada.pdf",RCP8.5,C8 (High GHG emissions equivalent to SSP5-8.5),Very large (exceeds 7000 GtCO₂ cumulative by 2100),7000.0,unit-bound scalar,,,False
Yang 等 - 2015 - Fire modulates climate change response of simulated aspen distribution across topoclimatic gradients.pdf,A2,C7,102.7723603383973,102.7723603383973,field-only scalar,,,True
Yang 等 - 2015 - Fire modulates climate change response of simulated aspen distribution across topoclimatic gradients.pdf,B1,C5,652.4725285661066,652.4725285661066,field-only scalar,,,False
Lai和Pozzi - 2024 - Sequential learning of climate change via a physical-parameter-based state-space model and Bayesian.pdf,SSP2-4.5,C4,~1150 GtCO₂ from 2020 for 50% <2°C,1150.0,unit-bound scalar,~,,False
Lyam 等 - 2018 - Genetic diversity and distribution of Senegalia senegal (L.) Britton under climate change sce.pdf,RCP2.6,C3 (RCP equivalent),~900 Gt CO2,900.0,unit-bound scalar,~,,False
Gong 等 - 2020 - Double-edged effects of climate change on plant invasions Ecological niche modeling global distribu.pdf,RCP 2.6 scenario,C5,4067.198904304981,4067.198904304981,field-only scalar,,,False
Xing 等 - 2018 - Projection of future runoff change using climate elasticity method derived from Budyko framework in.pdf,RCP2.6,C1 (Below 1.5°C with no or limited overshoot),~400-500 Gt CO2,450.0,unit-bound range midpoint,~,,False
"Yousefpour 等 - 2017 - Pertinence of reactive, active, and robust adaptation strategies in forest management under climate.pdf",RCP2.6,RCP,~900 Gt CO2,900.0,unit-bound scalar,~,,False
Liu和Chan - 2016 - Assessment of Climate Change Impacts on Water Quality in a Tidal Estuarine System Using a Three-Dime.pdf,A2,C7,102.7723603383973,102.7723603383973,field-only scalar,,,True
Zhang 等 - 2025 - Assessing the Runoff Response to Vegetation Cover and Climate Change in a Typical Forested Headwater.pdf,Climate Change Scenario T + 2 °C,C5: limit warming to 2.5°C (>50%),1793.871566014591,1793.871566014591,field-only scalar,,,False
Zhang 等 - 2024 - Spatiotemporal Evaluation and Future Projection of Diurnal Temperature Range over the Tibetan Platea.pdf,SSP2-4.5,C5,~2745 GtCO₂,2745.0,unit-bound scalar,~,,False
Yin 等 - 2009 - Model projections of rapid sea-level rise on the northeast coast of the United States.pdf,A2,C6,102.7723603383973,102.7723603383973,field-only scalar,,,True
Chen 等 - 2020 - Global socioeconomic exposure of heat extremes under climate change.pdf,RCP2.6-SSP1,SSP1-1.9,~900 Gt CO2,900.0,unit-bound scalar,~,,False
Thomas 等 - 2005 - Remobilization of southern African desert dune systems by twenty-first century global warming.pdf,A2,C5,102.7723603383973,102.7723603383973,field-only scalar,,,True
Wu 等 - 2020 - Accelerated terrestrial ecosystem carbon turnover and its drivers.pdf,S1: CO2 Increase Effect on Ecosystem Carbon Turnover Time,C3: limit warming to 2°C (>67%),893.060956844902,893.060956844902,field-only scalar,,,False
"Xia 等 - 2018 - Assessing the influence of climate change and inter-basin water diversion on Haihe River basin, east.pdf",RCP2.6C-1,C1 (RCP equivalent),300-900 Gt CO2 (from 2020),600.0,unit-bound range midpoint,,,False
"Xia 等 - 2018 - Assessing the influence of climate change and inter-basin water diversion on Haihe River basin, east.pdf",RCP2.6T-1,C3 (RCP equivalent),~900 Gt CO2,900.0,unit-bound scalar,~,,False
Youn 等 - 2012 - Probabilistic estimation of the storage capacity of a rainwater harvesting system considering climat.pdf,A2 - High Population Growth and Regional Economic Development,C5,102.7723603383973,102.7723603383973,field-only scalar,,,True
Stavros 等 - 2014 - Regional projections of the likelihood of very large wildland fires under a changing climate in the.pdf,RCP8.5,SSP5-8.5,Not applicable (no net-zero target),,excluded,,no unambiguous carbon-budget value,False
Sole - 2023 - Climate and Energy Crises from the Perspective of the Intergovernmental Panel on Climate Change Tra.pdf,SSP2-4.5,C5,2744.812344177873,2744.812344177873,field-only scalar,,,False
Stephens 等 - 2020 - Fire and climate change conserving seasonally dry forests is still possible.pdf,RCP8.5,C8a (High GHG emissions),Exceeds 2000 GtCO2 cumulative emissions by 2100,2000.0,unit-bound scalar,,,False
Liu 等 - 2021 - Landscape pattern change simulations in Tibet based on the combination of the SSP-RCP scenarios.pdf,SSP1-RCP2.6,C1 (SSP1-2.6),~900 Gt CO2,900.0,unit-bound scalar,~,,False
Straatsma 等 - 2016 - Rapid Screening of Operational Freshwater Availability Using Global Models.pdf,SSP2,C3: limit warming to 2°C (>67%),325.2897925777136,325.2897925777136,field-only scalar,,,False
Mahat和Anderson - 2013 - Impacts of climate and catastrophic forest changes on streamflow and water balance in a mountainous.pdf,A2,C6,102.7723603383973,102.7723603383973,field-only scalar,,,True
Mahat和Anderson - 2013 - Impacts of climate and catastrophic forest changes on streamflow and water balance in a mountainous.pdf,B1,C5,652.4725285661066,652.4725285661066,field-only scalar,,,False
Zhao 等 - 2020 - Spatiotemporal variation in reference evapotranspiration and its contributing climatic factors in Ch.pdf,RCP2.6,C1 (Low GHG emissions),~500 Gt CO2 from 2020 (for a 50% chance of limiting warming to 1.5°C),500.0,unit-bound scalar,~,,False
Li 等 - 2024 - Predicting Climate Change Impact on the Habitat Suitability of the Schistosoma Intermediate H.pdf,SSP1-2.6,C1,~500 Gt CO2 from 2020,500.0,unit-bound scalar,~,,False
Yan Haiming 等 - 2010 - Scenario simulation of change of forest land in Poyang Lake watershed.pdf,Baseline scenario,C7: limit warming to 4°C (>50%),4067.198904304981,4067.198904304981,field-only scalar,,,False
Wu 等 - 2014 - CERES-Rice model-based simulations of climate change impacts on rice yields and efficacy of adaptive.pdf,A2,C7,102.7723603383973,102.7723603383973,field-only scalar,,,True
Wu 等 - 2014 - CERES-Rice model-based simulations of climate change impacts on rice yields and efficacy of adaptive.pdf,B2,C6,835.4639342141137,835.4639342141137,field-only scalar,,,False
van der Linden 等 - 2017 - Arctic decadal variability in a warming world.pdf,2×CO2,C5,1793.871566014591,1793.871566014591,field-only scalar,,,False
Tollefson - 2020 - How hot will Earth get by 2100.pdf,RCP8.5,C8,1150-1350 GtCO₂ from 2020 (for 2°C with 67% likelihood),1250.0,unit-bound range midpoint,,,False
Lu 等 - 2022 - China's terrestrial ecosystem carbon balance during the 20th century an analysis with a process-bas.pdf,S1,C3: limit warming to 2°C (>67%),893.060956844902,893.060956844902,field-only scalar,,,False
O'Neill 等 - 2020 - The effect of education on determinants of climate change risks.pdf,SSP2–CT,C5,1793.871566014591,1793.871566014591,field-only scalar,,,False
Li 等 - 2018 - Indices of Canada's future climate for general and agricultural adaptation applications.pdf,RCP2.6,C1 (RCP equivalent),~500 Gt CO2,500.0,unit-bound scalar,~,,False
Kirwan和Mudd - 2012 - Response of salt-marsh carbon accumulation to climate change.pdf,A2,C7,102.7723603383973,102.7723603383973,field-only scalar,,,True
Woldemeskel 等 - 2016 - Quantification of precipitation and temperature uncertainties simulated by CMIP3 and CMIP5 models.pdf,A2,C8,102.7723603383973,102.7723603383973,field-only scalar,,,True
Joshi 等 - 2011 - Projections of when temperature change will exceed 2 °C above pre-industrial levels.pdf,A2,C5,102.7723603383973,102.7723603383973,field-only scalar,,,True
Joshi 等 - 2011 - Projections of when temperature change will exceed 2 °C above pre-industrial levels.pdf,B1,C4,652.4725285661066,652.4725285661066,field-only scalar,,,False
Perez-Alarcon 等 - 2023 - Global Increase of the Intensity of Tropical Cyclones under Global Warming Based on their Maximum Po.pdf,SSP2-4.5,C3,2744.812344177873 GtCO₂,2744.812344177873,unit-bound scalar,,,False
Langer 等 - 2023 - Thawing permafrost poses environmental threat to thousands of sites with legacy industrial contamina.pdf,RCP2.6,C1 (RCP equivalent),~1000 Gt CO2,1000.0,unit-bound scalar,~,,False
Liu 等 - 2024 - Predicted Spatial Patterns of Suitable Habitats for Troides aeacus Under Different Climate Sc.pdf,SSP1-2.6,C1,500,500.0,field-only scalar,,,False
Liu 等 - 2024 - Predicted Spatial Patterns of Suitable Habitats for Troides aeacus Under Different Climate Sc.pdf,SSP2-4.5,C3,2744.812344177873,2744.812344177873,field-only scalar,,,False
Liu 等 - 2024 - Predicted Spatial Patterns of Suitable Habitats for Troides aeacus Under Different Climate Sc.pdf,SSP5-8.5,C8,Large remaining budget (>1000 GtCO2 from 2020),1000.0,unit-bound scalar,>,,False
"Kivimaki 等 - 2023 - Climate Change, Summer Temperature, and Heat -Related Mortality in Finland Multicohort Study with P.pdf",SSP1-1.9,C3,~900 Gt CO2,900.0,unit-bound scalar,~,,False
Markandya 等 - 2018 - Health co-benefits from air pollution and mitigation costs of the Paris Agreement a modelling study.pdf,NDCs,C7,2125.417765920262,2125.417765920262,field-only scalar,,,False
Markandya 等 - 2018 - Health co-benefits from air pollution and mitigation costs of the Paris Agreement a modelling study.pdf,2°C + CAP,C4,1793.871566014591,1793.871566014591,field-only scalar,,,False
Markandya 等 - 2018 - Health co-benefits from air pollution and mitigation costs of the Paris Agreement a modelling study.pdf,1·5°C + CAP,C4,271.9704635822378,271.9704635822378,field-only scalar,,,False
Vermeer和Rahmstorf - 2009 - Global sea level linked to global temperature.pdf,A2,C8,102.7723603383973,102.7723603383973,field-only scalar,,,True
Maroufpoor和Qin - 2025 - Present and Future Energy Potential of Run-of-River Hydropower in Mainland Southeast Asia Balancing.pdf,SSP245-F1,C3,verify from paper method section,,excluded,,no unambiguous carbon-budget value,False
Maroufpoor和Qin - 2025 - Present and Future Energy Potential of Run-of-River Hydropower in Mainland Southeast Asia Balancing.pdf,SSP585-F1,C8,~2520 Gt CO2 (1850-2100),2520.0,unit-bound scalar,~,,False
Soimakallio 等 - 2016 - Climate Change Mitigation Challenge for Wood Utilization-The Case of Finland.pdf,2010,C3: limit warming to 2°C (>67%),701.0682410185816,701.0682410185816,field-only scalar,,,False
Soimakallio 等 - 2016 - Climate Change Mitigation Challenge for Wood Utilization-The Case of Finland.pdf,Base,C7: limit warming to 4°C (>50%),2994.686676976194,2994.686676976194,field-only scalar,,,False
Tang 等 - 2024 - Global risk dynamics of Borrelia miyamotoi in the context of climate change.pdf,SSP1-2.6,C3,~900 Gt CO2,900.0,unit-bound scalar,~,,False
Little 等 - 2023 - Future increased risk from extratropical windstorms in northern Europe.pdf,SSP2-4.5,C5,≈ 2745 Gt CO₂,2745.0,unit-bound scalar,≈,,False
Portmann 等 - 2013 - Impact of climate change on renewable groundwater resources assessing the benefits of avoided green.pdf,RCP2.6,C3 (RCP equivalent),~900 Gt CO2,900.0,unit-bound scalar,~,,False
Marques 等 - 2020 - Acclimation history modulates effect size of calcareous algae (Halimeda opuntia) to herbicide.pdf,2050 scenario with 29°C and 567 ppm pCO2,C5,477.9425031253842,477.9425031253842,field-only scalar,,,True
Marques 等 - 2020 - Acclimation history modulates effect size of calcareous algae (Halimeda opuntia) to herbicide.pdf,2100,C5,2366.415355587465,2366.415355587465,field-only scalar,,,False
Pisoni 等 - 2025 - High resolution assessment of air quality and health in Europe under different climate mitigation sc.pdf,SSP1-1.9,C1,~500 Gt CO2,500.0,unit-bound scalar,~,,False
Pisoni 等 - 2025 - High resolution assessment of air quality and health in Europe under different climate mitigation sc.pdf,SSP1-2.6,C3,~900 Gt CO2,900.0,unit-bound scalar,~,,False
Pisoni 等 - 2025 - High resolution assessment of air quality and health in Europe under different climate mitigation sc.pdf,SSP2-4.5,C3,1150-1350 GtCO₂ from 2020,1250.0,unit-bound range midpoint,,,False
Phillips 等 - 2019 - Model consensus projections of US regional hydroclimates under greenhouse warming.pdf,RCP2.6,C1 (Below 1.5°C),~500 Gt CO2 from 2020,500.0,unit-bound scalar,~,,False
Rhone 等 - 2020 - Pearl millet genomic vulnerability to climate change in West Africa highlights the need for regional.pdf,RCP2.6,C1,~900 Gt CO2,900.0,unit-bound scalar,~,,False
Syed 等 - 2022 - Hydroclimatology of the Chitral River in the Indus Basin under Changing Climate.pdf,RCP8.5,C8 (SSP5-8.5 equivalent),N/A (not applicable for RCP framework),,excluded,,explicitly missing/unspecified,False
Partanen 等 - 2018 - Climate and health implications of future aerosol emission scenarios.pdf,RCP2.6,C3 (RCP equivalent),~900 Gt CO2,900.0,unit-bound scalar,~,,False
Stalhandske 等 - 2022 - Projected impact of heat on mortality and labour productivity under climate change in Switzerland.pdf,RCP2.6,C1 (RCP equivalent),~1000 Gt CO2 from 2020,1000.0,unit-bound scalar,~,,False
"Lee 等 - 2025 - Effects of Climate Change Scenarios on Growth, Flowering Characteristics, and Honey Production Poten.pdf",SSP3-7.0,C6,~3650 Gt CO₂ cumulative 2020-2100,3650.0,unit-bound scalar,~,,False
Song 等 - 2023 - Geographic distribution and impacts of climate change on the suitable habitats of Rhamnus utilis.pdf,SSP245,C1,~900 GtCO₂ from 2020,900.0,unit-bound scalar,~,,False
Bonnot 等 - 2018 - Threat of climate change on a songbird population through its impacts on breeding.pdf,CanESM2-4.5,C5,~2000-3000 GtCO₂,2500.0,unit-bound range midpoint,~,,False
Mastrucci 等 - 2021 - Global scenarios of residential heating and cooling energy demand and CO2 emissions.pdf,SSP1,C3,942.4855433794125,942.4855433794125,field-only scalar,,,False
Mastrucci 等 - 2021 - Global scenarios of residential heating and cooling energy demand and CO2 emissions.pdf,SSP2,C3,1150-1350 GtCO₂,1250.0,unit-bound range midpoint,,,False
Mastrucci 等 - 2021 - Global scenarios of residential heating and cooling energy demand and CO2 emissions.pdf,SSP3: Regional Rivalry and High Challenges to Mitigation and Adaptation,C3,5565.348400074735,5565.348400074735,field-only scalar,,,False
"Zaehle 等 - 2007 - Projected changes in terrestrial carbon storage in Europe under climate and land-use change, 1990-21.pdf",A2,C7,102.7723603383973,102.7723603383973,field-only scalar,,,True
Mu Lin 等 - 2011 - Mechanism of the Greenland-Scotland Ridge overflow variation under different atmospheric CO2s.pdf,B1,C4,652.4725285661066,652.4725285661066,field-only scalar,,,False
Mu Lin 等 - 2011 - Mechanism of the Greenland-Scotland Ridge overflow variation under different atmospheric CO2s.pdf,A2,C7,102.7723603383973,102.7723603383973,field-only scalar,,,True
Marshall 等 - 2023 - Potential for climate change driven spatial mismatches between apple crops and their wild bee pollin.pdf,RCP 2.6,C1,~900 Gt CO2,900.0,unit-bound scalar,~,,False
Lin 等 - 2025 - Assessing the Potential Distribution of the Traditional Chinese Medicinal Plant Spatholobus suber.pdf,SSP1-2.6,C3,~900 Gt CO2,900.0,unit-bound scalar,~,,False
Lin 等 - 2025 - Assessing the Potential Distribution of the Traditional Chinese Medicinal Plant Spatholobus suber.pdf,SSP2-4.5,C3,1150,1150.0,field-only scalar,,,False
Maria Gabriel y Galan 等 - 2018 - Germination fitness of two temperate epiphytic ferns shifts under increasing temperatures and forest.pdf,RCP2.6,C1/C2 (RCP2.6/SSP1-2.6 equivalent),~1150 Gt CO2,1150.0,unit-bound scalar,~,,False
Naoe 等 - 2017 - Future Changes in the Ozone Quasi-Biennial Oscillation with Increasing GHGs and Ozone Recovery in CC.pdf,C2: Future Changes in the Ozone Quasi-Biennial Oscillation with Increasing GHGs and Ozone Recovery,C5: limit warming to 2.5°C (>50%),1265.536430416577,1265.536430416577,field-only scalar,,,False
"Zell和Hanewinkel - 2015 - How treatment, storm events and changed climate affect productivity of temperate forests in SW Germa.pdf",Business-as-usual (BAU) forest management scenario,C7: limit warming to 4°C (>50%),4421.106912693341,4421.106912693341,field-only scalar,,,False
Monteiro 等 - 2023 - Potential Distribution of Pilocarpus microphyllus in the AmazoniaCerrado Biomes under Near-F.pdf,SSP2-4.5,C2,~1150 GtCO₂,1150.0,unit-bound scalar,~,,False
Brennan和Germond - 2024 - A methodology for analysing the impacts of climate change on maritime security.pdf,RCP 2.6,C3 (RCP equivalent),~900 Gt CO2,900.0,unit-bound scalar,~,,False
"Qian 等 - 2019 - Climate change impacts on Canadian yields of spring wheat, canola and maize for global warming level.pdf",1.5°C global warming level scenario derived from RCP8.5 projections,C3,~500 Gt CO2,500.0,unit-bound scalar,~,,False
"Qian 等 - 2019 - Climate change impacts on Canadian yields of spring wheat, canola and maize for global warming level.pdf",2.0°C,C4,~900 Gt CO2,900.0,unit-bound scalar,~,,False
"Qian 等 - 2019 - Climate change impacts on Canadian yields of spring wheat, canola and maize for global warming level.pdf",Projected changes in maize yield under 2.5°C warming scenario,High (SSP5-8.5),2619.964986816399,2619.964986816399,field-only scalar,,,False
"Qian 等 - 2019 - Climate change impacts on Canadian yields of spring wheat, canola and maize for global warming level.pdf","3.0°C warming scenario for canola, spring wheat, and maize",C8,4701.689283291276,4701.689283291276,field-only scalar,,,False
Misiani 等 - 2025 - Simulated response of the climate of eastern Africa to stratospheric aerosol intervention.pdf,SSP2-4.5,C5,Approximately 2750 GtCO₂,2750.0,unit-bound scalar,,,False
Peng 等 - 2017 - Substantial air quality and climate co-benefits achievable now with sectoral mitigation strategies i.pdf,IND,C5,1265.536430416577,1265.536430416577,field-only scalar,,,False
Peng 等 - 2017 - Substantial air quality and climate co-benefits achievable now with sectoral mitigation strategies i.pdf,TRA,C5,377.1673524599693,377.1673524599693,field-only scalar,,,True
Peng 等 - 2017 - Substantial air quality and climate co-benefits achievable now with sectoral mitigation strategies i.pdf,RES,C5,4604.481143427942,4604.481143427942,field-only scalar,,,False
Louppe 等 - 2020 - The globally invasive small Indian mongoose Urva auropunctata is likely to spread with climat.pdf,RCP2.6,C3 (RCP equivalent),~900 Gt CO2,900.0,unit-bound scalar,~,,False
Zhao 等 - 2025 - MaxEnt-Based Predictions of Suitable Potential Distribution of Leymus secalinus Under Current.pdf,SSP1-26,C1,1000,1000.0,field-only scalar,,,False
Sung 等 - 2021 - Climate Change Projection in the Twenty-First Century Simulated by NIMS-KMA CMIP6 Model Based on New.pdf,SSP1-2.6,C1,~400-500 Gt CO2,450.0,unit-bound range midpoint,~,,False
Sung 等 - 2021 - Climate Change Projection in the Twenty-First Century Simulated by NIMS-KMA CMIP6 Model Based on New.pdf,SSP2-4.5,C4,1150-1400,1275.0,field-only range midpoint,,,False
Sloterdijk 等 - 2025 - Future Scenarios of Global Fisheries and Ocean Alkalinity Enhancement Under Socio-Economic and Clima.pdf,SSP1-2.6,C3,~900 Gt CO2,900.0,unit-bound scalar,~,,False
Yang 等 - 2011 - A new method to develop typical weather years in different climates for building energy use studies.pdf,SRES B1,C1,~500 Gt CO2,500.0,unit-bound scalar,~,,False
Williamson 等 - 2014 - Projecting canopy cover change in Tasmanian eucalypt forests using dynamically downscaled regional c.pdf,A2,C5,102.7723603383973,102.7723603383973,field-only scalar,,,True
Wang 等 - 2024 - CMIP6 Simulation-Based Daily Surface Air Temperature and Precipitation Projections over the Qinghai-.pdf,SSP5-8.5,C8,~900 Gt CO2,900.0,unit-bound scalar,~,,False
Wang 等 - 2024 - CMIP6 Simulation-Based Daily Surface Air Temperature and Precipitation Projections over the Qinghai-.pdf,SSP2-4.5,C3,1150,1150.0,field-only scalar,,,False
"Zhang 等 - 2024 - An Invasion Risk Assessment of Alien Woody Species in Potential National Park Sites in Xinjiang, Chi.pdf",SSP245,C3,2744.812344177873,2744.812344177873,field-only scalar,,,False
Alcantara 等 - 2025 - Machine learning and climate scenario integration reveals controls on flood susceptibility in the Ta.pdf,SSP1-2.6,C3,~900 Gt CO2,900.0,unit-bound scalar,~,,False
Alcantara 等 - 2025 - Machine learning and climate scenario integration reveals controls on flood susceptibility in the Ta.pdf,SSP2-4.5,C4,2744 GtCO₂,2744.0,unit-bound scalar,,,False
Alcantara 等 - 2025 - Machine learning and climate scenario integration reveals controls on flood susceptibility in the Ta.pdf,SSP3-7.0,C6,~4000 GtCO₂ from 2020 (50% probability of exceeding 3.6°C),4000.0,unit-bound scalar,~,,False
Alcantara 等 - 2025 - Machine learning and climate scenario integration reveals controls on flood susceptibility in the Ta.pdf,SSP5-8.5,C8,Exhausted by mid-century (around 2050-2060),,excluded,,no unambiguous carbon-budget value,False
"Correia 等 - 2026 - Respective impacts of global warming, permafrost thaw and urban sprawl on debris-flow risk Insights.pdf",S1: Baseline conditions for the Dorfbach torrent prior to accelerated climate warming and massive sediment supply due to permafrost thaw,C3: limit warming to 2°C (>67%),893.060956844902,893.060956844902,field-only scalar,,,False
"Correia 等 - 2026 - Respective impacts of global warming, permafrost thaw and urban sprawl on debris-flow risk Insights.pdf",Scenario 2 (S2) - Climate Warming and Rock Glacier Destabilization Impact on Debris Flow Risk,C4: limit warming to 2°C (>50%),1447.733517816087,1447.733517816087,field-only scalar,,,False
Abdullah 等 - 2025 - Hydrological responses of the Brahmaputra river basin using CMIP6 GCM projections for supporting cli.pdf,SSP2-4.5,C3,1150 GtCO₂,1150.0,unit-bound scalar,,,False
"Abdelkader 等 - 2024 - Future Pathways of Water, Energy, and Food in the Eastern Nile Basin.pdf",Reference Scenario,C8: exceed warming of 4°C (>=50%),6016.054280938453,6016.054280938453,field-only scalar,,,False
Li 等 - 2025 - Predicting the Potential Suitable Distribution of Albizia odoratissima (L. f.) Benth. Under C.pdf,SSP126,C1,Approximately 400-500 GtCO₂ from 2020,450.0,unit-bound range midpoint,,,False
Li 等 - 2025 - Predicting the Potential Suitable Distribution of Albizia odoratissima (L. f.) Benth. Under C.pdf,SSP585,C8,Exhausted by mid-century,,excluded,,no unambiguous carbon-budget value,False
Anselmo 等 - 2025 - Where and how to conserve butterflies amid climate change a model-based approach on Papilio alex.pdf,SSP1-2.6,C1,~500 Gt CO2,500.0,unit-bound scalar,~,,False
Folini 等 - 2024 - The Climate in Climate Economics.pdf,RCP2.6,C1 (limit warming to 1.5 °C with no or limited overshoot),~400-500 Gt CO2 from 2020,450.0,unit-bound range midpoint,~,,False
Sanchez-Salguero 等 - 2018 - Climate Warming Alters Age-Dependent Growth Sensitivity to Temperature in Eurasian Alpine Treelines.pdf,RCP2.6,C1 (RCP equivalent),~900 Gt CO2,900.0,unit-bound scalar,~,,False
Mirmehdi 等 - 2023 - Adaptive operation of a reservoir in climate change condition a case study of Maroon Dam in Iran.pdf,RCP4.5,RCP4.5,not specified in study,,excluded,,no unambiguous carbon-budget value,False
Woolway 等 - 2022 - Lakes in Hot Water The Impacts of a Changing Climate on Aquatic Ecosystems.pdf,RCP2.6,C3 (RCP equivalent),~900 Gt CO2,900.0,unit-bound scalar,~,,False
Bede-Fazekas和Somodi - 2024 - Precipitation and temperature timings underlying bioclimatic variables rearrange under climate chang.pdf,SSP1-2.6,C1,500.0,500.0,field-only scalar,,,False
Bede-Fazekas和Somodi - 2024 - Precipitation and temperature timings underlying bioclimatic variables rearrange under climate chang.pdf,SSP2-4.5,C3,1150,1150.0,field-only scalar,,,False
Choi和Chae - 2025 - Assessing Wildfire Risk in South Korea Under Climate Change Using the Maximum Entropy Model and Shar.pdf,SSP2-4.5,C5,2744.812344177873,2744.812344177873,field-only scalar,,,False
Bilgin 等 - 2023 - Human comfort analysis for Turkey's coastal tourism in a changing climate.pdf,RCP4.5,C3 (Below 2°C),~1500 GtCO₂ (from 2020),1500.0,unit-bound scalar,~,,False
Mondanaro 等 - 2024 - Modelling reveals the effect of climate and land use change on Madagascar's chameleons fauna.pdf,SSP1-2.6,C3,~900 Gt CO2,900.0,unit-bound scalar,~,,False
Monteiro 等 - 2025 - Climate-Driven Changes in Air Quality Trends Across Emission and Socioeconomic Pathways.pdf,SSP2-4.5,C3,2744.812344177873,2744.812344177873,field-only scalar,,,False
Padhiary 等 - 2022 - A Novel Approach to Identify the Characteristics of Drought under Future Climate Change Scenario.pdf,RCP 8.5,SSP5-8.5,Not applicable (no carbon budget constraint),,excluded,,no unambiguous carbon-budget value,False
Marushka 等 - 2024 - Potential impacts of reduced seafood consumption on myocardial infarction among coastal First Nation.pdf,RCP2.6,C1 (1.5°C with no or low overshoot),~1300 Gt CO₂,1300.0,unit-bound scalar,~,,False
Badillo-Interiano 等 - 2025 - Assessing atoll island future habitability in the context of climate change using Bayesian networks.pdf,RCP2.6,C1,~500 Gt CO2,500.0,unit-bound scalar,~,,False
Zacharioudaki和Reeve - 2011 - Shoreline evolution under climate change wave scenarios.pdf,A2,C5,102.7723603383973,102.7723603383973,field-only scalar,,,True
Zacharioudaki和Reeve - 2011 - Shoreline evolution under climate change wave scenarios.pdf,B2,C5,835.4639342141137,835.4639342141137,field-only scalar,,,False
Zhang 等 - 2022 - Quantifying the Impacts of Land Use and Cover Change (LUCC) and Climate Change on Discharge and Sedi.pdf,S1,C3: limit warming to 2°C (>67%),893.060956844902,893.060956844902,field-only scalar,,,False
Zhang 等 - 2022 - Quantifying the Impacts of Land Use and Cover Change (LUCC) and Climate Change on Discharge and Sedi.pdf,S2,C4: limit warming to 2°C (>50%),1447.733517816087,1447.733517816087,field-only scalar,,,False
Zajch 等 - 2022 - Comparing future climatic suitability to shoreline loss for recreational beach use a case study of.pdf,RCP2.6,C1 (SSP1-2.6 equivalent),~900 Gt CO2,900.0,unit-bound scalar,~,,False
Ahmed 等 - 2016 - Potential impact of climate and socioeconomic changes on future agricultural land use in West Africa.pdf,SSP2,SSP2,~900-1050 GtCO₂,975.0,unit-bound range midpoint,~,,False
Almeida 等 - 2022 - Regional variation in responses of a vulnerable bird species to land-use and climate change.pdf,SSP5-8.5,C8,Not specified,,excluded,,no unambiguous carbon-budget value,False
Liu 等 - 2025 - Conservation Tillage Mitigates Soil Organic Carbon Losses While Maintaining Maize Yield Stability Un.pdf,RCP4.5,RCP4.5,Not specified,,excluded,,no unambiguous carbon-budget value,False
"Abdulahi 等 - 2025 - Impact of Climate Change on Drought Dynamics in the Ganale Dawa River Basin, Ethiopia.pdf",SSP2-4.5,C5,2744.812344177873,2744.812344177873,field-only scalar,,,False
Zeraatkar 等 - 2024 - Assessment and efficiency of CMIP6 models in simulation and prediction of climatic parameters of pre.pdf,SSP1-2.6 (Sustainable development with low population growth and rapid shift to renewable energy),C3,~900 Gt CO2,900.0,unit-bound scalar,~,,False
Zeraatkar 等 - 2024 - Assessment and efficiency of CMIP6 models in simulation and prediction of climatic parameters of pre.pdf,SSP2-4.5,C3,2744.812344177873,2744.812344177873,field-only scalar,,,False
"Mena 等 - 2022 - Modeling Urban Growth and the Impacts of Climate Change The Case of Esmeraldas City, Ecuador.pdf",RCP4.5,SSP2-4.5,~1500 GtCO2 from 2018,1500.0,unit-bound scalar,~,,False
Zhang和Delworth - 2016 - Simulated Response of the Pacific Decadal Oscillation to Climate Change.pdf,2CO2,C3,~900 Gt CO2,900.0,unit-bound scalar,~,,False
"Xin Luo 等 - 2020 - Contributions of climate change, land use change and CO2to changes in the gross primary productivity.pdf",SG3,C3,~900 Gt CO2,900.0,unit-bound scalar,~,,False
Xue 等 - 2014 - Predicted areas of potential distributions of alpine wetlands under different scenarios in the Qingh.pdf,A2,C5,102.7723603383973,102.7723603383973,field-only scalar,,,True
Xue 等 - 2014 - Predicted areas of potential distributions of alpine wetlands under different scenarios in the Qingh.pdf,B1,C5,652.4725285661066,652.4725285661066,field-only scalar,,,False
"Wondzell 等 - 2019 - What Matters Most Are Future Stream Temperatures More Sensitive to Changing Air Temperatures, Disch.pdf","Air Temperature +4°C, Discharge -30%, Mature Forest",C7: limit warming to 4°C (>50%),4631.628201551354,4631.628201551354,field-only scalar,,,False
"Blais和Koprowski - 2024 - Modeling a hot, dry future Substantial range reductions in suitable environment projected under cli.pdf",SSP126,C1,~500 Gt CO2 from 2020,500.0,unit-bound scalar,~,,False
Nerantzaki 等 - 2020 - Estimation of the uncertainty of hydrologic predictions in a karstic Mediterranean watershed.pdf,RCP2.6,C3 (RCP equivalent),~900 Gt CO2,900.0,unit-bound scalar,~,,False
Lamperti 等 - 2019 - The public costs of climate-induced financial instability.pdf,SSP5,High-end,N/A (already overshot),,excluded,,explicitly missing/unspecified,False
Huang 等 - 2025 - Distributional Responses of Five Betula (Betulaceae) Species to Future Climate Change in Chin.pdf,SSP1-2.6,C3,P50 remaining budget: 900 Gt CO2 (for 50% likelihood),900.0,unit-bound scalar,,,False
Ben Mariem和Chaieb - 2017 - CLIMATE CHANGE IMPACTS ON THE DISTRIBUTION OF STIPA TENACISSIMA L. ECOSYSTEMS IN NORTH AFRICA.pdf,RCP2.6,C3 (RCP equivalent),~900 Gt CO2,900.0,unit-bound scalar,~,,False
Merschman 等 - 2020 - Assessment of the effectiveness of wood pole repair using FRP considering the impact of climate chan.pdf,RCP8.5,SSP5-8.5,Not applicable,,excluded,,no unambiguous carbon-budget value,False
Zlatanovic 等 - 2018 - Current state and perspective of water management policy in terms of climate change Case study of t.pdf,A2,C5,102.7723603383973,102.7723603383973,field-only scalar,,,True
Poblete-Cazenave 等 - 2021 - Global scenarios of household access to modern energy services under climate mitigation policy.pdf,SSP1,C1,600-700 GtCO₂,650.0,unit-bound range midpoint,,,False
Poblete-Cazenave 等 - 2021 - Global scenarios of household access to modern energy services under climate mitigation policy.pdf,SSP2,C5,325.2897925777136,325.2897925777136,field-only scalar,,,True
Poblete-Cazenave 等 - 2021 - Global scenarios of household access to modern energy services under climate mitigation policy.pdf,SSP3,C7,5565.348400074735,5565.348400074735,field-only scalar,,,False
Poblete-Cazenave 等 - 2021 - Global scenarios of household access to modern energy services under climate mitigation policy.pdf,CP2C,C5,1793.871566014591,1793.871566014591,field-only scalar,,,False
Poblete-Cazenave 等 - 2021 - Global scenarios of household access to modern energy services under climate mitigation policy.pdf,CP1.5C,C1,217.24 GtCO₂,217.24,unit-bound scalar,,,False
Zomer 等 - 2014 - Projected climate change impacts on spatial distribution of bioclimatic zones and ecoregions within.pdf,RCP2.6,SSP1-2.6 equivalent,"≈500 Gt CO2 (WGIII, 2020 remaining)",500.0,unit-bound scalar,≈,,False
Hosseinzadehtalaei 等 - 2026 - Future precipitation whiplash over Belgium from a high-resolution regional climate model.pdf,RCP2.6,SSP1-2.6,≈1150 Gt CO2 from 2020 for 1.5°C,1150.0,unit-bound scalar,≈,,False
Gharakhanlou和Perez - 2022 - Spatial Prediction of Current and Future Flood Susceptibility Examining the Implications of Changin.pdf,RCP2.6,C3 (RCP equivalent),~1000 Gt CO2,1000.0,unit-bound scalar,~,,False
Gharakhanlou和Perez - 2022 - Spatial Prediction of Current and Future Flood Susceptibility Examining the Implications of Changin.pdf,RCP4.5,C5 (SSP2-4.5 equivalent),~1400 GtCO₂ from 2020,1400.0,unit-bound scalar,~,,False
Zhang 等 - 2018 - Nonlinearity of Runoff Response to Global Mean Temperature Change Over Major Global River Basins.pdf,RCP2.6,C3 (RCP equivalent),~900 Gt CO2,900.0,unit-bound scalar,~,,False
Favero 等 - 2023 - TEMPERATURE AND ENERGY SECURITY WILL FOREST BIOMASS HELP IN THE FUTURE.pdf,Baseline scenario without mitigation policy,C5,4067.198904304981 GtCO₂,4067.198904304981,unit-bound scalar,,,False
Zuo 等 - 2016 - Assessing the effects of changes in land use and climate on runoff and sediment yields from a waters.pdf,S2 (C1–L2): climate during 1979–1984 (C1) and land use in 2005 (L2),C5: limit warming to 2.5°C (>50%),1793.871566014591,1793.871566014591,field-only scalar,,,False
Wang 等 - 2023 - Responses of wheat kernel weight to diverse allelic combinations under projected climate change cond.pdf,SSP2-4.5,C4,1150-1350 GtCO₂ from 2020,1250.0,unit-bound range midpoint,,,False
Wang 等 - 2023 - Responses of wheat kernel weight to diverse allelic combinations under projected climate change cond.pdf,SSP5-8.5,C8,Not applicable (no climate policy),,excluded,,no unambiguous carbon-budget value,False
West 等 - 2021 - Diversification of forestry portfolios for climate change and market risk mitigation.pdf,RCP2.6,C3 (RCP equivalent),~900 Gt CO2,900.0,unit-bound scalar,~,,False
Liu 等 - 2025 - Research on the impact of climate change on food security in Africa.pdf,SSP2-4.5,C5,2744.812344177873,2744.812344177873,field-only scalar,,,False
Liu 等 - 2025 - Research on the impact of climate change on food security in Africa.pdf,SSP3-7.0,C7,~4000 GtCO2,4000.0,unit-bound scalar,~,,False
Khan 等 - 2025 - Anticipating Future Hydrological Changes in the Northern River Basins of Pakistan Insights from the.pdf,RCP2.6,C2 (equivalent to SSP1-2.6),~500 Gt CO2 from 2020,500.0,unit-bound scalar,~,,False
Aumen 等 - 2015 - Predicting Ecological Responses of the Florida Everglades to Possible Future Climate Scenarios Intr.pdf,"10% decrease in RF, 1.5°C increase, and 0.46-m sea level rise with increased coastal canal levels",C5,271.9704635822378,271.9704635822378,field-only scalar,,,True
Aumen 等 - 2015 - Predicting Ecological Responses of the Florida Everglades to Possible Future Climate Scenarios Intr.pdf,"10% increase in RF, 1.5°C increase, and 0.46-m sea level rise with increased coastal canal levels",C5,271.9704635822378,271.9704635822378,field-only scalar,,,True
Alizadeh 等 - 2022 - A statistical framework to project wave climate and energy potential in the Caspian Sea application.pdf,SSP2-4.5,C2,1200-1400 GtCO₂,1300.0,unit-bound range midpoint,,,False
Vahmani 等 - 2016 - Investigating the climate impacts of urbanization and the potential for cool roofs to counter future.pdf,RCP2.6,N/A (RCP2.6 scenario),~900 Gt CO2,900.0,unit-bound scalar,~,,False
Adedoja 等 - 2024 - Moving with your mutualist Predicted climate-induced mismatch between Proteaceae species and their.pdf,RCP 4.5,C5 (RCP equivalent),~650 Gt CO₂ (2019-2100 cumulative),650.0,unit-bound scalar,~,,False
Abrams 等 - 2023 - Committed Global Warming Risks Triggering Multiple Climate Tipping Points.pdf,RCP2.6,C1 (RCP equivalent),~900 Gt CO2,900.0,unit-bound scalar,~,,False
Barrier 等 - 2025 - Assessing the Time of Emergence of Marine Ecosystems From Global to Local Scales Using IPSL-CM6A-LR.pdf,SSP1-2.6,C1,~500 GtCO₂ from 2020,500.0,unit-bound scalar,~,,False
Arnell和Freeman - 2022 - The impact of climate change on policy-relevant indicators of temperature extremes in the United Kin.pdf,RCP2.6,C3 (RCP equivalent),~900 Gt CO2,900.0,unit-bound scalar,~,,False
Beltramino 等 - 2015 - Impact of climate change on the distribution of a giant land snail from South America predicting fu.pdf,A2,C7,102.7723603383973,102.7723603383973,field-only scalar,,,True
Beltramino 等 - 2015 - Impact of climate change on the distribution of a giant land snail from South America predicting fu.pdf,B1,C5,652.4725285661066,652.4725285661066,field-only scalar,,,False
Ye 等 - 2015 - Adopting higher-yielding varieties to ensure Chinese food security under climate change in 2050.pdf,A2,C5,102.7723603383973,102.7723603383973,field-only scalar,,,True
Ye 等 - 2015 - Adopting higher-yielding varieties to ensure Chinese food security under climate change in 2050.pdf,B2,C5,835.4639342141137,835.4639342141137,field-only scalar,,,False
Han 等 - 2025 - Future Land Use and Cover Modeling in South Korea Linking SSP-RCP with FLUS Model.pdf,SSP1-2.6,C1,~900 Gt CO2,900.0,unit-bound scalar,~,,False
Han 等 - 2025 - Future Land Use and Cover Modeling in South Korea Linking SSP-RCP with FLUS Model.pdf,SSP2-4.5,C6,1680–3240 GtCO₂,2460.0,unit-bound range midpoint,,,False
Jimenez Narvaez 等 - 2025 - Adaptation Dynamics of Galapagos Finches Evolutionary Responses to Climate Variation Explored throu.pdf,"Hypothetical climatic conditions with temperature of 25°C, precipitation of 500 mm, beak length of 10 mm, and beak depth of 5 mm",C6: limit warming to 3°C (>50%),2619.964986816399,2619.964986816399,field-only scalar,,,False
Fonseca 等 - 2021 - Effects of Climate Change on Capacity Expansion Decisions of an Electricity Generation Fleet in the.pdf,RCP4.5,C3 (Below 2°C),1200-1400 GtCO₂ (from 2020),1300.0,unit-bound range midpoint,,,False
Fonseca 等 - 2021 - Effects of Climate Change on Capacity Expansion Decisions of an Electricity Generation Fleet in the.pdf,Reference,C7,6016.054280938453,6016.054280938453,field-only scalar,,,False
Diouf 等 - 2025 - Assessment of Spatio-Temporal Trends in Rainfall Indices in Senegal Validation of CMIP6 Models over.pdf,SSP245,C3,1200-1300 Gt CO₂,1250.0,unit-bound range midpoint,,,False
Liu 等 - 2019 - Climate change will constrain the rapid urban expansion in drylands A scenario analysis with the zo.pdf,GCM-RCP2.6,C1 (Very low emissions),~400-500 Gt CO2 from 2020,450.0,unit-bound range midpoint,~,,False
An 等 - 2023 - Predicting the Effects of Future Climate Change on the Potential Distribution of Eolagurus luteus.pdf,SSP126,C1,550.0,550.0,field-only scalar,,,False
An 等 - 2023 - Predicting the Effects of Future Climate Change on the Potential Distribution of Eolagurus luteus.pdf,SSP245,C2 (Illustrative),1150,1150.0,field-only scalar,,,False
Sun 等 - 2024 - Integrating the functions and structures to assess ecological network sustainability under climate c.pdf,SSP1-1.9 2030,C1,"~500 Gt CO₂ (from 2020, for 1.5°C with 50% probability)",500.0,unit-bound scalar,~,,False
Sun 等 - 2024 - Integrating the functions and structures to assess ecological network sustainability under climate c.pdf,SSP2-4.5 2030,C6,2744.812344177873,2744.812344177873,field-only scalar,,,False
Lalani 等 - 2025 - Simulations using APSIM suggest that Conservation Agriculture sustains protein yield under changing.pdf,Baseline scenario,C7: limit warming to 4°C (>50%),4067.198904304981,4067.198904304981,field-only scalar,,,False
Haji Mohammadi 等 - 2024 - Assessing Future Hydrological Variability in a Semi-Arid Mediterranean Basin Soil and Water Assessm.pdf,SSP126,C1,~500 GtCO₂ from 2020,500.0,unit-bound scalar,~,,False
Haji Mohammadi 等 - 2024 - Assessing Future Hydrological Variability in a Semi-Arid Mediterranean Basin Soil and Water Assessm.pdf,SSP245,C2,2744.812344177873,2744.812344177873,field-only scalar,,,True
Sreeparvathy和Srinivas - 2022 - Meteorological flash droughts risk projections based on CMIP6 climate change scenarios.pdf,SSP1-1.9,C1,~500 Gt CO2,500.0,unit-bound scalar,~,,False
Wen 等 - 2020 - Comprehensive evaluation of hydrological models for climate change impact assessment in the Upper Ya.pdf,RCP2.6,C3,~900 Gt CO2,900.0,unit-bound scalar,~,,False
Liu 等 - 2023 - Climate Change Impacts on the Potential Distribution Pattern of Osphya (Coleoptera Melandryi.pdf,2070s RCP8.5,C8 (RCP equivalent),N/A (exceeds budget for 2°C),,excluded,,explicitly missing/unspecified,False
Molina-Navarro 等 - 2018 - Quantifying the combined effects of land use and climate changes on stream flow and nutrient loads.pdf,Agriculture for Nature (AN),C4,4631.628201551354,4631.628201551354,field-only scalar,,,False
Li 等 - 2024 - Impact of Ridge Tillage and Mulching on Water Dynamics of Summer Maize Fields Under Climate Change i.pdf,SSP2-4.5,C5,2744.812344177873,2744.812344177873,field-only scalar,,,False
Oki和Kanae - 2006 - Global hydrological cycles and world water resources.pdf,A2,C7,102.7723603383973,102.7723603383973,field-only scalar,,,True
Choquette-Levy 等 - 2021 - Risk transfer policies and climate-induced immobility among smallholder farmers.pdf,1.5 °C increase by 2050,C4,271.9704635822378,271.9704635822378,field-only scalar,,,False
Arenson和Jakob - 2015 - Periglacial Geohazard Risks and Ground Temperature Increases.pdf,Projected change in air temperature of +2°C,C5: limit warming to 2.5°C (>50%),1793.871566014591,1793.871566014591,field-only scalar,,,False
Fuhrman 等 - 2021 - The role of direct air capture and negative emissions technologies in the shared socioeconomic pathw.pdf,SSP1-1.9-DACCS,C1,~500 Gt CO2,500.0,unit-bound scalar,~,,False
Spillias 等 - 2023 - Reducing global land-use pressures with seaweed farming.pdf,Fuel,C5,1530.757718670945,1530.757718670945,field-only scalar,,,False
Spillias 等 - 2023 - Reducing global land-use pressures with seaweed farming.pdf,All,C5,212.8537743020109,212.8537743020109,field-only scalar,,,True
Vrac - 2018 - Multivariate bias adjustment of high-dimensional climate simulations the Rank Resampling for Distri.pdf,RCP8.5,SSP5-8.5 (High GHG emissions),N/A (pathway exceeds budget for 2°C),,excluded,,explicitly missing/unspecified,False
Bartosova 等 - 2019 - Future socioeconomic conditions may have a larger impact than climate change on nutrient loads to th.pdf,SSP1 (Sustainability),SSP1-1.9,400–500 GtCO₂ (remaining from 2020),450.0,unit-bound range midpoint,,,False
Bedair 等 - 2024 - Impact of climate change on the spatial distribution of the endemic shrub Rubus asirensis in.pdf,SSP126,C1,400.0 GtCO₂,400.0,unit-bound scalar,,,False
Martinez 等 - 2017 - The impact of palm oil feedstock within the LCA of a bio-sourced cosmetic cream.pdf,Baseline scenario,C7: limit warming to 4°C (>50%),4067.198904304981,4067.198904304981,field-only scalar,,,False
Wu 等 - 2022 - North Expansion of Winter Wheat Planting Area in China under Different Emissions Scenarios.pdf,SSP1-2.6,C1,~500 Gt CO2 from 2020,500.0,unit-bound scalar,~,,False
Gregor 等 - 2024 - Quantifying the impact of key factors on the carbon mitigation potential of managed temperate forest.pdf,RCP2.6,C3 (RCP equivalent),~900 Gt CO2,900.0,unit-bound scalar,~,,False
Lorencone 等 - 2025 - Agricultural zoning of Coffea arabica in Brazil for current and future climate scenarios imp.pdf,RCP2.6,C1 (RCP equivalent),~1000 Gt CO2,1000.0,unit-bound scalar,~,,False
Li 等 - 2025 - Genomic vulnerability assessment reveals the potential benefits of adaptive introgression by mitigat.pdf,SSP245,C2,1150-1400 GtCO₂ from 2020,1275.0,unit-bound range midpoint,,,False
Belleri 等 - 2023 - Continental-scale trends of daily precipitation records in late 20th century decades and 21st centur.pdf,RCP2.6,C3 (RCP equivalent),~900 Gt CO2,900.0,unit-bound scalar,~,,False
Rezai和Van Der Ploeg - 2017 - Abandoning Fossil Fuel How Fast and How Much.pdf,First best,C4,320 GtC,1172.48,unit-bound scalar,,,False
Rezai和Van Der Ploeg - 2017 - Abandoning Fossil Fuel How Fast and How Much.pdf,Laissez faire,C7,2500 GtC,9160.0,unit-bound scalar,,,False
Gao 等 - 2023 - A Large Ensemble Global Dataset for Climate Impact Assessments.pdf,Reference,C8,6016.054280938453,6016.054280938453,field-only scalar,,,False
Gao 等 - 2023 - A Large Ensemble Global Dataset for Climate Impact Assessments.pdf,Paris Forever,C7,3766.778545171488,3766.778545171488,field-only scalar,,,False
Gao 等 - 2023 - A Large Ensemble Global Dataset for Climate Impact Assessments.pdf,Paris 2 °C,C3,1793.871566014591,1793.871566014591,field-only scalar,,,False
Gao 等 - 2023 - A Large Ensemble Global Dataset for Climate Impact Assessments.pdf,Paris 1.5 °C,C1,~500 Gt CO2,500.0,unit-bound scalar,~,,False
Choi 等 - 2021 - Forest management can mitigate negative impacts of climate and land-use change on plant biodiversity.pdf,SSP3-7.0,C7,5565.348400074735,5565.348400074735,field-only scalar,,,False
Luh和Chang - 2021 - Effect of Climate Change on Staple Food Production Empirical Evidence from a Structural Ricardian A.pdf,RCP2.6,C1 (RCP equivalent),~1150 Gt CO2,1150.0,unit-bound scalar,~,,False
Adane 等 - 2019 - Sensitivity of Potential Groundwater Recharge to Projected Climate Change Scenarios A Site-Specific.pdf,RCP2.6,C3 (RCP equivalent),~900 Gt CO2,900.0,unit-bound scalar,~,,False
Dale 等 - 2017 - Climate model uncertainty in impact assessments for agriculture A multi-ensemble case study on maiz.pdf,RCP8.5,>4 °C high-warming pathway,Budget exceeded,,excluded,,no unambiguous carbon-budget value,False
Zhang 等 - 2024 - Impact of Climate Change on the Habitat Suitability of Monochamus saltuarius Gebler (Coleopte.pdf,SSP1-2.6,C3,~900 Gt CO2,900.0,unit-bound scalar,~,,False
Zhang 等 - 2024 - Impact of Climate Change on the Habitat Suitability of Monochamus saltuarius Gebler (Coleopte.pdf,SSP2-4.5,C5,2744.812344177873,2744.812344177873,field-only scalar,,,False
Yan 等 - 2017 - Potential distributional changes of invasive crop pest species associated with global climate change.pdf,2050-RCP2.6,C3 (RCP equivalent),~900 Gt CO2,900.0,unit-bound scalar,~,,False
Babaeian 等 - 2024 - Projected precipitation and temperature changes in the Middle East-West Asia using RegCM4.7 under SS.pdf,SSP2-4.5,C5,2720 GtCO₂,2720.0,unit-bound scalar,,,False
Ding 等 - 2024 - Analyzing climate zone changes in 21st-century China using CMIP6 ensemble projections.pdf,SSP5-8.5 - Fossil-Fueled Development Pathway,C8,Very high (>4000 GtCO2),4000.0,unit-bound scalar,>,,False
van Haren 等 - 2015 - Resolution dependence of circulation forced future central European summer drying.pdf,RCP8.5,C8 (RCP equivalent),Not applicable for RCP scenarios,,excluded,,no unambiguous carbon-budget value,False
Malagon-Santos 等 - 2025 - Emulating long-term CMIP6 projections of sterodynamic sea-level change using a three-layer energy ba.pdf,SSP1-2.6,C3,~900 Gt CO2,900.0,unit-bound scalar,~,,False
Yagasaki和Shirato - 2014 - Assessment on the rates and potentials of soil organic carbon sequestration in agricultural lands in.pdf,BAU,C7: limit warming to 4°C (>50%),4421.106912693341,4421.106912693341,field-only scalar,,,False
Hu 等 - 2025 - A 1 km monthly dataset of historical and future climate changes over China.pdf,SSP1-2.6,C1,N/A — not specified in source,,excluded,,explicitly missing/unspecified,False
Hu 等 - 2025 - A 1 km monthly dataset of historical and future climate changes over China.pdf,SSP2-4.5,C5,Model dependent (not fixed by SSP2-4.5 scenario),,excluded,,no unambiguous carbon-budget value,False
Childs 等 - 2025 - Climate warming is expanding dengue burden in the Americas and Asia.pdf,SSP1-2.6,C1,"1150 GtCO2 (2020-2100, 50% probability)",1150.0,unit-bound scalar,,,False
Mehboob和Kim - 2021 - Effect of climate and socioeconomic changes on future surface water availability from mountainous wa.pdf,RCP2.6 + SSP1,C1,~350-550 Gt CO2,450.0,unit-bound range midpoint,~,,False
Martinich和Crimmins - 2019 - Climate damages and adaptation potential across diverse sectors of the United States.pdf,RCP8.5,C8 (RCP equivalent),Exceeds 2°C budget,,excluded,,no unambiguous carbon-budget value,False
Liu 等 - 2024 - Prediction of long-term photovoltaic power generation in the context of climate change.pdf,SSP245,Likely below 3°C,2744.812344177873,2744.812344177873,field-only scalar,,,False
de Carvalho Junior 等 - 2025 - Agroclimatic and Mechanization Zoning of Sugarcane Associated with Ethanol Production Potential in M.pdf,SSP1-2.6,C1,~300 Gt CO₂ from 2020,300.0,unit-bound scalar,~,,False
Williams 等 - 2025 - The Impacts of Climate Change on Aircraft Noise near European Airports.pdf,SSP1-2.6,C3,950,950.0,field-only scalar,,,False
Robert 等 - 2018 - A stochastic dynamic programming approach to analyze adaptation to climate change - Application to g.pdf,Baseline scenario,C7: limit warming to 4°C (>50%),4067.198904304981,4067.198904304981,field-only scalar,,,False
Robert 等 - 2018 - A stochastic dynamic programming approach to analyze adaptation to climate change - Application to g.pdf,Scenario 2: Climate change and subsidized rainfed crops,C5: limit warming to 2.5°C (>50%),1793.871566014591,1793.871566014591,field-only scalar,,,False
Hameed 等 - 2013 - The value of a multi-faceted climate change vulnerability assessment to managing protected lands Le.pdf,A1B,C3,~900 Gt CO2,900.0,unit-bound scalar,~,,False
Zareian和Eslamian - 2019 - Using of Optimization Strategy for Reducing Water Scarcity in the Face of Climate Change.pdf,A2,C7,102.7723603383973,102.7723603383973,field-only scalar,,,True
Zareian和Eslamian - 2019 - Using of Optimization Strategy for Reducing Water Scarcity in the Face of Climate Change.pdf,B1,C7,652.4725285661066,652.4725285661066,field-only scalar,,,False
Sadai 等 - 2025 - Antarctic meltwater alters future projections of climate and sea level.pdf,RCP4.5,C4,1000–1500 GtCO₂ (2020–2100),1250.0,unit-bound range midpoint,,,False
Snall 等 - 2017 - Transient trade-off between climate benefit and biodiversity loss of harvesting stumps for bioenergy.pdf,S1,C3: limit warming to 2°C (>67%),893.060956844902,893.060956844902,field-only scalar,,,False
Snall 等 - 2017 - Transient trade-off between climate benefit and biodiversity loss of harvesting stumps for bioenergy.pdf,S2,C4: limit warming to 2°C (>50%),1447.733517816087,1447.733517816087,field-only scalar,,,False
Fujimori 等 - 2019 - A multi-model assessment of food security implications of climate change mitigation.pdf,Baseline,C7,4067.198904304981,4067.198904304981,field-only scalar,,,False
Fujimori 等 - 2019 - A multi-model assessment of food security implications of climate change mitigation.pdf,1.5 °C,C4,500-600 Gt CO2 (from 2020),550.0,unit-bound range midpoint,,,False
Bai 等 - 2023 - Impact of Climate Change on Water Transfer Scale of Inter-basin Water Diversion Project.pdf,RCP2.6,C3,~500 Gt CO2,500.0,unit-bound scalar,~,,False
Muhammad 等 - 2024 - An integrated land change modeler and distributed hydrological model approach for quantifying future.pdf,S1 - future climate + historical land-use assumptions,C5,2744.812344177873,2744.812344177873,field-only scalar,,,False
Lopez-Moreno 等 - 2008 - Climate change prediction over complex areas spatial variability of uncertainties and predictions.pdf,A2,C5,102.7723603383973,102.7723603383973,field-only scalar,,,True
Lopez-Moreno 等 - 2008 - Climate change prediction over complex areas spatial variability of uncertainties and predictions.pdf,B2,C5,835.4639342141137,835.4639342141137,field-only scalar,,,False
Saki 等 - 2018 - A scenario-based modeling of climate change impacts on the aboveground net primary production in ran.pdf,RCP2.6,SSP1-1.9,~500 Gt CO2 from 2020,500.0,unit-bound scalar,~,,False
Saki 等 - 2018 - A scenario-based modeling of climate change impacts on the aboveground net primary production in ran.pdf,RCP4.5,C3,~3000 GtCO2 (from 2015),3000.0,unit-bound scalar,~,,False
Tapiador和Sanchez - 2008 - Changes in the European precipitation climatologies as derived by an ensemble of regional models.pdf,A2,C5,102.7723603383973,102.7723603383973,field-only scalar,,,True
Liu 等 - 2012 - Analyzing projected changes and trends of temperature and precipitation in the southern USA from 16.pdf,A2,C5,102.7723603383973,102.7723603383973,field-only scalar,,,True
Liu 等 - 2012 - Analyzing projected changes and trends of temperature and precipitation in the southern USA from 16.pdf,B1,N/A - SRES scenario,652.4725285661066,652.4725285661066,field-only scalar,,,False
"Andrews 等 - 2010 - Precipitation, radiative forcing and global temperature change.pdf",CO2,C4: limit warming to 2°C (>50%),633.5057805520881,633.5057805520881,field-only scalar,,,False
"Andrews 等 - 2010 - Precipitation, radiative forcing and global temperature change.pdf",CH4,C7: limit warming to 4°C (>50%),4701.689283291276,4701.689283291276,field-only scalar,,,False
Mandryk 等 - 2012 - Scenarios of long-term farm structural change for application in climate change impact assessment.pdf,A1,C5,216.8368249438647,216.8368249438647,field-only scalar,,,True
Mandryk 等 - 2012 - Scenarios of long-term farm structural change for application in climate change impact assessment.pdf,B2,C4,835.4639342141137,835.4639342141137,field-only scalar,,,False
Price 等 - 2024 - Assessing the potential risks of climate change on the natural capital of six countries resulting fr.pdf,SSP2,C5,325.2897925777136,325.2897925777136,field-only scalar,,,True
Li 等 - 2025 - A Model of the Current Geographic Distribution and Predictions of Future Range Shifts of Lentinul.pdf,SSP1-2.6,C1,~500 Gt CO₂ from 2020 (for 1.5°C with 50% chance),500.0,unit-bound scalar,~,,False
"Feeley 等 - 2012 - The relative importance of deforestation, precipitation change, and temperature sensitivity in deter.pdf",GOV +2°C,C4,1793.871566014591,1793.871566014591,field-only scalar,,,False
"Feeley 等 - 2012 - The relative importance of deforestation, precipitation change, and temperature sensitivity in deter.pdf",BAU +2°C,C4b,1793.871566014591,1793.871566014591,field-only scalar,,,False
Xu 等 - 2019 - Assessment of climate change impact and difference on the river runoff in four basins in China under.pdf,1.5°C global warming,C4,271.9704635822378,271.9704635822378,field-only scalar,,,False
Liu 等 - 2023 - Impact of Climate Change on Reservoir Operation during the Dry Season in the Pearl River Basin.pdf,RCP2.6,C1,~900 Gt CO2,900.0,unit-bound scalar,~,,False
Liu 等 - 2023 - Impact of Climate Change on Reservoir Operation during the Dry Season in the Pearl River Basin.pdf,RCP4.5,C4 (Below 2°C),1000-1500 GtCO₂,1250.0,unit-bound range midpoint,,,False
Zhang 等 - 2024 - Impacts of Climate Change Conditions on the Potential Distribution of Anoplophora glabripennisi.pdf,SSP1-2.6,C1,≈400 GtCO₂,400.0,unit-bound scalar,≈,,False
Tran-Anh 等 - 2023 - A 10-km CMIP6 downscaled dataset of temperature and precipitation for historical and future Vietnam.pdf,SSP1-1.9,C1,~500 Gt CO2,500.0,unit-bound scalar,~,,False
Rosa和Sangiorgio - 2025 - Global water gaps under future warming levels.pdf,1.5°C warming,C1,N/A – carbon budget not stated in source,,excluded,,explicitly missing/unspecified,False
Bao 等 - 2023 - Dynamic modeling of topsoil organic carbon and its scenarios forecast in global Mollisols regions.pdf,SSP245,C3,2744.812344177873,2744.812344177873,field-only scalar,,,False
Bao 等 - 2023 - Dynamic modeling of topsoil organic carbon and its scenarios forecast in global Mollisols regions.pdf,SSP585,C7,0 GtCO2,,excluded,,no unambiguous carbon-budget value,False
Abatayo 等 - 2020 - Solar geoengineering may lead to excessive cooling and.pdf,Experimental baseline (no counter-geoengineering),C7: limit warming to 4°C (>50%),4067.198904304981,4067.198904304981,field-only scalar,,,False
Adeola 等 - 2022 - Observed trends and projections of temperature and precipitation in the Olifants River Catchment in.pdf,RCP4.5,SSP2-4.5,~1350 GtCO₂ (from 1850),1350.0,unit-bound scalar,~,,False
"de Oliveira 等 - 2023 - A framework for assessing flood risk responses of a densely urbanized watershed, to support urban pl.pdf",Baseline Scenario,C7: limit warming to 4°C (>50%),4067.198904304981,4067.198904304981,field-only scalar,,,False
"de Oliveira 等 - 2023 - A framework for assessing flood risk responses of a densely urbanized watershed, to support urban pl.pdf",U25C25 Scenario,Custom Scenario - Not Applicable,2619.964986816399,2619.964986816399,field-only scalar,,,False
"de Oliveira 等 - 2023 - A framework for assessing flood risk responses of a densely urbanized watershed, to support urban pl.pdf",M25C25 Scenario,C6: limit warming to 3°C (>50%),2619.964986816399,2619.964986816399,field-only scalar,,,False
"de Oliveira 等 - 2023 - A framework for assessing flood risk responses of a densely urbanized watershed, to support urban pl.pdf",U25M25C25 Scenario,"N/A (Custom U25M25C25 scenario, outside SSP/RCP framework)",2619.964986816399,2619.964986816399,field-only scalar,,,False
"Munoz Gonzalez 等 - 2020 - Effects of future climate change on the preservation of artworks, thermal comfort and energy consump.pdf",A2,C7,102.7723603383973,102.7723603383973,field-only scalar,,,True
Zolkos 等 - 2015 - Projected Tree Species Redistribution Under Climate Change Implications for Ecosystem Vulnerability.pdf,A2,C6,102.7723603383973,102.7723603383973,field-only scalar,,,True
Yang 等 - 2025 - Potential Distribution and Response to Climate Change in Puccinellia tenuiflora in China Proj.pdf,SSP126,C3,~900 Gt CO₂,900.0,unit-bound scalar,~,,False
Sun 等 - 2023 - How Striking Is the Intergenerational Difference in Exposure to Compound Heatwaves Over Southeast As.pdf,SSP1-2.6,C1,500 Gt CO2,500.0,unit-bound scalar,,,False
Sun 等 - 2023 - How Striking Is the Intergenerational Difference in Exposure to Compound Heatwaves Over Southeast As.pdf,SSP2-4.5,C4,1150,1150.0,field-only scalar,,,False
Lund 等 - 2021 - Land cover change in low-warming scenarios may enhance the climate role of secondary organic aerosol.pdf,Forest30_SSP119anthro,C1,~500 Gt CO2 (from SSP1-1.9 background simulation),500.0,unit-bound scalar,~,,False
Lund 等 - 2021 - Land cover change in low-warming scenarios may enhance the climate role of secondary organic aerosol.pdf,Crop30_SSP119anthro,C1,~500 Gt CO2,500.0,unit-bound scalar,~,,False
Liu 等 - 2022 - Analysis of Drought Characteristics Projections for the Tibetan Plateau Based on the GFDL-ESM2M Clim.pdf,RCP2.6,C3 (RCP equivalent),~900 Gt CO2,900.0,unit-bound scalar,~,,False
Monier 等 - 2016 - Uncertainty in future agro-climate projections in the United States and benefits of greenhouse gas m.pdf,REF,C8,4631.628201551354,4631.628201551354,field-only scalar,,,False
Schleussner 等 - 2016 - Differential climate impacts for policy-relevant limits to global warming the case of 1.5 °C and 2.pdf,1.5°C scenario,C4,271.9704635822378,271.9704635822378,field-only scalar,,,False
Schleussner 等 - 2016 - Differential climate impacts for policy-relevant limits to global warming the case of 1.5 °C and 2.pdf,2°C scenario,C6,1793.871566014591,1793.871566014591,field-only scalar,,,False
Yan 等 - 2022 - Projected changes of ecosystem productivity and their responses to extreme heat events in northern a.pdf,RCP2.6,N/A (RCP2.6 = CMIP5 scenario),~900 Gt CO2,900.0,unit-bound scalar,~,,False
Glenk和Martin-Ortega - 2018 - The economics of peatland restoration.pdf,Peatland Restoration under BAU scenario,C7: limit warming to 4°C (>50%),4792.751589898736,4792.751589898736,field-only scalar,,,False
Pickett 等 - 2018 - Cryptic and cumulative impacts on the wintering habitat of the endangered black-faced spoonbill (.pdf,IPRCP2.6,C3 (RCP equivalent),~900 Gt CO2,900.0,unit-bound scalar,~,,False
Sawadogo 等 - 2021 - Current and future potential of solar and wind energy over Africa using the RegCM4 CORDEX-CORE ensem.pdf,RCP2.6,C1 (RCP equivalent),~400-500 Gt CO2 from 2020,450.0,unit-bound range midpoint,~,,False
Sawadogo 等 - 2021 - Current and future potential of solar and wind energy over Africa using the RegCM4 CORDEX-CORE ensem.pdf,RCP8.5,C8 - High emissions (RCP8.5 equivalent),Not applicable (RCP framework),,excluded,,no unambiguous carbon-budget value,False
He 等 - 2021 - Assessment of Climate Change in Central Asia from 1980 to 2100 Using the Koppen-Geiger Climate Class.pdf,RCP2.6,SSP1-2.6 (CMIP5 RCP2.6 equivalent),~900 Gt CO2 (from 2020),900.0,unit-bound scalar,~,,False
He 等 - 2021 - Assessment of Climate Change in Central Asia from 1980 to 2100 Using the Koppen-Geiger Climate Class.pdf,RCP8.5,N/A (Legacy RCP scenario),N/A (Legacy RCP scenario),,excluded,,explicitly missing/unspecified,False
Stott 等 - 2013 - The upper end of climate model temperature projections is inconsistent with past warming.pdf,RCP4.5,C5 (RCP equivalent),Not available in RCP4.5 framework (AR6 carbon budgeting introduced later),,excluded,,no unambiguous carbon-budget value,False
Abu-Taleb - 2000 - Impacts of global climate change scenarios on water supply and demand in Jordan.pdf,Temperature +2°C and Precipitation -20%,C7,1793.871566014591,1793.871566014591,field-only scalar,,,False
Fu 等 - 2023 - MaxEnt Modeling for Predicting the Potential Wintering Distribution of Eurasian Spoonbill (Platal.pdf,RCP2.6-2050,C3 (RCP equivalent),~900 Gt CO2,900.0,unit-bound scalar,~,,False
"Zhang 等 - 2011 - Climate change, glacier melting and streamflow in the Niyang River Basin, Southeast Tibet, China.pdf","Temperature increase scenarios (0, 0.5, 1, 1.5, 2, 2.5°C)",C6: limit warming to 3°C (>50%),2619.964986816399,2619.964986816399,field-only scalar,,,False
Habedank 等 - 2024 - Flipbook-ENA Towards a dynamic Ecological Network Analysis under changing environmental conditions.pdf,Temperature increase from 9°C to 15°C,C1: limit warming to 1.5°C (>50%) with no or limited overshoot,271.9704635822378,271.9704635822378,field-only scalar,,,False
Yang 等 - 2022 - Climate Change and Renewable Energy Generation in Europe-Long-Term Impact Assessment on Solar and Wi.pdf,RCP2.6,C1 (RCP equivalent),~900 Gt CO2,900.0,unit-bound scalar,~,,False
"Ziter 等 - 2012 - Climate change and voltinism in Californian insect pest species sensitivity to location, scenario a.pdf",A2,C6,102.7723603383973,102.7723603383973,field-only scalar,,,True
"Ziter 等 - 2012 - Climate change and voltinism in Californian insect pest species sensitivity to location, scenario a.pdf",B1,C4,652.4725285661066,652.4725285661066,field-only scalar,,,False
Mentzafou 等 - 2025 - Assessing the Impacts of Climatic and Water Management Scenarios in a Small Mountainous Greek River.pdf,SSP1-2.6,C3,≥900 Gt CO2 from 2020,900.0,unit-bound scalar,≥,,False
Srinivas 等 - 2014 - Multi-site downscaling of maximum and minimum daily temperature using support vector machine.pdf,A2,C6,102.7723603383973,102.7723603383973,field-only scalar,,,True
Srinivas 等 - 2014 - Multi-site downscaling of maximum and minimum daily temperature using support vector machine.pdf,B1,C5,652.4725285661066,652.4725285661066,field-only scalar,,,False
Luedeling 等 - 2009 - Climate change effects on winter chill for tree crops with chilling requirements on the Arabian Peni.pdf,Historic record +2°C,C6,1793.871566014591,1793.871566014591,field-only scalar,,,False
Wang 等 - 2016 - Attribution of Runoff Change for the Xinshui River Catchment on the Loess Plateau of China in a Chan.pdf,1955-1972 Baseline,C7: limit warming to 4°C (>50%),4067.198904304981,4067.198904304981,field-only scalar,,,False
Mosedale 等 - 2015 - Climate Change and Crop Exposure to Adverse Weather Changes to Frost Risk and Grapevine Flowering C.pdf,B1,C5,652.4725285661066,652.4725285661066,field-only scalar,,,False
Anthony - 2016 - Coral Reefs Under Climate Change and Ocean Acidification Challenges and Opportunities for Managemen.pdf,RCP2.6,Legacy RCP scenario (Pre-dates AR6 framework; nearest AR6 equivalent would be SSP1-1.9 or SSP1-2.6 but not specified in text),Not specified in text,,excluded,,no unambiguous carbon-budget value,False
Hsieh 等 - 2024 - Dependence of tropical cyclone seeds and climate sensitivity on tropical cloud response.pdf,CMIP6 models with abrupt quadrupling of CO2,C3,~900 Gt CO2,900.0,unit-bound scalar,~,,False
"Seneviratne 等 - 2018 - Climate extremes, land-climate feedbacks and land-use forcing at 1.5°C.pdf",HAPPI 1.5°C,C3,~500 Gt CO2,500.0,unit-bound scalar,~,,False
"Seneviratne 等 - 2018 - Climate extremes, land-climate feedbacks and land-use forcing at 1.5°C.pdf",HAPPI 2°C,C5,1793.871566014591,1793.871566014591,field-only scalar,,,False
Sommer 等 - 2010 - Projected impacts of climate change on regional capacities for global plant species richness.pdf,B1,C3,~900 Gt CO2,900.0,unit-bound scalar,~,,False
Zhou 等 - 2012 - Flood Protection Diversification to Reduce Probabilities of Extreme Losses.pdf,CC2 (Temperature increased by 2°C),C5: limit warming to 2.5°C (>50%),1793.871566014591,1793.871566014591,field-only scalar,,,False
Rauner 等 - 2020 - Air quality co-benefits of ratcheting up the NDCs.pdf,2°C AP stringent,C3,1150 Gt CO2,1150.0,unit-bound scalar,,,False
Suman 等 - 2022 - Precipitation of Mainland India Copula-based bias-corrected daily CORDEX climate data for both mean.pdf,RCP2.6,C1 (RCP equivalent),~1000 Gt CO₂,1000.0,unit-bound scalar,~,,False
Lu 等 - 2018 - Increasing compound events of extreme hot and dry days during growing seasons of wheat and maize in.pdf,RCP8.5,C8 (SSP5-8.5),From 2020: 1150 GtCO₂ for >50% chance to limit warming to 2°C (IPCC AR6),1150.0,unit-bound scalar,,,False
Zhang 等 - 2025 - Climate Change Drives the Adaptive Distribution and Habitat Fragmentation of Betula albosinensis.pdf,SSP126,C1,465.0,465.0,field-only scalar,,,False
Gebremedhn 等 - 2024 - Projecting the impact of climate change on honey bee plant habitat distribution in Northern Ethiopia.pdf,ssp245,C3,2744.812344177873,2744.812344177873,field-only scalar,,,False
Figura 等 - 2015 - Forecasting Groundwater Temperature with Linear Regression Models Using Historical Data.pdf,A2,C5,102.7723603383973,102.7723603383973,field-only scalar,,,True
Zhang 等 - 2024 - Evaluating the Impact of Climate Change and Human Activities on the Potential Distribution of Pine W.pdf,SSP1.0-2.6-2050s,C1,~500 Gt CO2 from 2020,500.0,unit-bound scalar,~,,False
Leng和Huang - 2017 - Crop yield response to climate change varies with crop spatial distribution pattern.pdf,RCP2.6,C3 (RCP equivalent),~900 Gt CO2,900.0,unit-bound scalar,~,,False
Winkler和Winiwarter - 2016 - Greenhouse gas scenarios for Austria a comparison of different approaches to emission trends.pdf,RCP2.6,SSP1-2.6 (RCP2.6 equivalent),N/A (RCP scenario),,excluded,,explicitly missing/unspecified,False
Zhao和Wang - 2020 - Future trends of water resources and influences on agriculture in China.pdf,RCP2.6,C1 (RCP equivalent),~900 Gt CO2,900.0,unit-bound scalar,~,,False
Wilkenskjeld 等 - 2022 - Strong increase in thawing of subsea permafrost in the 22nd century caused by anthropogenic climate.pdf,SSP2-4.5,C3,2744.812344177873,2744.812344177873,field-only scalar,,,False
Wilkenskjeld 等 - 2022 - Strong increase in thawing of subsea permafrost in the 22nd century caused by anthropogenic climate.pdf,SSP1-2.6,C1,510,510.0,field-only scalar,,,False
Littleton 等 - 2023 - Uncertain effectiveness of Miscanthus bioenergy expansion for climate change mitigation explo.pdf,SSP2-RCP2.6,C3 (RCP equivalent),~500 Gt CO2,500.0,unit-bound scalar,~,,False
"Khan 等 - 2022 - An impact of climate change and groundwater salinity on shadow price of water, farmers' revenue, and.pdf",A2,C2: return warming to 1.5°C (>50%) after a high overshoot,102.7723603383973,102.7723603383973,field-only scalar,,,False
"Khan 等 - 2022 - An impact of climate change and groundwater salinity on shadow price of water, farmers' revenue, and.pdf",B1,C3: limit warming to 2°C (>67%),652.4725285661066,652.4725285661066,field-only scalar,,,False
"Zhu 等 - 2023 - Compound wind and precipitation extremes at a global scale based on CMIP6 models Evaluation, projec.pdf",SSP1-2.6,C3,~900 Gt CO2,900.0,unit-bound scalar,~,,False
"Zhu 等 - 2023 - Compound wind and precipitation extremes at a global scale based on CMIP6 models Evaluation, projec.pdf",SSP2-4.5,C5,2744.812344177873,2744.812344177873,field-only scalar,,,False
"Zhu 等 - 2023 - Compound wind and precipitation extremes at a global scale based on CMIP6 models Evaluation, projec.pdf",SSP5-8.5,C8,Very high (>4000 GtCO2 from 2020),4000.0,unit-bound scalar,>,,False
Wu 等 - 2025 - Future heat-related mortality in Europe driven by compound day-night heatwaves and demographic shift.pdf,SSP1-2.6,C3,~900 Gt CO2,900.0,unit-bound scalar,~,,False
Luo 等 - 2024 - Population-specific climate sensitive top height curves and their applications to assisted migration.pdf,SSP245,C3,2744.812344177873,2744.812344177873,field-only scalar,,,False
Jiang 等 - 2015 - Climate- and soil-based models of site productivity in eastern US tree species.pdf,A2,C5,102.7723603383973,102.7723603383973,field-only scalar,,,True
Jiang 等 - 2015 - Climate- and soil-based models of site productivity in eastern US tree species.pdf,B1,C5,652.4725285661066,652.4725285661066,field-only scalar,,,False
Jiang 等 - 2015 - Climate- and soil-based models of site productivity in eastern US tree species.pdf,B2,C5,835.4639342141137,835.4639342141137,field-only scalar,,,False
"Shams 等 - 2024 - Assessing the effects of climate and land-use change on flood recurrence in Kokcha River, Afghanista.pdf",SSP2-4.5,C5,2744.812344177873,2744.812344177873,field-only scalar,,,False
Kupiainen 等 - 2019 - Climate impact of Finnish air pollutants and greenhouse gases using multiple emission metrics.pdf,Baseline scenario until 2030,C7: limit warming to 4°C (>50%),4067.198904304981,4067.198904304981,field-only scalar,,,False
Luo 等 - 2025 - Role of Forest Carbon Change in Shaping Future Land Use and Land Cover Change.pdf,SSP126,C1,942.4855433794125,942.4855433794125,field-only scalar,,,False
Luo 等 - 2025 - Role of Forest Carbon Change in Shaping Future Land Use and Land Cover Change.pdf,SSP585,C8,Not specified in study,,excluded,,no unambiguous carbon-budget value,False
Kaitna 等 - 2025 - Climate induced increase in frequency and area affected by critical rainfall conditions triggering d.pdf,RCP2.6,C3,~1000 Gt CO₂,1000.0,unit-bound scalar,~,,False
Bond 等 - 2014 - Incorporating climate change in conservation planning for freshwater fishes.pdf,LowCC A1T,C3,~900 Gt CO2,900.0,unit-bound scalar,~,,False
Fitzgerald 等 - 2025 - Climate change modelling predicts dramatic changes in the species distribution of Nordic crop wild r.pdf,SSP2-4.5,C3,2744.812344177873,2744.812344177873,field-only scalar,,,False
Flojgaard 等 - 2009 - Potential 21st century changes to the mammal fauna of Denmark - implications of climate c.pdf,A2,C5,102.7723603383973,102.7723603383973,field-only scalar,,,True
Zhang 等 - 2018 - Effective Radiative Forcing and Climate Response to Short-Lived Climate Pollutants Under Different S.pdf,RCP8.5,C8,Not applicable,,excluded,,no unambiguous carbon-budget value,False
Alam和Starr - 2013 - Impacts of climate change on savannah woodland biomass carbon density and water-use a modelling stu.pdf,B1,C1,comparable to SSP1-2.6 500-600 Gt CO₂,550.0,unit-bound range midpoint,,,False
Zhao 等 - 2022 - Climate Change Impact on Yield and Water Use of Rice-Wheat Rotation System in the Huang-Huai-Hai Pla.pdf,SSP126,C1,~500 Gt CO2,500.0,unit-bound scalar,~,,False
Zhao 等 - 2022 - Climate Change Impact on Yield and Water Use of Rice-Wheat Rotation System in the Huang-Huai-Hai Pla.pdf,SSP245,C3,~1400 GtCO₂,1400.0,unit-bound scalar,~,,False
Wang和Wang - 2019 - Improving probabilistic hydroclimatic projections through high-resolution convection-permitting clim.pdf,RCP8.5,Very high,>4000 Gt CO₂ from 2020,4000.0,unit-bound scalar,>,,False
Ge和Liu - 2025 - Revealing the potential mineral constraints in China's hydropower infrastructure under climate chang.pdf,2 °C degree control scenario (2DS),C4,900-1400,1150.0,field-only range midpoint,,,False
Zou 等 - 2025 - Escalating socioeconomic exposure to extreme heat in China A CMIP6-based analysis of future heatwav.pdf,SSP1-2.6,C3,~900 Gt CO2,900.0,unit-bound scalar,~,,False
Zhou 等 - 2018 - Economic Consequences of Cooling Water Insufficiency in the Thermal Power Sector under Climate Chang.pdf,RCP2.6,C3 (RCP equivalent),~900 Gt CO2,900.0,unit-bound scalar,~,,False
Yin 等 - 2016 - Risk and contributing factors of ecosystem shifts over naturally vegetated land under climate change.pdf,RCP 2.6,SSP1-2.6,~900 Gt CO2,900.0,unit-bound scalar,~,,False
Hegre 等 - 2016 - Forecasting civil conflict along the shared socioeconomic pathways.pdf,SSP1:Sustainability,C1,~500 Gt CO2,500.0,unit-bound scalar,~,,False
Mullan 等 - 2021 - Examining the Viability of the World's Busiest Winter Road to Climate Change Using a Process-Based L.pdf,1.5°C warming,C3,~500 Gt CO2,500.0,unit-bound scalar,~,,False
Mullan 等 - 2021 - Examining the Viability of the World's Busiest Winter Road to Climate Change Using a Process-Based L.pdf,2°C warming,C4,1793.871566014591,1793.871566014591,field-only scalar,,,False
Liu 等 - 2018 - Evaluation of water productivity under climate change in irrigated areas of the arid Northwest China.pdf,RCP2.6,C1 (RCP equivalent),~400-500 Gt CO2 from 2020,450.0,unit-bound range midpoint,~,,False
Liu 等 - 2018 - Evaluation of water productivity under climate change in irrigated areas of the arid Northwest China.pdf,RCP8.5,C8 (SSP5-8.5),Very high cumulative emissions pathway (>3000 GtCO2 by 2100),3000.0,unit-bound scalar,>,,False
Gebrechorkos 等 - 2023 - A high-resolution daily global dataset of statistically downscaled CMIP6 models for climate impact a.pdf,SSP2-4.5,C5,2744.812344177873,2744.812344177873,field-only scalar,,,False
Gebrechorkos 等 - 2023 - A high-resolution daily global dataset of statistically downscaled CMIP6 models for climate impact a.pdf,SSP5-3.4-OS,C3-C4: limited warming with overshoot to 2.5-3.0°C,~1100 Gt CO₂,1100.0,unit-bound scalar,~,,False
Kuru 等 - 2024 - Climate risk assessment of buildings An analysis of operating emissions of commercial offices in Au.pdf,CRREM Pathways for Commercial Office Buildings in Australia,C3,~500 Gt CO2,500.0,unit-bound scalar,~,,False
Beringer 等 - 2020 - First process-based simulations of climate change impacts on global tea production indicate large ef.pdf,RCP2.6,C3 (very low),~900 Gt CO2,900.0,unit-bound scalar,~,,False
Song和Xing - 2025 - Climate-Driven Changes in Spring Dust Emissions Over China WRF-Chem Projections Under SSP2-4.5 and.pdf,SSP2-4.5,C5,≈ 2750 Gt CO₂,2750.0,unit-bound scalar,≈,,False
Stella 等 - 2023 - Wheat crop traits conferring high yield potential may also improve yield stability under climate cha.pdf,RCP4.5,C2 (RCP4.5),~1950 GtCO₂ (from 2011),1950.0,unit-bound scalar,~,,False
Cella 等 - 2019 - Do climate changes alter the distribution and transmission of malaria Evidence assessment and recom.pdf,RCP8.5,C8 (RCP equivalent),<100 GtCO2 (for 2°C with 67% likelihood) or similar,100.0,unit-bound scalar,<,,True
"Zhu 等 - 2025 - Impact of Future Climate Change on the Climatic Suitability of Tea Planting on Hainan Island, China.pdf",SSP245,C3,~2745 GtCO2 from 2020,2745.0,unit-bound scalar,~,,False
Molina 等 - 2025 - Updated insights on climate change-driven temperature variability across historical and future perio.pdf,SSP1-2.6,C1,~500 Gt CO2,500.0,unit-bound scalar,~,,False
Molina 等 - 2025 - Updated insights on climate change-driven temperature variability across historical and future perio.pdf,SSP2-4.5,C4,2744.812344177873,2744.812344177873,field-only scalar,,,False
Molina 等 - 2025 - Updated insights on climate change-driven temperature variability across historical and future perio.pdf,SSP3-7.0,C6,850-1150 Gt CO2 from 2020,1000.0,unit-bound range midpoint,,,False
Chen 等 - 2024 - Amplification of warming-wetting in high mountains and associated mechanisms during the 21st century.pdf,SSP1-2.6,C1,~900 Gt CO2,900.0,unit-bound scalar,~,,False
Awan 等 - 2016 - A SWAT modeling approach to assess the impact of climate change on consumptive water use in Lower Ch.pdf,RCP8.5,C8 (High GHG emissions),>3000 GtCO₂ (from 2020),3000.0,unit-bound scalar,>,,False
Ando和Mallory - 2012 - Optimal portfolio design to reduce climate-related conservation uncertainty in the Prairie Pothole R.pdf,Warming of 2°C,C5: limit warming to 2.5°C (>50%),1793.871566014591,1793.871566014591,field-only scalar,,,False
Szabo和Szepszo - 2016 - Quantifying Sources of Uncertainty in Temperature and Precipitation Projections over Different Parts.pdf,A2,C5,102.7723603383973,102.7723603383973,field-only scalar,,,True
Szabo和Szepszo - 2016 - Quantifying Sources of Uncertainty in Temperature and Precipitation Projections over Different Parts.pdf,B1,C4,652.4725285661066,652.4725285661066,field-only scalar,,,False
Fuss 等 - 2016 - Research priorities for negative emissions.pdf,RCP2.6,C1,~1000-1100 Gt CO₂ (2018–2100),1050.0,unit-bound range midpoint,~,,False
Xu 等 - 2022 - Reactive transport modeling for supporting climate resilience at groundwater contamination sites.pdf,RCP2.6,C3 (RCP equivalent),~900 Gt CO2,900.0,unit-bound scalar,~,,False
Solaymani和Gosain - 2015 - Assessment of climate change impacts in a semi-arid watershed in Iran using regional climate models.pdf,A2,C5,102.7723603383973,102.7723603383973,field-only scalar,,,True
Solaymani和Gosain - 2015 - Assessment of climate change impacts in a semi-arid watershed in Iran using regional climate models.pdf,B2,C5,835.4639342141137,835.4639342141137,field-only scalar,,,False
Sun 等 - 2019 - Future Regional Contributions for Climate Change Mitigation Insights from Energy Investment Gap and.pdf,NDC,C5,1265.536430416577,1265.536430416577,field-only scalar,,,False
Sun 等 - 2019 - Future Regional Contributions for Climate Change Mitigation Insights from Energy Investment Gap and.pdf,2 C,C4,1793.871566014591,1793.871566014591,field-only scalar,,,False
Sun 等 - 2019 - Future Regional Contributions for Climate Change Mitigation Insights from Energy Investment Gap and.pdf,1.5 C,C1,~500 Gt CO2,500.0,unit-bound scalar,~,,False
Rahman 等 - 2021 - Appraising the historical and projected spatiotemporal changes in the heat index in Bangladesh.pdf,RCP 2.6,C3 (RCP equivalent),~900 Gt CO2,900.0,unit-bound scalar,~,,False
Nishikawa 等 - 2020 - Detection of the Oyashio and Kuroshio fronts under the projected climate change in the 21st century.pdf,RCP2.6,C1 (RCP equivalent),~900 Gt CO2,900.0,unit-bound scalar,~,,False
Han 等 - 2022 - Downscaling of Precipitation for Climate Change Projections Using Multiple Machine Learning Techniqu.pdf,SSP1-2.6,C1,~500 Gt CO2 from 2020,500.0,unit-bound scalar,~,,False
Han 等 - 2022 - Downscaling of Precipitation for Climate Change Projections Using Multiple Machine Learning Techniqu.pdf,SSP2-4.5,C3,1150,1150.0,field-only scalar,,,False
"Huang 等 - 2025 - DILEMMA OF CO2 MITIGATION EFFECTS OF CLIMATE, CO2, AND TECHNOLOGICAL PROGRESS.pdf",RCP 4.5,C3 (Below 2°C),~1150 GtCO2 from 2020 (for 67% chance of limiting warming to 2°C),1150.0,unit-bound scalar,~,,False
Dembele 等 - 2022 - Contrasting changes in hydrological processes of the Volta River basin under global warming.pdf,RCP2.6,C1 (Low GHG emissions),~1150 Gt CO2 (from 2020),1150.0,unit-bound scalar,~,,False
Frolicher 等 - 2016 - Sources of uncertainties in 21st century projections of potential ocean ecosystem stressors.pdf,RCP2.6 - A stringent emission mitigation scenario with a global mean net radiative forcing by year 2100 of 2.6 W/m².,C1 (Below 1.5 °C with no or limited overshoot),~900 Gt CO2,900.0,unit-bound scalar,~,,False
Nunez 等 - 2019 - Assessing the impacts of climate change on biodiversity is below 2°C enough.pdf,Global mean temperature increase of 1-2°C,C4,1793.871566014591,1793.871566014591,field-only scalar,,,False
Xu和Hui - 2021 - Assessing the Uncertainty of Hydropower-Environmental Conflict-Resolution Management under Climate C.pdf,RCP4.5,SSP2-4.5,~650 GtCO2,650.0,unit-bound scalar,~,,False
Zhang 等 - 2019 - A cultivated area forecasting approach in artificial oases under climate change and human activities.pdf,RCP2.6,C1 (SSP1-2.6),~1150 GtCO2 from 2020 (for a 50% probability of limiting warming to 1.5°C),1150.0,unit-bound scalar,~,,False
Ahmadebrahimpour 等 - 2019 - Assessing future drought conditions under a changing climate a case study of the Lake Urmia basin i.pdf,RCP 2.6,C1 (SSP1-2.6),~500 Gt CO2 from 2020,500.0,unit-bound scalar,~,,False
Berthe 等 - 2023 - The Comparative Analysis of Carbon Pricing Policies on Canadian Northwest Territories' Economy under.pdf,Carbon Pricing Policy Scenario aligned with RCP 2.6,SSP1-2.6,N/A (not a primary defining characteristic),,excluded,,explicitly missing/unspecified,False
Meshili和Yang - 2025 - THE INFLUENCE OF CLIMATE CHANGE ON THE POTENTIAL DISTRIBUTION OF INVASIVE GUTENBERGIA CORD.pdf,SSP 245,C3,2744.812344177873,2744.812344177873,field-only scalar,,,False
Fyllas 等 - 2022 - Potential Impacts of Climate Change on the Habitat Suitability of the Dominant Tree Species in Greec.pdf,SSP5-8.5,C8,Not applicable (high emissions scenario),,excluded,,no unambiguous carbon-budget value,False
Zhu 等 - 2024 - Projecting heat-related cardiovascular mortality burden attributable to human-induced climate change.pdf,SSP2–4.5,C4,2744.812344177873,2744.812344177873,field-only scalar,,,False
Madani 等 - 2018 - Future global productivity will be affected by plant trait response to climate.pdf,RCP8.5,C8,Not specified,,excluded,,no unambiguous carbon-budget value,False
Fabiano 等 - 2021 - A regime view of future atmospheric circulation changes in northern mid-latitudes.pdf,SSP2-4.5,C3,2744.812344177873,2744.812344177873,field-only scalar,,,False
Fabiano 等 - 2021 - A regime view of future atmospheric circulation changes in northern mid-latitudes.pdf,SSP5-8.5,C8,"Large remaining carbon budget (~1,000 GtCO₂) relative to SSP1-2.6 baseline",1000.0,unit-bound scalar,~,,False
Scavia 等 - 2024 - Water quality-fisheries tradeoffs in a changing climate underscore the need for adaptive ecosystem-b.pdf,SSP2-4.5,C3,"1000-1400 GtCO₂ (remaining from 2020, 50-67% probability)",1200.0,unit-bound range midpoint,,,False
"Seo - 2013 - An essay on the impact of climate change on US agriculture weather fluctuations, climatic shifts, a.pdf",Hadley2(2070–2099),C5,N/A - Not an SSP/RCP scenario,,excluded,,explicitly missing/unspecified,False
Harrer 等 - 2021 - Low Carbon Diet Integrating Gastronomy Service Emissions into the Carbon Management of the Universi.pdf,ICM Reference Budget 2020,C8: exceed warming of 4°C (>=50%),6016.054280938453,6016.054280938453,field-only scalar,,,False
Kim 等 - 2025 - Assessment of Future Rainfall Quantile Changes in South Korea Based on a CMIP6 Multi-Model Ensemble.pdf,SSP1-2.6,C1,~1150 Gt CO₂,1150.0,unit-bound scalar,~,,False
Kim 等 - 2025 - Assessment of Future Rainfall Quantile Changes in South Korea Based on a CMIP6 Multi-Model Ensemble.pdf,SSP2-4.5,C3,2744.8 GtCO₂ (approx),2744.8,unit-bound scalar,,,False
Alves 等 - 2024 - Projected changes in the frequency of compound hot and dry events over Tropical Brazil in CORDEX-COR.pdf,RCP2.6,SSP1-2.6,~300-500 Gt CO₂,400.0,unit-bound range midpoint,~,,False
Held 等 - 2005 - Simulation of Sahel drought in the 20th and 21st centuries.pdf,A2,C5,102.7723603383973,102.7723603383973,field-only scalar,,,True
Baumbach 等 - 2023 - High economic costs of reduced carbon sinks and declining biome stability in Central American forest.pdf,SSP1-2.6,C1,~500 Gt CO2 from 2020,500.0,unit-bound scalar,~,,False
Zhang Yu 等 - 2010 - Response of biomass spatial pattern of alpine vegetation to climate change in permafrost region of t.pdf,Temperature rise of 2.2°C with constant precipitation,C5: limit warming to 2.5°C (>50%),1793.871566014591,1793.871566014591,field-only scalar,,,False
Zhang Yu 等 - 2010 - Response of biomass spatial pattern of alpine vegetation to climate change in permafrost region of t.pdf,Temperature rise of 2.2°C with precipitation increase of 12 mm,C5: limit warming to 2.5°C (>50%),1793.871566014591,1793.871566014591,field-only scalar,,,False
Li 等 - 2025 - Spatiotemporal Simulation Prediction and Driving Force Analysis of Carbon Storage in the Sanjiangyua.pdf,SSP1-2.6,C3,~900 Gt CO2,900.0,unit-bound scalar,~,,False
Tengroth和Mabel Geraldi - 2022 - Assessment of climate change and prospective analysis on shallow lakes. Las Encadenadas del Oeste wa.pdf,A2,C5,102.7723603383973,102.7723603383973,field-only scalar,,,True
Tengroth和Mabel Geraldi - 2022 - Assessment of climate change and prospective analysis on shallow lakes. Las Encadenadas del Oeste wa.pdf,B2,C5,835.4639342141137,835.4639342141137,field-only scalar,,,False
Thuiller 等 - 2014 - The European functional tree of bird life in the face of global change.pdf,A2,C6,102.7723603383973,102.7723603383973,field-only scalar,,,True
Thuiller 等 - 2014 - The European functional tree of bird life in the face of global change.pdf,B1,C4,652.4725285661066,652.4725285661066,field-only scalar,,,False
"Hambuckers 等 - 2021 - Predicting the Future Distribution of Ara rubrogenys, an Endemic Endangered Bird Species of t.pdf",RCP2.6,SSP1-2.6 (approximate RCP2.6 equivalent),~900 Gt CO2 from 2020,900.0,unit-bound scalar,~,,False
Root 等 - 2005 - Human-modified temperatures induce species changes Joint attribution.pdf,HadCM3 GCM with AF,C3,~900 Gt CO2,900.0,unit-bound scalar,~,,False
Ohashi 等 - 2019 - Biodiversity can benefit from climate stabilization despite adverse side effects of land-based mitig.pdf,Baseline,C7,4067.198904304981,4067.198904304981,field-only scalar,,,False
Vadadi-Fueloep 等 - 2009 - Comparative Assessment of Climate Change Scenarios Based on Aquatic Food Web Modeling.pdf,BASE,C7: limit warming to 4°C (>50%),2994.686676976194,2994.686676976194,field-only scalar,,,False
Monerie 等 - 2021 - The fast response of Sahel precipitation to climate change allows effective mitigation action.pdf,SSP534_over,C5: limit warming to 2.5°C (>50%),1743.828671285641,1743.828671285641,field-only scalar,,,False
Basurto Hernandez 等 - 2023 - POTENTIAL ECONOMIC IMPACTS OF CLIMATE CHANGE ON LIVESTOCK THE CASE OF MEXICO.pdf,SSP1-26,C1,~500 GtCO₂ from 2020,500.0,unit-bound scalar,~,,False
Babaousmail 等 - 2022 - Projection of Extreme Temperature Events over the Mediterranean and Sahara Using Bias-Corrected CMIP.pdf,SSP2-4.5,C6-C8,2180 Gt CO₂,2180.0,unit-bound scalar,,,False
Matte 等 - 2019 - Robustness and Scalability of Regional Climate Projections Over Europe.pdf,RCP8.5,C8 (SSP5-8.5),Very large remaining carbon budget,,excluded,,no unambiguous carbon-budget value,False
Svenning和Skov - 2006 - Potential impact of climate change on the northern nemoral forest herb flora of Europe.pdf,B1,C5,652.4725285661066,652.4725285661066,field-only scalar,,,False
Svenning和Skov - 2006 - Potential impact of climate change on the northern nemoral forest herb flora of Europe.pdf,A2,C7,102.7723603383973,102.7723603383973,field-only scalar,,,True
Mameno 等 - 2022 - Decline in the alpine landscape aesthetic value in a national park under climate change.pdf,RCP 2.6,C3 (RCP equivalent),~900 Gt CO2,900.0,unit-bound scalar,~,,False
Pang 等 - 2012 - Active layer thickness variations on the Qinghai-Tibet Plateau under the scenarios of climate change.pdf,B1,C5,652.4725285661066,652.4725285661066,field-only scalar,,,False
Stenzel 等 - 2021 - Irrigation of biomass plantations may globally increase water stress more than climate change.pdf,BECCS,C1,440.0556818855494,440.0556818855494,field-only scalar,,,False
Ferguson和Maxwell - 2010 - Role of groundwater in watershed response and land surface feedbacks under climate change.pdf,HOT,C7: limit warming to 4°C (>50%),4182.783765496274,4182.783765496274,field-only scalar,,,False
Benito Garzon 等 - 2008 - Effects of climate change on the distribution of Iberian tree species.pdf,A2,C2: return warming to 1.5°C (>50%) after a high overshoot,102.7723603383973,102.7723603383973,field-only scalar,,,False
"de Wergifosse 等 - 2020 - CO2fertilization, transpiration deficit and vegetation period drive the response of mixed.pdf",RCP2.6,C1 (Low GHG emissions),~1000 Gt CO2,1000.0,unit-bound scalar,~,,False
Alam 等 - 2021 - Multi-model ensemble projection of mean and extreme streamflow of Brahmaputra River Basin under the.pdf,Warmest (study-specific label),SSP5-8.5,N/A (not applicable for this scenario),,excluded,,explicitly missing/unspecified,False
Alam 等 - 2021 - Multi-model ensemble projection of mean and extreme streamflow of Brahmaputra River Basin under the.pdf,Coolest,C1,~500 Gt CO2 from 2020,500.0,unit-bound scalar,~,,False
Guan 等 - 2025 - Anthropogenic enhancement of subsurface soil moisture droughts.pdf,SSP 2-45,C1,1150 GtCO2 from 2020,1150.0,unit-bound scalar,,,False
Berriozabal-Islas 等 - 2020 - Climate change effects on turtles of the genusKinosternon(Testudines Kinosternidae) an asse.pdf,2050-RCP2.6,C3 (RCP equivalent),~900 Gt CO2,900.0,unit-bound scalar,~,,False
"Li 等 - 2024 - Assessment of Rainfall and Temperature Trends in the Yellow River Basin, China from 2023 to 2100.pdf",ssp126,C1,942.4855433794125,942.4855433794125,field-only scalar,,,False
"Li 等 - 2024 - Assessment of Rainfall and Temperature Trends in the Yellow River Basin, China from 2023 to 2100.pdf",ssp245,C3,2744.812344177873,2744.812344177873,field-only scalar,,,False
Zhou 等 - 2022 - Climate change effects on the global distribution and range shifts of citrus longhorned beetle An.pdf,RCP2.6,"RCP2.6 (roughly equivalent to SSP1-2.6, AR6 Category C3)",~900 Gt CO2,900.0,unit-bound scalar,~,,False
Yang和Nik - 2020 - Assessing the impacts of climate change on the German building stock.pdf,RCP8.5,C8 (SSP5-8.5),Exceeds 4°C carbon budget,,excluded,,no unambiguous carbon-budget value,False
Matthews 等 - 2012 - Cumulative carbon as a policy framework for achieving climate stabilization.pdf,400 ppm CO2 stabilization scenario,C1,~1150 Gt CO2,1150.0,unit-bound scalar,~,,False
Ghazi 等 - 2023 - Projection of climate change impacts on extreme temperature and precipitation in Central Poland.pdf,SSP1-2.6,C1,500 GtCO₂ from 2020 (verify from source),500.0,unit-bound scalar,,,False
Ghazi 等 - 2023 - Projection of climate change impacts on extreme temperature and precipitation in Central Poland.pdf,SSP5-8.5,C8,"Very High (e.g., >4000 GtCO2)",4000.0,unit-bound scalar,>,,False
Basukala 等 - 2024 - Effect of irrigation canal conveyance efficiency enhancement on crop productivity under climate chan.pdf,SSP1-2.6 with CCE 30% management,C3,~900 Gt CO2,900.0,unit-bound scalar,~,,False
Gur 等 - 2018 - Do climate-driven altitudinal range shifts explain the intraspecific diversification of a narrow ran.pdf,RCP 4.5,C4,~3000 GtCO₂ (from 2020),3000.0,unit-bound scalar,~,,False
Li 等 - 2023 - Warming decreases desert ecosystem functioning by altering biocrusts in drylands.pdf,Warming coupled with rainfall reduction (0.5°C and 1.5°C),C1: limit warming to 1.5°C (>50%) with no or limited overshoot,271.9704635822378,271.9704635822378,field-only scalar,,,False
Masembe 等 - 2016 - Projections of Climate-induced Future Range Shifts among Fruit Fly (Diptera Tephritidae) Species in.pdf,A2,C5,102.7723603383973,102.7723603383973,field-only scalar,,,True
Masembe 等 - 2016 - Projections of Climate-induced Future Range Shifts among Fruit Fly (Diptera Tephritidae) Species in.pdf,B2,C5,835.4639342141137,835.4639342141137,field-only scalar,,,False
Qiu 等 - 2024 - Contrasting range changes of Bergenia (Saxifragaceae) species under future climate change in.pdf,SSP1-2.6,C1/C2,~900 Gt CO2,900.0,unit-bound scalar,~,,False
Qiu 等 - 2024 - Contrasting range changes of Bergenia (Saxifragaceae) species under future climate change in.pdf,SSP2-4.5,C3,1390 Gt CO₂,1390.0,unit-bound scalar,,,False
Feng 等 - 2023 - Carbon Emission Prediction and the Reduction Pathway in Industrial Parks A Scenario Analysis Based.pdf,BAS,C7: limit warming to 4°C (>50%),2994.686676976194,2994.686676976194,field-only scalar,,,False
Feng 等 - 2023 - Carbon Emission Prediction and the Reduction Pathway in Industrial Parks A Scenario Analysis Based.pdf,LC1,C5: limit warming to 2.5°C (>50%),1278.930607571248,1278.930607571248,field-only scalar,,,False
"Suryani 等 - 2024 - Assessing the impact of climate change on surface runoff of the Ubolratana Reservoir, Thailand.pdf",SSP 245,C2,"900 Gt CO2 (from 2020, 50% chance)",900.0,unit-bound scalar,,,False
Ansari - 2023 - Prediction of Climate Change Effects on Siberian Crane (Grus leucogeranus) Habitat Suitabilit.pdf,RCP2.6,C1 (Below ~1.5°C),~500 Gt CO2 from 2020,500.0,unit-bound scalar,~,,False
"Mohaddes和Raissi - 2025 - Rising temperatures, melting incomes Country-specific macroeconomic effects of climate scenarios.pdf",RCP8.5,SSP5-8.5 (RCP8.5 equivalent),Exceeded,,excluded,,no unambiguous carbon-budget value,False
Meshesha 等 - 2024 - Alterations in Hydrological Responses under Changing Climate and Land UseLand Cover across Contrast.pdf,SSP2-4.5 BAU,C2,2744.812344177873,2744.812344177873,field-only scalar,,,True
Abbaszadeh 等 - 2023 - Modeling Future Hydrological Characteristics Based on Land UseLand Cover and Climate Changes Using.pdf,SSP1-2.6,C3,~900 Gt CO2,900.0,unit-bound scalar,~,,False
Abbaszadeh 等 - 2023 - Modeling Future Hydrological Characteristics Based on Land UseLand Cover and Climate Changes Using.pdf,SSP3-7.0,C7,~1400 GtCO2 from 2020,1400.0,unit-bound scalar,~,,False
Zhang 等 - 2024 - The Influence of Climate Change on the Distribution of Hibiscus mutabilis in China MaxEnt Mo.pdf,SSP2-4.5,C5,1150-1400 GtCO₂ (from 2020),1275.0,unit-bound range midpoint,,,False
Biancolini 等 - 2025 - Opposite effects of climate and land-usecover change on Mediterranean herpetofauna Insights from t.pdf,SSP1-2.6,C1,~500 Gt CO2,500.0,unit-bound scalar,~,,False
"Liu 等 - 2024 - Potential distribution of Crassostrea sikamea (Amemiya, 1928) along coastal China unde.pdf",RCP2.6,C1-lowOS,~900 Gt CO2,900.0,unit-bound scalar,~,,False
"Liu 等 - 2024 - Potential distribution of Crassostrea sikamea (Amemiya, 1928) along coastal China unde.pdf",RCP8.5,C8 (High GHG emissions),N/A (exceeds budget for 2°C),,excluded,,explicitly missing/unspecified,False
Zhang 等 - 2024 - Analyzing the distribution patterns and dynamic niche of Magnolia grandiflora L. in the Unite.pdf,SSP1-2.6,C1,~400-500 Gt CO₂ from 2020,450.0,unit-bound range midpoint,~,,False
Araujo 等 - 2022 - Assessment of changes in the ichthyofauna in a tropical reservoir in south-eastern Brazil Consequen.pdf,RCP8.5,Legacy RCP8.5 (pre-AR6 scenario),N/A (legacy scenario),,excluded,,explicitly missing/unspecified,False
Li 等 - 2024 - Projected Changes of Wind Energy Input to Surface Waves in the North Indian Ocean Based on CMIP6.pdf,SSP2-4.5,C3,2744.8 GtCO₂,2744.8,unit-bound scalar,,,False
Li 等 - 2024 - Projected Changes of Wind Energy Input to Surface Waves in the North Indian Ocean Based on CMIP6.pdf,SSP1-2.6,C1,500.0,500.0,field-only scalar,,,False
Mengel 等 - 2016 - Future sea level rise constrained by observations and long-term commitment.pdf,RCP26,C1,~900 Gt CO2,900.0,unit-bound scalar,~,,False
Fyfe 等 - 2021 - Significant impact of forcing uncertainty in a large ensemble of climate model simulations.pdf,SSP1-2.6,C3,~900 Gt CO2,900.0,unit-bound scalar,~,,False
Fyfe 等 - 2021 - Significant impact of forcing uncertainty in a large ensemble of climate model simulations.pdf,SSP2-4.5,C3,2744.812344177873,2744.812344177873,field-only scalar,,,False
Utomo 等 - 2024 - Predicting the suitable cultivation areas of breadfruit crops Artocarpus altilis (Moraceae) u.pdf,RCP2.6,C3 (RCP equivalent),~640 Gt CO2,640.0,unit-bound scalar,~,,False
"Wu 等 - 2015 - Assessment of Climate Change Effects on Water Resources in the Yellow River Basin, China.pdf",A2,C7,102.7723603383973,102.7723603383973,field-only scalar,,,True
Voulgarakis 等 - 2013 - Analysis of present day and future OH and methane lifetime in the ACCMIP simulations.pdf,RCP2.6,C3 (RCP equivalent),~900 Gt CO2,900.0,unit-bound scalar,~,,False
Al Qatarneh 等 - 2018 - Impact of climate change on water resources in Jordan a case study of Azraq basin.pdf,Temperature increase of 2 °C with precipitation fluctuation,C5: limit warming to 2.5°C (>50%),1793.871566014591,1793.871566014591,field-only scalar,,,False
Verbruggen 等 - 2021 - Contrasting responses of woody and herbaceous vegetation to altered rainfall characteristics in the.pdf,Int+,C5: limit warming to 2.5°C (>50%),1278.930607571248,1278.930607571248,field-only scalar,,,False
"Wang 等 - 2023 - Impacts of climate change, population growth, and power sector decarbonization on urban building ene.pdf",SSP1-2.6,C3,~900 Gt CO2,900.0,unit-bound scalar,~,,False
Guenet 等 - 2018 - Impact of priming on global soil carbon stocks.pdf,RCP2.6,C1 (RCP equivalent),~900 Gt CO2,900.0,unit-bound scalar,~,,False
Yang 等 - 2023 - CO2 and temperature dominate the variation characteristics of wheat yield in China under.pdf,1.5 °C warming scenario,C4,271.9704635822378,271.9704635822378,field-only scalar,,,False
Anindita 等 - 2023 - Simulating soil organic carbon stock as affected by land use and climate change on volcanic soils in.pdf,RCP 2.6,C1,~500 Gt CO2 from 2020,500.0,unit-bound scalar,~,,False
Lyra 等 - 2025 - Water Resources Management in Coastal Areas Under Climate Change and Irrigation and Fertilization Sc.pdf,RCP8.5,SSP5-8.5,Very high,,excluded,,no unambiguous carbon-budget value,False
Katsman 等 - 2008 - Climate scenarios of sea level rise for the northeast Atlantic Ocean a study including the effects.pdf,Moderate climate scenario (2°C in 2100),C5,1793.871566014591,1793.871566014591,field-only scalar,,,False
"Hamilton和Tol - 2007 - The impact of climate change on tourism in Germany, the UK and Ireland a simulation study.pdf",A1,C5,216.8368249438647,216.8368249438647,field-only scalar,,,True
"Hamilton和Tol - 2007 - The impact of climate change on tourism in Germany, the UK and Ireland a simulation study.pdf",B1,C5,652.4725285661066,652.4725285661066,field-only scalar,,,False
Lee 等 - 2024 - Analyzing the Regional Impact of Temperature Change by Long-term Climate Scenarios on Infrastructure.pdf,SSP245,C2,1400,1400.0,field-only scalar,,,False
Su 等 - 2018 - How do climate-related uncertainties influence 2 and 1.5 A°C pathways.pdf,SSP2,C5,325.2897925777136,325.2897925777136,field-only scalar,,,True
Zhao 等 - 2025 - Dynamic susceptibility assessment of glacial debris flows on the southeastern Tibetan plateau under.pdf,SSP1-2.6,C3,~900 Gt CO2,900.0,unit-bound scalar,~,,False
Zhao 等 - 2025 - Dynamic susceptibility assessment of glacial debris flows on the southeastern Tibetan plateau under.pdf,SSP2-4.5,Intermediate,2744.812344177873,2744.812344177873,field-only scalar,,,False
Su 等 - 2023 - Changes in vegetation greenness and its response to precipitation seasonality in Central Asia from 1.pdf,SSP1-2.6,C3,~900 Gt CO2,900.0,unit-bound scalar,~,,False
Louhaichi 等 - 2019 - Effects of climate change and grazing pressure on shrub communities of West Asian rangelands.pdf,A2 CO2 emissions scenario,C5,1793.871566014591,1793.871566014591,field-only scalar,,,False
Mehdi 等 - 2018 - Evaluating the Importance of Non-Unique Behavioural Parameter Sets on Surface Water Quality Variable.pdf,A2,C7,102.7723603383973,102.7723603383973,field-only scalar,,,True
Laakso 等 - 2020 - Differing precipitation response between solar radiation management and carbon dioxide removal due t.pdf,CDR,C2: return warming to 1.5°C (>50%) after a high overshoot,212.8537743020109,212.8537743020109,field-only scalar,,,False
Kyle 等 - 2015 - Assessment of the importance of spatial scale in long-term land use modeling of the Midwestern Unite.pdf,Ref: 1,C7,4631.628201551354,4631.628201551354,field-only scalar,,,False
Zhu和Poulsen - 2019 - Quantifying the Cloud Particle-Size Feedback in an Earth System Model.pdf,2×CO2,C5: limit warming to 2.5°C (>50%),1793.871566014591,1793.871566014591,field-only scalar,,,False
Ayugi 等 - 2024 - Amplification of compound hot-dry extremes and associated population exposure over East Africa.pdf,SSP2-4.5,C1,500-1350 GtCO₂ from 2020 (C1 range),925.0,unit-bound range midpoint,,,False
Zhai 等 - 2018 - Spatial-temporal changes in runoff and terrestrial ecosystem water retention under 1.5 and 2°C warmi.pdf,1.5°C warming scenario,C4,271.9704635822378,271.9704635822378,field-only scalar,,,False
Zhang 等 - 2024 - Potential Ecological Distribution of the Beetle Agrilus mali Matsumura (Coleoptera Buprestid.pdf,RCP2.6,RCP2.6,~500 Gt CO₂,500.0,unit-bound scalar,~,,False
Mirhashemi 等 - 2024 - Climatic variables are more effective on the spatial distribution of oak forests than land use chang.pdf,RCP 2.6—2050,C3 (RCP equivalent),~900 Gt CO2,900.0,unit-bound scalar,~,,False
Mena-Renteria 等 - 2025 - Impact of climate change on the hydrological regime in a small watershed of the tropical Andean Plat.pdf,RCP2.6,C1 (Low emissions),~400-500 Gt CO₂ (from 2020),450.0,unit-bound range midpoint,~,,False
Schafer 等 - 2015 - Dynamic modelling of future glacier changes mass-balanceelevation feedback in projections for the.pdf,RCP2.6,C3 (RCP equivalent),~900 Gt CO2,900.0,unit-bound scalar,~,,False
Ahmad和Choi - 2025 - Extreme-skill ranking and random-forest ensemble of CMIP56 GCMs reveal rapid decline of cold extrem.pdf,SSP2-4.5,C3,2744.812344177873,2744.812344177873,field-only scalar,,,False
"Tebaldi和Lobell - 2018 - Differences, or lack thereof, in wheat and maize yields under three low-warming scenarios.pdf",1.5°C not exceed,C1,~500 Gt CO2,500.0,unit-bound scalar,~,,False
"Tebaldi和Lobell - 2018 - Differences, or lack thereof, in wheat and maize yields under three low-warming scenarios.pdf",1.5°C overshoot,C1,400-500 Gt CO2,450.0,unit-bound range midpoint,,,False
"Tebaldi和Lobell - 2018 - Differences, or lack thereof, in wheat and maize yields under three low-warming scenarios.pdf",2.0°C,C5,367.8556786067465,367.8556786067465,field-only scalar,,,True
Gil-Garcia 等 - 2024 - Actionable human-water system modelling under uncertainty.pdf,RCP2.6,C1 (RCP equivalent),~1000 Gt CO₂ from 2020,1000.0,unit-bound scalar,~,,False
Luo 等 - 2022 - 1 km land useland cover change of China under comprehensive socioeconomic and climate scenarios for.pdf,SSP1-RCP1.9,C1,~400-500 Gt CO2 from 2020 (global budget),450.0,unit-bound range midpoint,~,,False
Luo 等 - 2022 - 1 km land useland cover change of China under comprehensive socioeconomic and climate scenarios for.pdf,SSP2-RCP4.5,C4,1000 to 1150 GtCO₂,1075.0,unit-bound range midpoint,,,False
Gebresamuel 等 - 2022 - Empirical modeling of the impact of climate change on altitudinal shift of major cereal crops in Sou.pdf,RCP2.6,C3 (RCP equivalent),~900 Gt CO2,900.0,unit-bound scalar,~,,False
Lippert 等 - 2009 - A Ricardian analysis of the impact of climate change on agriculture in Germany.pdf,A2,C5,102.7723603383973,102.7723603383973,field-only scalar,,,True
Lippert 等 - 2009 - A Ricardian analysis of the impact of climate change on agriculture in Germany.pdf,B1,C5,652.4725285661066,652.4725285661066,field-only scalar,,,False
Bahar 等 - 2020 - Meeting the food security challenge for nine billion people in 2050 What impact on forests.pdf,RCP8.5 (reference),SSP5-8.5,6016.054280938453,6016.054280938453,field-only scalar,,,False
"Marotzke 等 - 2020 - The economic interaction between climate change mitigation, climate migration and poverty.pdf",T1,C2: return warming to 1.5°C (>50%) after a high overshoot,212.8537743020109,212.8537743020109,field-only scalar,,,False
"Marotzke 等 - 2020 - The economic interaction between climate change mitigation, climate migration and poverty.pdf",T2,C3: limit warming to 2°C (>67%),816.980352370339,816.980352370339,field-only scalar,,,False
Tukimat和IOP - 2018 - Assessing the implementation of bias correction in the climate prediction.pdf,A2,C5,102.7723603383973,102.7723603383973,field-only scalar,,,True
Mazlan 等 - 2024 - Investigation the Impact of the Climate Change on Intensity Duration Frequency (IDF) Curve Developme.pdf,SSP1-2.6,C3,~900 Gt CO2,900.0,unit-bound scalar,~,,False
Mazlan 等 - 2024 - Investigation the Impact of the Climate Change on Intensity Duration Frequency (IDF) Curve Developme.pdf,SSP2-4.5,C6,2744.812344177873,2744.812344177873,field-only scalar,,,False
Zhou和Hawken - 2023 - Climate-Related Sea Level Rise and Coastal Wastewater Treatment Infrastructure Futures Landscape Pl.pdf,SSP1-2.6,C3,~900 Gt CO2,900.0,unit-bound scalar,~,,False
Wang 等 - 2023 - Spatial-temporal variation of extreme precipitation in the Yellow-Huai-Hai-Yangtze Basin of China.pdf,SSP1-2.6,C3/1.8°C,~500-600 Gt CO2,550.0,unit-bound range midpoint,~,,False
Wang 等 - 2023 - Spatial-temporal variation of extreme precipitation in the Yellow-Huai-Hai-Yangtze Basin of China.pdf,SSP5-8.5,C8,0 GtCO2,,excluded,,no unambiguous carbon-budget value,False
Zhang 等 - 2020 - Climate change-induced migration patterns and extinction risks of Theaceae species in China.pdf,RCP2.6,C1 (RCP2.6 equivalent),~900 Gt CO2,900.0,unit-bound scalar,~,,False
Yoobanpot和Pratoomchai - 2022 - A NEAR FUTURE CLIMATE CHANGE IMPACTS ON WATER RESOURCES IN THE UPPER CHAO PHRAYA RIVER BASIN IN THAI.pdf,RCP2.6,C1 (Low GHG emissions),~440 Gt CO2 from 2020,440.0,unit-bound scalar,~,,False
Heinrich 等 - 2025 - Automated classification of atmospheric circulation types for compound flood risk assessment CMIP6.pdf,SSP1-2.6,C3,~900 Gt CO2 from 2020,900.0,unit-bound scalar,~,,False
Byrne - 2021 - Amplified warming of extreme temperatures over tropical land.pdf,ssp245,C2,Medium (consistent with SSP2-4.5 pathway),,excluded,,no unambiguous carbon-budget value,False
"Tawde 等 - 2019 - An assessment of climate change impacts on glacier mass balance and geometry in the Chandra Basin, W.pdf",RCP8.5,C8 (>4°C) [SSP5-8.5 equivalent],"~7500 GtCO₂ (2015-2100, SSP5-8.5)",7500.0,unit-bound scalar,~,,False
Ferreira 等 - 2024 - Climate change in the upper Paraguay Basin and hydrological impacts on the Pantanal.pdf,HADGEM 8.5,C8,Not applicable (high emissions scenario),,excluded,,no unambiguous carbon-budget value,False
Hayashi 等 - 2024 - Scenario Dependence of Future Precipitation Changes across Japan in CMIP6.pdf,SSP1-2.6,C1,"~500 Gt CO2 (from 2020, for 1.5°C with 50% likelihood)",500.0,unit-bound scalar,~,,False
van Vliet 等 - 2016 - Power-generation system vulnerability and adaptation to changes in climate and water resources.pdf,RCP2.6,C1,~500 Gt CO2,500.0,unit-bound scalar,~,,False
Ballarin 等 - 2023 - Brazilian Water Security Threatened by Climate Change and Human Behavior.pdf,SSP2-4.5,C5,2744.812344177873,2744.812344177873,field-only scalar,,,False
Luedeling 等 - 2009 - Climatic Changes Lead to Declining Winter Chill for Fruit and Nut Trees in California during 1950-20.pdf,A2,C7,102.7723603383973,102.7723603383973,field-only scalar,,,True
Luedeling 等 - 2009 - Climatic Changes Lead to Declining Winter Chill for Fruit and Nut Trees in California during 1950-20.pdf,B1,C5,652.4725285661066,652.4725285661066,field-only scalar,,,False
Strong 等 - 2025 - Climate Change Drives Shift in Cold Season Flood Generation Mechanisms in a Seasonally Frozen Region.pdf,SSP1-2.6,C3,~900 Gt CO2,900.0,unit-bound scalar,~,,False
Bienvenido-Huertas 等 - 2021 - Influence of the Representative Concentration Pathways (RCP) scenarios on the bioclimatic design str.pdf,RCP2.6,C3 (RCP equivalent),~900 Gt CO2,900.0,unit-bound scalar,~,,False
Baldassare和Reichler - 2024 - A simple framework for likely climate projections applied to tropical width.pdf,SSP2-4.5,C3,1400,1400.0,field-only scalar,,,False
Xu 等 - 2025 - Bridging climate refuges for climate change adaptation A spatio-temporal connectivity network appro.pdf,SSP2–4.5,C4,2744.812344177873,2744.812344177873,field-only scalar,,,False
Ballarin 等 - 2024 - Escalating threat of human-perceived heatwaves in Brazil.pdf,SSP2-4.5,C3,2744.812344177873,2744.812344177873,field-only scalar,,,False
Pelizaro 等 - 2011 - A Modelling Framework for Optimisation of Commodity Production by Minimising the Impact of Climate C.pdf,A2,C5,102.7723603383973,102.7723603383973,field-only scalar,,,True
Verheijen 等 - 2013 - Reductions in soil surface albedo as a function of biochar application rate implications for global.pdf,Global biochar application of 120 t ha−1,C1,~500 Gt CO2,500.0,unit-bound scalar,~,,False
Gao 等 - 2025 - Global land system maps at 1 km resolution for 1.5 °C climate.pdf,1.5 °C climate scenario,C3,~500 Gt CO2 (custom scenario result),500.0,unit-bound scalar,~,,False
Gao 等 - 2025 - Global land system maps at 1 km resolution for 1.5 °C climate.pdf,Baseline scenario,C7,4067.198904304981,4067.198904304981,field-only scalar,,,False
"Adem 等 - 2016 - Climate Change Impact on Sediment Yield in the Upper Gilgel Abay Catchment, Blue Nile Basin, Ethiopi.pdf",A2,C5,102.7723603383973,102.7723603383973,field-only scalar,,,True
Bobde 等 - 2024 - Projected regional changes in mean and extreme precipitation over Africa in CMIP6 models.pdf,SSP2-4.5,C5,2744.812344177873,2744.812344177873,field-only scalar,,,False
Oliveira 等 - 2021 - Do temperature shocks affect non-agriculture wages in Brazil Evidence from individual-level panel d.pdf,Uniform climate change scenario where daily temperatures rise uniformly by 2°C,Custom Scenario,1793.871566014591,1793.871566014591,field-only scalar,,,False
Allison 等 - 2023 - Simulating the Impacts of an Applied Dynamic Adaptive Pathways Plan Using an Agent-Based Model A Ta.pdf,100% Smart (SSP1/RCP2.6),C1,~500 Gt CO2,500.0,unit-bound scalar,~,,False
Khosravi和Ouarda - 2025 - Drought risks are projected to increase in the future in central and southern regions of the Middle.pdf,SSP1-2.6,C1,~900 Gt CO2,900.0,unit-bound scalar,~,,False
Khosravi和Ouarda - 2025 - Drought risks are projected to increase in the future in central and southern regions of the Middle.pdf,SSP2-4.5,C3,Use standard AR6 value for SSP2-4.5 (approximately 2000-2400 GtCO₂ from 2020),2200.0,unit-bound range midpoint,,,False
Khosravi和Ouarda - 2025 - Drought risks are projected to increase in the future in central and southern regions of the Middle.pdf,SSP5-8.5,C8,~7000 GtCO2,7000.0,unit-bound scalar,~,,False
"Molina 等 - 2019 - Potential Effects of Climate Change on Fire Behavior, Economic Susceptibility and Suppression Costs.pdf",S1,C5,893.060956844902,893.060956844902,field-only scalar,,,False
"Molina 等 - 2019 - Potential Effects of Climate Change on Fire Behavior, Economic Susceptibility and Suppression Costs.pdf",S2,C5,1447.733517816087,1447.733517816087,field-only scalar,,,False
Weber 等 - 2021 - Managing a World Heritage Site in the Face of Climate Change A Case Study of the Wet Tropics in Nor.pdf,RCP8.5,C8 (>4°C),Very high cumulative emissions scenario (typically >2000 GtCO2 from 2015),2000.0,unit-bound scalar,>,,False
Kim和Villarini - 2024 - Higher emissions scenarios lead to more extreme flooding in the United States.pdf,SSP1-2.6,C1,~500 Gt CO2,500.0,unit-bound scalar,~,,False
Archer-Nicholls 等 - 2023 - Large simulated future changes in the nitrate radical under the CMIP6 SSP scenarios implications fo.pdf,SSP1-2.6,C3,942.4855433794125,942.4855433794125,field-only scalar,,,False
Archer-Nicholls 等 - 2023 - Large simulated future changes in the nitrate radical under the CMIP6 SSP scenarios implications fo.pdf,SSP2-4.5,C5,~2745 GtCO₂,2745.0,unit-bound scalar,~,,False
"Mena 等 - 2021 - An analysis of unmet water demand under climate change scenarios in the Guali River Basin, Colombia,.pdf",RCP 2.6,C1 (SSP1-2.6),~500 Gt CO2 from 2020,500.0,unit-bound scalar,~,,False
"Mena 等 - 2021 - An analysis of unmet water demand under climate change scenarios in the Guali River Basin, Colombia,.pdf",RCP 8.5,SSP5-8.5 (Very high GHG emissions),"N/A (High emissions scenario, not aligned with remaining carbon budgets)",,excluded,,explicitly missing/unspecified,False
Antonelli 等 - 2021 - Climate impacts on nutrition and labor supply disentangled - an analysis for rural areas of Uganda.pdf,SSP2 – moderate economic growth with medium changes in socioeconomic variables,SSP2 – framework pathway (no specific climate target reported),325.2897925777136,325.2897925777136,field-only scalar,,,False
Langerwisch 等 - 2016 - Deforestation in Amazonia impacts riverine carbon dynamics.pdf,BAU,C7,4421.106912693341,4421.106912693341,field-only scalar,,,False
Mochizuki 等 - 2018 - Mainstreaming of climate extreme risk into fiscal and budgetary planning application of stochastic.pdf,SSP2,C5,325.2897925777136,325.2897925777136,field-only scalar,,,True
"Khristodas 等 - 2024 - Assessment of observed temperature trend patterns of Bhubaneswar city, India with special prominence.pdf",RCP 2.6,C3 (RCP equivalent),"~1000–1600 Gt CO2 (2018-2100, 50% likelihood for 1.5°C)",1300.0,unit-bound range midpoint,~,,False
"Khristodas 等 - 2024 - Assessment of observed temperature trend patterns of Bhubaneswar city, India with special prominence.pdf",RCP 8.5,C8 (High GHG emissions),N/A (exceeds remaining budget for 1.5°C and 2°C),,excluded,,explicitly missing/unspecified,False
Kjelland 等 - 2014 - A System Dynamics Approach to Modeling Future Climate Scenarios Quantifying and Projecting Patterns.pdf,Baseline,C7: limit warming to 4°C (>50%),4067.198904304981,4067.198904304981,field-only scalar,,,False
"Vishwanathan 等 - 2021 - SDG implications of water-energy system transitions in India, for NDC, 2 °C, and well below 2 °C sce.pdf",Low-carbon futures (the 2°C scenario and the ‘well below 2°C’ scenario),C4,115–136 billion tons CO2,125.5,unit-bound range midpoint,,,False
Stevenson 等 - 2000 - Future estimates of tropospheric ozone radiative forcing and methane turnover - the impact of climat.pdf,A2,C5,102.7723603383973,102.7723603383973,field-only scalar,,,True
Stevenson 等 - 2000 - Future estimates of tropospheric ozone radiative forcing and methane turnover - the impact of climat.pdf,B2,C4,835.4639342141137,835.4639342141137,field-only scalar,,,False
"Avtaeva 等 - 2021 - Modeling the bioclimatic range of Pterostichus melanarius (Coleoptera, Carabidae) in conditio.pdf",RCP2.6,C1 (Below 2°C),~1000 Gt CO2,1000.0,unit-bound scalar,~,,False
"Avtaeva 等 - 2021 - Modeling the bioclimatic range of Pterostichus melanarius (Coleoptera, Carabidae) in conditio.pdf",RCP8.5,C5 (High GHG emissions),N/A (RCP8.5 is not an AR6 SSP scenario; 1240 GtCO₂ applies to SSP5-8.5),,excluded,,explicitly missing/unspecified,False
Zhang 等 - 2025 - Assessing the Dominant Impact of Climate and Land Use Change on Runoff Through Multi-Model Simulatio.pdf,SSP245 Climate,C3,2744.812344177873,2744.812344177873,field-only scalar,,,False
Zhang 等 - 2025 - Assessing the Dominant Impact of Climate and Land Use Change on Runoff Through Multi-Model Simulatio.pdf,Integrated SSP245,SSP2-4.5,"N/A - This integrated scenario includes regional land use modifications, making direct carbon budget mapping inappropriate.",,excluded,,explicitly missing/unspecified,False
Zhang 等 - 2025 - Assessing the Dominant Impact of Climate and Land Use Change on Runoff Through Multi-Model Simulatio.pdf,Integrated SSP585,C8,Cumulative CO₂: ~2790 Gt for 2018–2100 (SSP5-8.5 pathway).,2790.0,unit-bound scalar,~,,False
Conrado-Silva 等 - 2025 - Adaptive restoration planning to enhance water security in a changing climate.pdf,Restoration—Baseline,C7: limit warming to 4°C (>50%),4067.198904304981,4067.198904304981,field-only scalar,,,False
Qin 等 - 2025 - An Integrated Framework for Assessing Dynamics of Ecological Spatial Network Resilience Under Climat.pdf,SSP1-2.6,C1,~300-500 Gt CO2 from 2020,400.0,unit-bound range midpoint,~,,False
Qin 等 - 2025 - An Integrated Framework for Assessing Dynamics of Ecological Spatial Network Resilience Under Climat.pdf,SSP2-4.5,C2,2744.812344177873,2744.812344177873,field-only scalar,,,True
Qin 等 - 2025 - An Integrated Framework for Assessing Dynamics of Ecological Spatial Network Resilience Under Climat.pdf,SSP5-8.5,C8,>4000 GtCO2 from 2020,4000.0,unit-bound scalar,>,,False
Augustynczik 等 - 2020 - Reconciling forest profitability and biodiversity conservation under disturbance risk the role of f.pdf,Baseline management (business-as-usual),C7: limit warming to 4°C (>50%),4067.198904304981,4067.198904304981,field-only scalar,,,False
"Gaedeke 等 - 2022 - Climate impact emergence and flood peak synchronization projections in the Ganges, Brahmaputra and M.pdf",SSP1-2.6,C1,~500,500.0,field-only scalar,~,,False
Han 等 - 2024 - Assessing the Impacts of Future Climate and Land-Use Changes on Streamflow under Multiple Scenarios.pdf,SSP119,C1,~500 Gt CO2,500.0,unit-bound scalar,~,,False
Han 等 - 2024 - Assessing the Impacts of Future Climate and Land-Use Changes on Streamflow under Multiple Scenarios.pdf,SSP245,C3,2744.812344177873,2744.812344177873,field-only scalar,,,False
Han 等 - 2024 - Assessing the Impacts of Future Climate and Land-Use Changes on Streamflow under Multiple Scenarios.pdf,SSP585,C8,High (SSP5-8.5),,excluded,,no unambiguous carbon-budget value,False
Goyal和Ojha - 2014 - Evaluation of Rule and Decision Tree Induction Algorithms for Generating Climate Change Scenarios fo.pdf,A2,C5,102.7723603383973,102.7723603383973,field-only scalar,,,True
Su 等 - 2017 - Impacts of climate change on streamflow in the upper Yangtze River basin.pdf,RCP2.6,C1 (Below 1.5°C with no or limited overshoot),~400-500 Gt CO₂,450.0,unit-bound range midpoint,~,,False
Boulangeat 等 - 2014 - Anticipating the spatio-temporal response of plant diversity and vegetation structure to climate and.pdf,Baseline management scenario,C7: limit warming to 4°C (>50%),4067.198904304981,4067.198904304981,field-only scalar,,,False
Yang 等 - 2020 - Integrating the InVEST and SDSM Model for Estimating Water Provision Services in Response to Future.pdf,RCP2.6,C1 (Likely below 1.5°C & Likely below 2°C),~900 Gt CO2,900.0,unit-bound scalar,~,,False
Noel 等 - 2023 - Higher Antarctic ice sheet accumulation and surface melt rates revealed at 2 km resolution.pdf,SSP1-2.6,C3,~1000 Gt CO₂,1000.0,unit-bound scalar,~,,False
Noel 等 - 2023 - Higher Antarctic ice sheet accumulation and surface melt rates revealed at 2 km resolution.pdf,SSP2-4.5,C5,2745 GtCO₂,2745.0,unit-bound scalar,,,False
"Almasi和Soltani - 2017 - Assessment of the climate change impacts on flood frequency (case study Bazoft Basin, Iran).pdf",A2,C7,102.7723603383973,102.7723603383973,field-only scalar,,,True
"Almasi和Soltani - 2017 - Assessment of the climate change impacts on flood frequency (case study Bazoft Basin, Iran).pdf",B1,C7,652.4725285661066,652.4725285661066,field-only scalar,,,False
Lu 等 - 2018 - Future crop yields and water productivity changes for Nebraska rainfed and irrigated crops.pdf,A2,C2: return warming to 1.5°C (>50%) after a high overshoot,102.7723603383973,102.7723603383973,field-only scalar,,,False
Painter 等 - 2024 - Communicating climate futures a multi-country study of how the media portray the IPCC scenarios in.pdf,SSP1-1.9,C1,~500 Gt CO2,500.0,unit-bound scalar,~,,False
Li 等 - 2022 - Prediction of the Potential Distribution of Vaccinium uliginosum in China Based on the Maxent.pdf,SSP2-4.5,C3,2745 GtCO₂,2745.0,unit-bound scalar,,,False
Song 等 - 2022 - Evaluating the impact of climate change on surface water resources in the upper Ganjiang River Basin.pdf,RCP2.6,C1,"~1,150 Gt CO2 (from 2020)",1150.0,unit-bound scalar,~,,False
Li 等 - 2016 - Application of a distributed catchment model to investigate hydrological impacts of climate change w.pdf,RCP2.6,N/A (CMIP5 RCP),~900 Gt CO2,900.0,unit-bound scalar,~,,False
Lauri 等 - 2012 - Future changes in Mekong River hydrology impact of climate change and reservoir operation on discha.pdf,B1,C4,652.4725285661066,652.4725285661066,field-only scalar,,,False
Sharma - 2023 - Climate-Sensitive Diameter Growth Models for White Spruce and White Pine Plantations.pdf,RCP2.6,C1,~900 Gt CO2,900.0,unit-bound scalar,~,,False
Datta 等 - 2025 - Assessment of climate change impacts on runoff and hydrological drought risk using the VIC-3L model.pdf,SSP2-4.5,C5,Approximately 1150-1400 GtCO₂ remaining budget (IPCC AR6 WG1 ranges),1275.0,unit-bound range midpoint,,,False
"Sophia 等 - 2025 - Dengue dynamics, predictions, and future increase under changing monsoon climate in India.pdf",SSP1-2.6,C1a,Not provided in source,,excluded,,no unambiguous carbon-budget value,False
Bilardo 等 - 2019 - Resilient optimal design of multi-family buildings in future climate scenarios.pdf,RCP 8.5,C8 (SSP5-8.5),Not applicable (exceeds budget),,excluded,,no unambiguous carbon-budget value,False
Bauer 等 - 2024 - Carbon Dioxide as a Risky Asset.pdf,SSP2-4.5,C3,2744.812344177873,2744.812344177873,field-only scalar,,,False
Peng 等 - 2025 - Agricultural subsoil microbiomes and functions exhibit lower resistance to global change than topsoi.pdf,RCP8.5,SSP5-8.5 (C8),Exhausted,,excluded,,no unambiguous carbon-budget value,False
Lewis 等 - 2025 - Faster-than-expected intensification of heat extremes in a maritime climate a New Zealand case stud.pdf,SSP2-4.5,C3,2744.812344177873,2744.812344177873,field-only scalar,,,False
Janssens 等 - 2020 - Global hunger and climate change adaptation through international trade.pdf,RCP 2.6,C3 (RCP equivalent),~900 Gt CO2,900.0,unit-bound scalar,~,,False
Anezakis 等 - 2018 - Hybrid intelligent modeling of wild fires risk.pdf,RCP2.6,C1 (RCP equivalent),~500 Gt CO2 from 2020,500.0,unit-bound scalar,~,,False
"Gomez-Llano 等 - 2025 - Biological control under climate change Distribution patterns of the South American fruit fly, A.pdf",SSP2-4.5,C5,2744.812344177873,2744.812344177873,field-only scalar,,,False
Li 等 - 2024 - Analysis of Future Drought Risk and Wheat Meteorological Disaster in Ningxia (Northwest China) Based.pdf,SSP126,C1,~900 Gt CO2,900.0,unit-bound scalar,~,,False
Li 等 - 2024 - Analysis of Future Drought Risk and Wheat Meteorological Disaster in Ningxia (Northwest China) Based.pdf,SSP245,C4,2744.812344177873,2744.812344177873,field-only scalar,,,False
Li 等 - 2024 - Analysis of Future Drought Risk and Wheat Meteorological Disaster in Ningxia (Northwest China) Based.pdf,SSP585,High GHG emissions,Exceeded before 2050 with no or limited overshoot,,excluded,,no unambiguous carbon-budget value,False
Fisichelli 等 - 2015 - Protected Area Tourism in a Changing Climate Will Visitation at US National Parks Warm Up or Overhe.pdf,RCP4.5,C3 (SSP2-4.5),~1150-1350 GtCO₂ from 2020,1250.0,unit-bound range midpoint,~,,False
Laprise 等 - 2003 - Current and perturbed climate as simulated by the second-generation Canadian Regional Climate Model.pdf,2·CO,C5: limit warming to 2.5°C (>50%),1793.871566014591,1793.871566014591,field-only scalar,,,False
Li 等 - 2025 - Historical and Projected Cropland Impacts of Heatwaves in Central Asia Under Climate Change.pdf,SSP126,C1,"~500–900 Gt CO₂ (50 % likelihood of staying below 1.5 °C, IPCC AR6 WG3 SPM 3.3)",700.0,unit-bound range midpoint,~,,False
Bracht-Flyr和Fritz - 2016 - Combining lake core records with the limnologic model DYRESM-CAEDYM to evaluate lake response during.pdf,LIA,C6,4797.746590245078,4797.746590245078,field-only scalar,,,False
Ghosh 等 - 2024 - Future photovoltaic potential in India navigating the interplay between air pollution control and c.pdf,SSP2-4.5,C2,Use standard AR6 WG1 value for SSP2-4.5 (approximately 2550 Gt CO2 from 2020),2550.0,unit-bound scalar,,,True
Ghosh 等 - 2024 - Future photovoltaic potential in India navigating the interplay between air pollution control and c.pdf,SSP5-8.5,C8,Very large/N/A,,excluded,,explicitly missing/unspecified,False
Strieder 等 - 2025 - Landslide risk Assessment for highways under Climate change a Brazilian case study.pdf,SSP1–2.6,C1,~500 Gt CO2 (from 2020),500.0,unit-bound scalar,~,,False
Paz 等 - 2024 - Adapting to Climate Change with Machine Learning The Robustness of Downscaled Precipitation in Loca.pdf,SSP1-2.6,C1,~500 Gt CO2 from 2020,500.0,unit-bound scalar,~,,False
Millner和Dietz - 2015 - Adaptation to climate change and economic growth in developing countries.pdf,1.5CO scenario,C1: limit warming to 1.5°C (>50%) with no or limited overshoot,271.9704635822378,271.9704635822378,field-only scalar,,,False
Ma 等 - 2023 - The Susceptibility of Wetland Areas in the Yangtze River Basin to Temperature and Vegetation Changes.pdf,SSP2-4.5,C3,2744.812344177873,2744.812344177873,field-only scalar,,,False
"Mahapatra和Aravind - 2021 - Laevicaulis haroldi (Veronicellidae Gastropoda), A Potential Future Invaderto India.pdf",RCP 2.6,C3 (RCP equivalent),1000 Gt CO2,1000.0,unit-bound scalar,,,False
Gea-Izquierdo 等 - 2017 - Risky future for Mediterranean forests unless they undergo extreme carbon fertilization.pdf,RCP2.6,C1 (1.5°C pathway with no or low overshoot),~650 Gt CO2,650.0,unit-bound scalar,~,,False
Bruaset和Saegrov - 2018 - An Analysis of the Potential Impact of Climate Change on the Structural Reliability of Drinking Wate.pdf,RCP2.6,C1,N/A for legacy scenario,,excluded,,explicitly missing/unspecified,False
Park 等 - 2012 - Cost of energy analysis of integrated gasification combined cycle (IGCC) power plant with respect to.pdf,Reference Scenario,C8: exceed warming of 4°C (>=50%),6016.054280938453,6016.054280938453,field-only scalar,,,False
Zhang 等 - 2024 - A Machine Learning Bias Correction on Large-Scale Environment of High-Impact Weather Systems in E3SM.pdf,SSP245,C3,1150 GtCO₂ from 2020 (for 2°C with 67% probability),1150.0,unit-bound scalar,,,False
Zhou 等 - 2018 - Responses of the Carbon Storage and Sequestration Potential of Forest Vegetation to Temperature Incr.pdf,Temperature increase of 2°C,C6,1793.871566014591,1793.871566014591,field-only scalar,,,False
Zhou 等 - 2018 - Responses of the Carbon Storage and Sequestration Potential of Forest Vegetation to Temperature Incr.pdf,Temperature increase of 1.5°C,C6,271.9704635822378,271.9704635822378,field-only scalar,,,True
Luo 等 - 2022 - Dynamic characteristics and synergistic effects of ecosystem services under climate change scenarios.pdf,RCP2.6,C3 (RCP equivalent),~900 Gt CO2,900.0,unit-bound scalar,~,,False
Zhang 等 - 2025 - Assessment of Future Grassland Fire Susceptibility Changes in Qinghai Province Based on CMIP6.pdf,SSP119,C1,189.9896383541511,189.9896383541511,field-only scalar,,,False
Zhang 等 - 2025 - Assessment of Future Grassland Fire Susceptibility Changes in Qinghai Province Based on CMIP6.pdf,SSP245,C3,1000-1500 GtCO₂ (from 2020),1250.0,unit-bound range midpoint,,,False
Li 等 - 2025 - Global climate change and Macadamia habitat suitability MaxEnt-based prediction under future.pdf,SSP126,C1,500.0,500.0,field-only scalar,,,False
Batungwanayo 等 - 2023 - Confronting climate change and livelihood smallholder farmers' perceptions and adaptation strategie.pdf,RCP8.5-P2,RCP8.5 (CMIP5),Not applicable for RCP scenarios,,excluded,,no unambiguous carbon-budget value,False
Gasser 等 - 2017 - The compact Earth system model OSCAR v2.2 description and first results.pdf,REF-B2,C7: limit warming to 4°C (>50%),4631.628201551354,4631.628201551354,field-only scalar,,,False
Gasbarro 等 - 2022 - Distribution and predicted climatic refugia for a reef-building cold-water coral on the southeast US.pdf,SSP1-2.6,C3,~900 Gt CO2,900.0,unit-bound scalar,~,,False
Wakjira 等 - 2025 - Green water availability and water-limited crop yields under a changing climate in Ethiopia.pdf,SSP1-2.6,C3,~900 Gt CO2,900.0,unit-bound scalar,~,,False
Wakjira 等 - 2025 - Green water availability and water-limited crop yields under a changing climate in Ethiopia.pdf,SSP2-4.5,C3,1150 GtCO₂ from 2020,1150.0,unit-bound scalar,,,False
Ban-Weiss 等 - 2011 - Climate forcing and response to idealized changes in surface latent and sensible heat.pdf,↑L,C7: limit warming to 4°C (>50%),2994.686676976194,2994.686676976194,field-only scalar,,,False
Ban-Weiss 等 - 2011 - Climate forcing and response to idealized changes in surface latent and sensible heat.pdf,↓S,C3: limit warming to 2°C (>67%),942.4855433794125,942.4855433794125,field-only scalar,,,False
Afzali-Gorouh 等 - 2022 - Monitoring and projection of climate change impact on 24-h probable maximum precipitation in the Sou.pdf,RCP2.6,C1 (Low emissions),~900 Gt CO2,900.0,unit-bound scalar,~,,False
Zhang 等 - 2021 - Climate Change is Likely to Alter Sheep and Goat Distributions in Mainland China.pdf,SSP1-2.6,C1,~500 Gt CO2 from 2020,500.0,unit-bound scalar,~,,False
Zhang 等 - 2021 - Climate Change is Likely to Alter Sheep and Goat Distributions in Mainland China.pdf,SSP2-4.5,C7,2744.8 GtCO₂,2744.8,unit-bound scalar,,,False
Adeniyi - 2021 - Possible influence of climate change on water balance over West Africa under the global warming leve.pdf,RCP4.5 2°C GWL,SSP2-4.5,1793.871566014591,1793.871566014591,field-only scalar,,,False
Lv和Li - 2021 - The Potential Distribution of Juniperus rigida Sieb. et Zucc. Vary Diversely in China under t.pdf,RCP2.6,C1 (SSP1-2.6),~500 Gt CO₂ (from 2020),500.0,unit-bound scalar,~,,False
Lun 等 - 2020 - Optimization Assessment of Projection Methods of Climate Change for Discrepancies between North and.pdf,RCP2.6,C1 (SSP1-2.6 equivalent),~400-500 Gt CO2,450.0,unit-bound range midpoint,~,,False
Lun 等 - 2020 - Optimization Assessment of Projection Methods of Climate Change for Discrepancies between North and.pdf,RCP4.5,C3 (SSP2-4.5),≈650 GtCO₂,650.0,unit-bound scalar,≈,,False
Wu 等 - 2024 - Impacts of Climate Change on Ecological Water Use in the Beijing-Tianjin-Hebei Region in China.pdf,SSP1-2.6,C3,"942.4855433794125 (canonical mapping, not document-sourced)",942.4855433794125,field-only scalar,,,False
Wu 等 - 2024 - Impacts of Climate Change on Ecological Water Use in the Beijing-Tianjin-Hebei Region in China.pdf,SSP2-4.5,C5,2850,2850.0,field-only scalar,,,False
Medina-Villar 等 - 2024 - The alien conifer Cupressus arizonica can outcompete native pines in Mediterranean mixed forests und.pdf,RCP2.6,C1 (RCP equivalent),~1150 Gt CO2 from 2020,1150.0,unit-bound scalar,~,,False
Zhang 等 - 2022 - How large is the design space for stratospheric aerosol geoengineering.pdf,Stratospheric aerosol injection (SAI) for 1-1.5°C cooling,C1: limit warming to 1.5°C (>50%) with no or limited overshoot,271.9704635822378,271.9704635822378,field-only scalar,,,False
Alkama 等 - 2022 - Vegetation-based climate mitigation in a warmer and greener World.pdf,SSP245,C3,1000-1500 GtCO₂,1250.0,unit-bound range midpoint,,,False
Alkama 等 - 2022 - Vegetation-based climate mitigation in a warmer and greener World.pdf,SSP370,C4,~1400 Gt CO₂ remaining since 2018,1400.0,unit-bound scalar,~,,False
Alkama 等 - 2022 - Vegetation-based climate mitigation in a warmer and greener World.pdf,SSP585,C8,1150 GtCO₂ (50% chance of 1.5°C),1150.0,unit-bound scalar,,,False
Qiao 等 - 2023 - Soil moisture-atmosphere coupling accelerates global warming.pdf,SSP1-2.6,C1,~450 Gt CO2,450.0,unit-bound scalar,~,,False
Takakura 等 - 2017 - Cost of preventing workplace heat-related illness through worker breaks and the benefit of climate-c.pdf,RCP2.6,C3 (RCP equivalent),~900 Gt CO2,900.0,unit-bound scalar,~,,False
Ge 等 - 2021 - Does Dynamic Downscaling Modify the Proiected Impacts of Stabilized 1.5°C and 2°C warming on Hot Ext.pdf,CESM Low-Warming 1.5°C,C3,~500 Gt CO2,500.0,unit-bound scalar,~,,False
Ge 等 - 2021 - Does Dynamic Downscaling Modify the Proiected Impacts of Stabilized 1.5°C and 2°C warming on Hot Ext.pdf,CESM Low-Warming 2°C,C6,~900 Gt CO2,900.0,unit-bound scalar,~,,False
Yu Li 等 - 2008 - Quantitative assessment of the vulnerability of terrestrial ecosystems of china to climate change ba.pdf,SSP2-4.5,C5,2700 GtCO₂,2700.0,unit-bound scalar,,,False
Abubakar 等 - 2024 - Modeling the Distribution of the Rare and Red-Listed Halophytic Moss Species Entosthodon hungaric.pdf,SSP1–2.6,C3,~950-1000 Gt CO₂,975.0,unit-bound range midpoint,~,,False
Zandersen 等 - 2019 - Shared socio-economic pathways extended for the Baltic Sea exploring long-term environmental proble.pdf,SSP1,C3,942.4855433794125,942.4855433794125,field-only scalar,,,False
Zhang 等 - 2024 - Distribution and protection of Thesium chinense Turcz. under climate and land use change.pdf,SSP1-2.6,C3,~900 Gt CO2,900.0,unit-bound scalar,~,,False
Li 等 - 2024 - Predicting the potential global distribution of Ixodes pacificus under climate change.pdf,SSP1-2.6,C1,~500 Gt CO₂,500.0,unit-bound scalar,~,,False
Li 等 - 2024 - Predicting the potential global distribution of Ixodes pacificus under climate change.pdf,SSP2-4.5,C3,2000,2000.0,field-only scalar,,,False
Li 等 - 2024 - Predicting the potential global distribution of Ixodes pacificus under climate change.pdf,SSP5-8.5,C8,Not formally applicable under fixed SSP design,,excluded,,no unambiguous carbon-budget value,False
van der Wijst 等 - 2023 - New damage curves and multimodel analysis suggest lower optimal temperature.pdf,RCP6.0,C4 (Likely warming 2°C-2.5°C),~1150-1350 GtCO₂ from 2020,1250.0,unit-bound range midpoint,~,,False
Giorgi和Mearns - 2003 - Probability of regional climate change based on the Reliability Ensemble Averaging (REA) method.pdf,A2,C5,102.7723603383973,102.7723603383973,field-only scalar,,,True
Giorgi和Mearns - 2003 - Probability of regional climate change based on the Reliability Ensemble Averaging (REA) method.pdf,B2,C5,835.4639342141137,835.4639342141137,field-only scalar,,,False
Zhang 等 - 2022 - Maxent Modelling Predicts a Shift in Suitable Habitats of a Subtropical Evergreen Tree (Cyclobala.pdf,SSP126,C3,~900 Gt CO2,900.0,unit-bound scalar,~,,False
Zhang 等 - 2022 - Maxent Modelling Predicts a Shift in Suitable Habitats of a Subtropical Evergreen Tree (Cyclobala.pdf,SSP245,C4,Not provided in source,,excluded,,no unambiguous carbon-budget value,False
Li 等 - 2023 - An Event-Based Resilience Index to Assess the Impacts of Land Imperviousness and Climate Changes on.pdf,RCP8.5_100yr_12hr,SSP5-8.5,N/A (RCP framework - no explicit carbon budget),,excluded,,explicitly missing/unspecified,False
Ziche 等 - 2021 - Water Budgets of Managed Forests in Northeast Germany under Climate Change-Results from a Model Stud.pdf,RCP2.6,C3 (RCP equivalent),~900 Gt CO2,900.0,unit-bound scalar,~,,False
Murray-Watson 等 - 2025 - The impact of precipitation on ANC service utilisation and healthcare access in Malawi.pdf,SSP1-2.6,C1,~500 Gt CO2,500.0,unit-bound scalar,~,,False
Murray-Watson 等 - 2025 - The impact of precipitation on ANC service utilisation and healthcare access in Malawi.pdf,SSP2-4.5,C6b,1150,1150.0,field-only scalar,,,False
Gomez-llano 等 - 2025 - Pest and Host Associations That Transcend Time Assessing the Impact of Climate Change on Grape Berr.pdf,SSP2-4.5,C3,2744.812344177873,2744.812344177873,field-only scalar,,,False
Rajpoot 等 - 2020 - Climate models predict a divergent future for the medicinal tree Boswellia serrata Roxb. in I.pdf,RCP 2.6,SSP1-2.6,~500 Gt CO2,500.0,unit-bound scalar,~,,False
Amadei 等 - 2025 - Combining MFA and LCA models to unveil the EU plastic value chain impacts.pdf,Baseline scenario,C7: limit warming to 4°C (>50%),4067.198904304981,4067.198904304981,field-only scalar,,,False
Baumbach 等 - 2019 - Regional adaptation of European beech (Fagus sylvatica) to drought in Central European conditions co.pdf,RCP2.6,C1-C2,~570 Gt CO₂,570.0,unit-bound scalar,~,,False
Fard 等 - 2024 - Assessment of the effect of climate change on the yields and water footprint of crops in arid area.pdf,SSP1-2.6,C1,~500 Gt CO2,500.0,unit-bound scalar,~,,False
Fard 等 - 2024 - Assessment of the effect of climate change on the yields and water footprint of crops in arid area.pdf,SSP2-4.5,C7,2744.812344177873,2744.812344177873,field-only scalar,,,False
Lee 等 - 2019 - Assessment of Climate Change Impact on Future Groundwater-Level Behavior Using SWAT Groundwater-Cons.pdf,RCP4.5,C3 (SSP2-4.5),~1400 GtCO₂ from 2020,1400.0,unit-bound scalar,~,,False
Stan 等 - 2020 - Climate change scenarios and projected impacts for forest productivity in Guanacaste Province (Costa.pdf,RCP4.5,C4 (2°C),~1000-1500 GtCO₂ from 2020,1250.0,unit-bound range midpoint,~,,False
Muangsri 等 - 2022 - Effectiveness of Strategically Located Green Stormwater Infrastructure Networks for Adaptive Flood M.pdf,RCP2.6,C1 (Low GHG emissions),~900 Gt CO2,900.0,unit-bound scalar,~,,False
Wysocki 等 - 2024 - Host tree availability shapes potential distribution of a target epiphytic moss species more than di.pdf,SSP126,C1,942 Gt CO2,942.0,unit-bound scalar,,,False
Lu 等 - 2025 - Climate Adaptation Framework for Advancing Community Stormwater Management.pdf,SSP2-4.5,C3,2744.812344177873,2744.812344177873,field-only scalar,,,False
Chemura 等 - 2025 - Contribution of improved varieties to maize productivity under climate change in Uganda.pdf,SSP1-RCP2.6,C1,~500 Gt CO2,500.0,unit-bound scalar,~,,False
Heinke 等 - 2019 - Freshwater resources under success and failure of the Paris climate agreement.pdf,SSP2,C5,325.2897925777136,325.2897925777136,field-only scalar,,,True
Bewick 等 - 2014 - Predicting future coexistence in a North American ant community.pdf,Temperature increases of 1–5°C,C5,271.9704635822378,271.9704635822378,field-only scalar,,,True
"Lopez-Tirado 等 - 2024 - Forecasting the circum-Mediterranean firs (Abies spp., Pinaceae) distribution an assessment.pdf",ssp245,C5,2744.812344177873 GtCO₂,2744.812344177873,unit-bound scalar,,,False
Zhang 等 - 2015 - Effects of snow ratio on annual runoff within the Budyko framework.pdf,RCP4.5,C3 (Below 2°C),~1400 GtCO₂ from 2020,1400.0,unit-bound scalar,~,,False
Hosseinzadehtalaei 等 - 2025 - Inequality in human exposure to future climate extremes.pdf,SSP1-2.6,C3,~900 Gt CO2,900.0,unit-bound scalar,~,,False
Li 等 - 2025 - Using deep learning to generate key variables in global mitigation scenarios.pdf,C1234,C1,~500 Gt CO2,500.0,unit-bound scalar,~,,False
Moelg 等 - 2012 - Limited forcing of glacier loss through land-cover change on Kilimanjaro.pdf,EX-REF,C7: limit warming to 4°C (>50%),4631.628201551354,4631.628201551354,field-only scalar,,,False
Jansen 等 - 2025 - Current and future adaptation potential of heat-tolerant maize in Cameroon a combined attribution a.pdf,SSP1-2.6,C3,~900 Gt CO2,900.0,unit-bound scalar,~,,False
Su 等 - 2024 - Predicting Runoff from the Weigan River under Climate Change.pdf,SSP1–2.6,C3,~900 Gt CO2,900.0,unit-bound scalar,~,,False
Su 等 - 2024 - Predicting Runoff from the Weigan River under Climate Change.pdf,SSP2–4.5,C3,2744.812344177873,2744.812344177873,field-only scalar,,,False
Wehner 等 - 2018 - Changes in extremely hot days under stabilized 1.5 and 2.0 °C global warming scenarios as simulated.pdf,1.5°C stabilization scenario,C3,~900 Gt CO2,900.0,unit-bound scalar,~,,False
Zhao 等 - 2024 - Frequency Bias Causes Overestimation of Climate Change Impacts on Global Flood Occurrence.pdf,RCP2.6,C3 (RCP equivalent),~900 Gt CO2,900.0,unit-bound scalar,~,,False
Toelgyesi 等 - 2025 - Limited carbon sequestration potential from global ecosystem restoration.pdf,SSP1-2.6,C3,~900 Gt CO2,900.0,unit-bound scalar,~,,False
Seneviratne 等 - 2018 - The many possible climates from the Paris Agreement's aim of 1.5 °C warming.pdf,1.5 °C warming pathways,C3,~500 Gt CO2,500.0,unit-bound scalar,~,,False
Yao 等 - 2025 - Assessment of the Impact of Climate Change on the Ecological Resilience of the Yangtze River Economi.pdf,SSP5-8.5,C8,>4000 GtCO2 (from 2020),4000.0,unit-bound scalar,>,,False
Yao 等 - 2025 - Assessment of the Impact of Climate Change on the Ecological Resilience of the Yangtze River Economi.pdf,SSP4-6.0,C4,3780.382844728474,3780.382844728474,field-only scalar,,,False
Yao 等 - 2025 - Assessment of the Impact of Climate Change on the Ecological Resilience of the Yangtze River Economi.pdf,SSP2-4.5,C3,~1058 Gt CO₂,1058.0,unit-bound scalar,~,,False
Yao 等 - 2025 - Assessment of the Impact of Climate Change on the Ecological Resilience of the Yangtze River Economi.pdf,SSP1-2.6,C3,942.4855433794125,942.4855433794125,field-only scalar,,,False
Bilal 等 - 2024 - Calibration of soil and water assessment model for its potential impact on climate change.pdf,A2,C5,102.7723603383973,102.7723603383973,field-only scalar,,,True
Bilal 等 - 2024 - Calibration of soil and water assessment model for its potential impact on climate change.pdf,B2,C5,835.4639342141137,835.4639342141137,field-only scalar,,,False
Sun 等 - 2015 - Modelling the potential role of forest thinning in maintaining water supplies under a changing clima.pdf,S1: Baseline,C7: limit warming to 4°C (>50%),4067.198904304981,4067.198904304981,field-only scalar,,,False
Boulange 等 - 2021 - Role of dams in reducing global flood exposure under climate change.pdf,RCP2.6,C1 (Below 1.5°C high overshoot),~500 Gt CO2 from 2020,500.0,unit-bound scalar,~,,False
Vargas-Piedra 等 - 2020 - Current and Future Potential Distribution of the Xerophytic Shrub Candelilla (Euphorbia antisyphi.pdf,RCP8.5,C8,N/A (exceeds budget for 2°C),,excluded,,explicitly missing/unspecified,False
Lombo-Sanchez 等 - 2025 - LIVERWORTS IN A CHANGING WORLD VULNERABILITY AND EXTINCTION RISK OF SPECIALIST SPECIES UNDER CLIMAT.pdf,SSP126,C1,~500 Gt CO2,500.0,unit-bound scalar,~,,False
He 等 - 2021 - Future global urban water scarcity and potential solutions.pdf,SSP1&RCP2.6,C1 (RCP equivalent),~400 Gt CO2,400.0,unit-bound scalar,~,,False
He 等 - 2021 - Future global urban water scarcity and potential solutions.pdf,SSP3&RCP7.0,C7,~ > 4000 PgCO₂ (from 2020),4000.0,unit-bound scalar,>,,False
"Hassan和Khan - 2022 - Assessment of the river flow regimes over the Chitral and Gilgit Basins, Pakistan, under IPCC climat.pdf",RCP8.5,C8 (High emissions),Not applicable,,excluded,,no unambiguous carbon-budget value,False
Beharry和Clarke - 2023 - Estimations of future reservoir volumes under different climate scenarios for a tropical reservoir i.pdf,RCP2.6,C1 (Likely below 1.5°C & Likely below 2°C),400-500 Gt CO2,450.0,unit-bound range midpoint,,,False
Friedrich - 2018 - Global Temperature Affects Dengue.pdf,1.5°C Warming Scenario,C3,271.9704635822378,271.9704635822378,field-only scalar,,,False
Kim 等 - 2018 - A protocol for an intercomparison of biodiversity and ecosystem services models using harmonized lan.pdf,SSP1xRCP2.6,C1,~900 Gt CO2,900.0,unit-bound scalar,~,,False
Oderiz 等 - 2022 - Transitional wave climate regions on continental and polar coasts in a warming world.pdf,RCP2.6,C1,~900 Gt CO2,900.0,unit-bound scalar,~,,False
Oderiz 等 - 2022 - Transitional wave climate regions on continental and polar coasts in a warming world.pdf,RCP8.5,High (C7-C8),~7000 GtCO2 from 1850-2100,7000.0,unit-bound scalar,~,,False
Valencia 等 - 2021 - Risk Reduction and Productivity Increase Through Integrating Arachis pintoi in Cattle Product.pdf,RCP2.6,C1 (Low GHG emissions),~500 Gt CO2 from 2020,500.0,unit-bound scalar,~,,False
Hader 等 - 2022 - Enabling forecasts of environmental exposure to chemicals in European agriculture under global chang.pdf,"ACE-1 ""sustainable development""",C1a,~400-500 Gt CO2 from 2020,450.0,unit-bound range midpoint,~,,False
Murray 等 - 2017 - Continental divide Predicting climate-mediated fragmentation and biodiversity loss in the boreal fo.pdf,A2,C5,102.7723603383973,102.7723603383973,field-only scalar,,,True
Alonzo 等 - 2022 - Profitability and Revenue Uncertainty of Wind Farms in Western Europe in Present and Future Climate.pdf,RCP-4.5,SSP2-4.5,~1550 GtCO₂ from 2020 (for limiting warming to 2°C with 67% likelihood),1550.0,unit-bound scalar,~,,False
Albaladejo-Robles 等 - 2025 - Present and Future of the White-Tailed Laurel Pigeon (Columba junoniae) on Gran Canaria Islan.pdf,SSP1-2.6,C1,~400 Gt CO2,400.0,unit-bound scalar,~,,False
Mesman 等 - 2024 - Timing of spring events changes under modelled future climate scenarios in a mesotrophic lake.pdf,SSP2-4.5,C5,2744.812344177873,2744.812344177873,field-only scalar,,,False
Li 等 - 2024 - Prediction of the Potentially Suitable Areas of Sesame in China Under Climate Change Scenarios Using.pdf,SSP126,C1,450.0,450.0,field-only scalar,,,False
Li 等 - 2024 - Prediction of the Potentially Suitable Areas of Sesame in China Under Climate Change Scenarios Using.pdf,SSP245,C3,2744.812344177873,2744.812344177873,field-only scalar,,,False
Xu 等 - 2025 - Spatio-temporally explicit reconstruction of upper range limit of trees since the LGM over the Tibet.pdf,SSP2–4.5,C3,~2750 GtCO₂,2750.0,unit-bound scalar,~,,False
Antich-Homar 等 - 2022 - An Integrated Approach for Evaluating Climate Change Risks A Case Study in Suriname.pdf,SSP2-4.5,C4,2744.812344177873,2744.812344177873,field-only scalar,,,False
Moisio 等 - 2024 - Climate change mitigation potential in building preservation comparing the CO2 performan.pdf,R1 delayed refurbishment,C7: limit warming to 4°C (>50%),4631.628201551354,4631.628201551354,field-only scalar,,,False
Moisio 等 - 2024 - Climate change mitigation potential in building preservation comparing the CO2 performan.pdf,R2 refurbishment,C7: limit warming to 4°C (>50%),4631.628201551354,4631.628201551354,field-only scalar,,,False
Moisio 等 - 2024 - Climate change mitigation potential in building preservation comparing the CO2 performan.pdf,R3 energy refurbishment,C7: limit warming to 4°C (>50%),4631.628201551354,4631.628201551354,field-only scalar,,,False
Moisio 等 - 2024 - Climate change mitigation potential in building preservation comparing the CO2 performan.pdf,R4 extensive energy refurbishment,C7: limit warming to 4°C (>50%),4631.628201551354,4631.628201551354,field-only scalar,,,False
Mutz 等 - 2021 - Twenty-first century regional temperature response in Chile based on empirical-statistical downscali.pdf,RCP2.6,C1 (Low GHG emissions),~1000 Gt CO₂ from 2020,1000.0,unit-bound scalar,~,,False
Song 等 - 2021 - Regional disparity in extinction risk Comparison of disjunct plant genera between eastern Asia and.pdf,RCP2.6,SSP1-2.6,~900 Gt CO2,900.0,unit-bound scalar,~,,False
Katerji 等 - 2017 - Actual evapotranspiration for a reference crop within measured and future changing climate periods i.pdf,A2,C7,102.7723603383973,102.7723603383973,field-only scalar,,,True
Katerji 等 - 2017 - Actual evapotranspiration for a reference crop within measured and future changing climate periods i.pdf,B2,C7,835.4639342141137,835.4639342141137,field-only scalar,,,False
Lu 等 - 2025 - A multi-source data-driven framework for probabilistic flood risk assessment using cascade machine l.pdf,SSP1-2.6,C3,~900 Gt CO2,900.0,unit-bound scalar,~,,False
Hassan和Amleh - 2025 - Influence of Various Crack Widths in RC Bridge Decks on the Initiation of Chloride-Induced Corrosion.pdf,RCP2.6,C1 (RCP equivalent),~400-500 Gt CO2 from 2020,450.0,unit-bound range midpoint,~,,False
Mote和Salathe - 2010 - Future climate in the Pacific Northwest.pdf,B1,C4,652.4725285661066,652.4725285661066,field-only scalar,,,False
Zhang 等 - 2023 - Natural Vegetation Succession Under Climate Change and the Combined Effects on Net Primary Productiv.pdf,SSP1-2.6,C3,~900 Gt CO2,900.0,unit-bound scalar,~,,False
Zhang 等 - 2023 - Natural Vegetation Succession Under Climate Change and the Combined Effects on Net Primary Productiv.pdf,SSP2-4.5,C5,2744.812344177873,2744.812344177873,field-only scalar,,,False
Alencar 等 - 2025 - Climate Change-Induced Distribution Shifts of Keratin-Feeding Beetle Omorgus (Omorgus).pdf,SSP2–4.5,C3,2744.812344177873,2744.812344177873,field-only scalar,,,False
Liu 等 - 2017 - Global and regional changes in exposure to extreme heat and the relative contributions of climate an.pdf,RCP2.6-SSP1,C1 (likely below 2 °C),~900 Gt CO2,900.0,unit-bound scalar,~,,False
"Bodjrenou 等 - 2025 - Analysis of current and future climate variability and drought recurrence in Benin, West Africa.pdf",SSP245,C3,1150 GtCO₂,1150.0,unit-bound scalar,,,False
Lauri 等 - 2019 - Global Woody Biomass Harvest Volumes and Forest Area Use Under Different SSP-RCP Scenarios.pdf,SSP1-RCP2.6,C1 (Below 1.5°C with no or limited overshoot),~900 Gt CO2,900.0,unit-bound scalar,~,,False
Lauri 等 - 2019 - Global Woody Biomass Harvest Volumes and Forest Area Use Under Different SSP-RCP Scenarios.pdf,SSP3-RCP2.6,C3 (RCP equivalent),~900 Gt CO2,900.0,unit-bound scalar,~,,False
Lopez 等 - 2019 - Integration of multiple methodologies to evaluate effects of Nature Based Solutions on urban climate.pdf,BAU,C7: limit warming to 4°C (>50%),4421.106912693341,4421.106912693341,field-only scalar,,,False
Wu 等 - 2025 - Decreasing dynamic predictability of global agricultural drought with warming climate.pdf,+2 °C world,C5,1793.871566014591,1793.871566014591,field-only scalar,,,False
Vicente-Serrano和Lopez-Moreno - 2008 - Differences in the non-stationary influence of the North Atlantic Oscillation on European precipitat.pdf,B1,C3: limit warming to 2°C (>67%),652.4725285661066,652.4725285661066,field-only scalar,,,False
Vicente-Serrano和Lopez-Moreno - 2008 - Differences in the non-stationary influence of the North Atlantic Oscillation on European precipitat.pdf,A2,C2: return warming to 1.5°C (>50%) after a high overshoot,102.7723603383973,102.7723603383973,field-only scalar,,,False
Lu 等 - 2025 - Assessing the impacts of climate change and human activities on distribution of Lophatherum graci.pdf,SSP245,C3,2744.812344177873 Pg CO₂-eq,2744.812344177873,unit-bound scalar,,,False
Gerten 等 - 2013 - Asynchronous exposure to global warming freshwater resources and terrestrial ecosystems.pdf,2°C warming,C4,1793.871566014591,1793.871566014591,field-only scalar,,,False
"Legesse 等 - 2010 - Streamflow sensitivity to climate and land cover changes Meki River, Ethiopia.pdf",1.5°C increase in temperature,C1: limit warming to 1.5°C (>50%) with no or limited overshoot,271.9704635822378,271.9704635822378,field-only scalar,,,False
Ma 等 - 2020 - Implications of Projected Hydroclimatic Change for Tularemia Outbreaks in High-Risk Areas across Swe.pdf,SSP1-2.6,C3,~900 Gt CO2,900.0,unit-bound scalar,~,,False
Ma 等 - 2020 - Implications of Projected Hydroclimatic Change for Tularemia Outbreaks in High-Risk Areas across Swe.pdf,SSP2-4.5,C5,2744 GtCO₂,2744.0,unit-bound scalar,,,False
Fanta 等 - 2023 - Analysis of Precipitation and Temperature Trends Under the Impact of Climate Change Over Ten Distric.pdf,RCP4.5,C3 (Below 3°C),~1000-1500 GtCO2 from 2020 (estimated),1250.0,unit-bound range midpoint,~,,False
Bobsien 等 - 2021 - Modeling eelgrass spatial response to nutrient abatement measures in a changing climate.pdf,BAU,C7,4421.106912693341,4421.106912693341,field-only scalar,,,False
"Haq 等 - 2023 - Climate Change and Human Activities, the Significant Dynamic Drivers of Himalayan Goral Distribution.pdf",SSPs585_2050,C8,>1400 GtCO₂ from 2020,1400.0,unit-bound scalar,>,,False
Obeysekera 等 - 2015 - Climate Sensitivity Runs and Regional Hydrologic Modeling for Predicting the Response of the Greater.pdf,"1.5°C increase in temperature, ±10% change in precipitation, and a 0.46 m increase in sea level",C3,271.9704635822378,271.9704635822378,field-only scalar,,,False
Stojkovic和Simonovic - 2020 - Understanding the Uncertainty of the Lim River Basin Response to Changing Climate.pdf,RCP2.6,C1 (RCP equivalent),~500 Gt CO₂ (from 2020 for 1.5 °C at 50 % probability),500.0,unit-bound scalar,~,,False
Zhang 等 - 2022 - Impact of climate change on wheat security through an alternate host of stripe rust.pdf,SSP245,C3,1150,1150.0,field-only scalar,,,False
Li 等 - 2022 - Simulation and Prediction of the Impact of Climate Change Scenarios on Runoff of Typical Watersheds.pdf,SSP2-4.5,C3,2744.812344177873,2744.812344177873,field-only scalar,,,False
Yang 等 - 2025 - Predicting the Impact of Climate Change on the Distribution of North China Leopards (Panthera par.pdf,SSP126,C1,942.4855433794125,942.4855433794125,field-only scalar,,,False
Yang 等 - 2025 - Predicting the Impact of Climate Change on the Distribution of North China Leopards (Panthera par.pdf,SSP245,C3,2744.812344177873,2744.812344177873,field-only scalar,,,False
Zanis 等 - 2024 - Future Projections of Precipitation Extremes for Greece Based on an Ensemble of High-Resolution Regi.pdf,RCP2.6,C1 (RCP equivalent),~500 Gt CO₂,500.0,unit-bound scalar,~,,False
Mendoza-Segura 等 - 2023 - Predicted Changes in the Biogeographical Range of Gracilaria vermiculophylla under Present an.pdf,RCP2.6,SSP1-2.6 (RCP2.6 equivalent),~300-500 Gt CO2 from 2020,400.0,unit-bound range midpoint,~,,False
Mendoza-Segura 等 - 2023 - Predicted Changes in the Biogeographical Range of Gracilaria vermiculophylla under Present an.pdf,RCP8.5,C8 (SSP5-8.5),High (>1400 GtCO₂ from 2020),1400.0,unit-bound scalar,>,,False
Anripa 等 - 2023 - Climate change over Indonesia and its impact on nutmeg production An analysis under high-resolution.pdf,RCP2.6,C3 (RCP equivalent),~900 Gt CO2,900.0,unit-bound scalar,~,,False
Roelfsema 等 - 2020 - Taking stock of national climate policies to evaluate implementation of the Paris Agreement.pdf,NDCs,C4,2125.417765920262,2125.417765920262,field-only scalar,,,False
Roelfsema 等 - 2020 - Taking stock of national climate policies to evaluate implementation of the Paris Agreement.pdf,2°C,C3,1793.871566014591,1793.871566014591,field-only scalar,,,False
Kim 等 - 2020 - A Two-Patch Mathematical Model for Temperature-Dependent Dengue Transmission Dynamics.pdf,RCP2.6,N/A‐RCP only,~900 Gt CO2,900.0,unit-bound scalar,~,,False
Liu 等 - 2023 - Assessing the Impact of Climate Change on Water Usage in Typical Industrial Enterprises.pdf,SSP1-2.6,C3,~900 Gt CO2,900.0,unit-bound scalar,~,,False
Zhu 等 - 2024 - Predicting the Potential Distribution of the Endangered Pyrethrum tatsienense in China Using.pdf,SSP126 (Green Growth Paradigm),C1,400-500 Gt CO₂ from 2020,450.0,unit-bound range midpoint,,,False
Abbas和Ali - 2024 - A novel statistical framework of drought projection by improving ensemble future climate model simul.pdf,SSP1-2.6,C3,~900 Gt CO2,900.0,unit-bound scalar,~,,False
Abbas和Ali - 2024 - A novel statistical framework of drought projection by improving ensemble future climate model simul.pdf,SSP2-4.5,C3,~1150 GtCO2 from 2020 for 2°C with 50% probability,1150.0,unit-bound scalar,~,,False
Demissie 等 - 2025 - Current and projected changes in climate extremes and agro-climatic zones over East Africa.pdf,SSP245,C5,2744.812344177873,2744.812344177873,field-only scalar,,,False
Feng 等 - 2024 - Investigation of the time-dependent bearing capacities of concrete structures in different environme.pdf,SSP1-2.6,C3,~900 Gt CO2,900.0,unit-bound scalar,~,,False
Bennett 等 - 2024 - Modeling of Future Streamflow Hazards in Interior Alaska River Systems and Implications for Applied.pdf,RCP8.5,C7 (High GHG emissions),Limited/Exhausted (very low remaining carbon budget),,excluded,,no unambiguous carbon-budget value,False
Sinha和Cherkauer - 2010 - Impacts of future climate change on soil frost in the midwestern United States.pdf,B1,C7,652.4725285661066,652.4725285661066,field-only scalar,,,False
Sinha和Cherkauer - 2010 - Impacts of future climate change on soil frost in the midwestern United States.pdf,A2,C7,102.7723603383973,102.7723603383973,field-only scalar,,,True
Zhang 等 - 2017 - Adaptive Effectiveness of Irrigated Area Expansion in Mitigating the Impacts of Climate Change on Cr.pdf,RCP2.6,C1 (RCP2.6 analogue),~300–600 Gt CO2,450.0,unit-bound range midpoint,~,,False
Li 等 - 2022 - Runoff simulation and projection in the source area of the Yellow River using the SWAT model and SSP.pdf,SSP126,C1,942.4855433794125,942.4855433794125,field-only scalar,,,False
Li 等 - 2022 - Runoff simulation and projection in the source area of the Yellow River using the SWAT model and SSP.pdf,SSP245,C4,2744.812344177873 GtCO₂-eq from 2020 (paper-specific calculation),2744.812344177873,unit-bound scalar,,,False
Ngarega 等 - 2024 - Application of MaxEnt modeling to evaluate the climate change effects on the geographic distribution.pdf,SSP1–2.6,C1,400-500 Gt CO2,450.0,unit-bound range midpoint,,,False
Ngarega 等 - 2024 - Application of MaxEnt modeling to evaluate the climate change effects on the geographic distribution.pdf,SSP2–4.5,C5,~1150 GtCO₂ from 2020,1150.0,unit-bound scalar,~,,False
Zhao 等 - 2021 - Projected soil organic carbon loss in response to climate warming and soil water content in a loess.pdf,RCP2.6,C1,~1000 Gt CO2 from 2020,1000.0,unit-bound scalar,~,,False
Murken 等 - 2024 - The need for evidence-based climate risk and adaptation assessments lessons learned from the AGRICA.pdf,RCP2.6,C1 (RCP equivalent),~1150 Gt CO2,1150.0,unit-bound scalar,~,,False
Son和Tague - 2019 - Hydrologic responses to climate warming for a snow-dominated watershed and a transient snow watershe.pdf,2°C warming,C5: limit warming to 2.5°C (>50%),1793.871566014591,1793.871566014591,field-only scalar,,,False
Turco 等 - 2018 - Exacerbated fires in Mediterranean Europe due to anthropogenic warming projected with non-stationary.pdf,1.5°C warming,C4,271.9704635822378,271.9704635822378,field-only scalar,,,False
Turco 等 - 2018 - Exacerbated fires in Mediterranean Europe due to anthropogenic warming projected with non-stationary.pdf,2°C warming,C5,1793.871566014591,1793.871566014591,field-only scalar,,,False
Turkington 等 - 2016 - A new flood type classification method for use in climate change impact studies.pdf,RCP4.5,C5 (Below 2.7°C),N/A (RCP pathway),,excluded,,explicitly missing/unspecified,False
Berberoglu 等 - 2021 - Modelling climate change impacts on regional net primary productivity in Turkey.pdf,RCP 2.6,C3 (RCP equivalent),~900 Gt CO2,900.0,unit-bound scalar,~,,False
Hubacek 等 - 2017 - Poverty eradication in a carbon constrained world.pdf,Move < $1.90 to $1.90 – $2.97,C3,~900 Gt CO2,900.0,unit-bound scalar,~,,False
Muluneh 等 - 2017 - Adapting to climate change for food security in the Rift Valley dry lands of Ethiopia supplemental.pdf,A2,C7,102.7723603383973,102.7723603383973,field-only scalar,,,True
Andreou 等 - 2025 - Evaluating the impact of lifestyle changes a scenario-based analysis for Europe's residential build.pdf,Baseline,C7,4067.198904304981,4067.198904304981,field-only scalar,,,False
Xu 等 - 2024 - Assessment of the potential for carbon sink enhancement in the overlapping ecological project areas.pdf,SSP126,C1,500 GtCO₂ from 2020,500.0,unit-bound scalar,,,False
Gooya 等 - 2023 - Time-varying changes and uncertainties in the CMIP6 ocean carbon sink fromglobal to local scale.pdf,ssp126,C1,500,500.0,field-only scalar,,,False
Gooya 等 - 2023 - Time-varying changes and uncertainties in the CMIP6 ocean carbon sink fromglobal to local scale.pdf,ssp245,C3,2745 GtCO2,2745.0,unit-bound scalar,,,False
Smith 等 - 2022 - The Effect of Convective Injection of Ice on Stratospheric Water Vapor in a Changing Climate.pdf,2 × CO,C5: limit warming to 2.5°C (>50%),1793.871566014591,1793.871566014591,field-only scalar,,,False
Hayashi和Shiogama - 2022 - Assessment of CMIP6-Based Future Climate Projections Selected for Impact Studies in Japan.pdf,SSP1-2.6,C3,~900 Gt CO2,900.0,unit-bound scalar,~,,False
Hayashi和Shiogama - 2022 - Assessment of CMIP6-Based Future Climate Projections Selected for Impact Studies in Japan.pdf,SSP2-4.5,C5,2744.812344177873,2744.812344177873,field-only scalar,,,False
Hermann 等 - 2021 - Coupled modes of projected regional change in the Bering Sea from a dynamically downscaling model un.pdf,SSP126,C1,~500 Gt CO2 from 2020,500.0,unit-bound scalar,~,,False
Ahani 等 - 2024 - An Investigation into the Effects of Climate Change on Water-Energy-Food Nexus A New Mathematical P.pdf,SSP1-2.6,C1,~900 Gt CO2,900.0,unit-bound scalar,~,,False
Wild 等 - 2021 - The Implications of Global Change for the Co-Evolution of Argentina's Integrated Energy-Water-Land S.pdf,Reference Scenario,C5,6016.054280938453,6016.054280938453,field-only scalar,,,False
Carr 等 - 2024 - Addressing future food demand in The Gambia can increased crop productivity and climate change adap.pdf,RCP 2.6,C3 (RCP equivalent),~900 Gt CO2,900.0,unit-bound scalar,~,,False
"Tompkins和Caporaso - 2016 - Assessment of malaria transmission changes in Africa, due to the climate impact of land use change u.pdf",RCP2.6,RCP2.6,~900 Gt CO2,900.0,unit-bound scalar,~,,False
Msadek 等 - 2025 - Assessing the Impacts of Climate Change Scenarios on Soil-Adjusted Vegetation Index in North African.pdf,SSP245,C1,1150,1150.0,field-only scalar,,,False
Ayllon 等 - 2025 - Mediterranean brown trout catch-and-release recreational fisheries might not be sustainable under co.pdf,Climate warming (Temp),C3,1200-1400 GtCO₂ (from 2020),1300.0,unit-bound range midpoint,,,False
Naren和Maity - 2024 - Coastal vulnerability considering combined effect of tropical cyclones and future sea level rise.pdf,RCP2.6,C1 (SSP1-2.6) - RCP2.6 equivalent,1150 Gt CO2 from 2020 (for 50% chance of limiting warming to 1.5°C),1150.0,unit-bound scalar,,,False
"Ayu Puspitasari和Wu - 2025 - Assessing future climate change with a weather generator A case study in Bali, Indonesia.pdf",RCP 2.6,C1,~300 Gt CO2,300.0,unit-bound scalar,~,,False
Jayakrishnan和Bala - 2023 - A comparison of the climate and carbon cycle effects of carbon removal by afforestation and an equiv.pdf,SSP2-4.5 with Afforestation,C3,~3000 GtCO2 (cumulative 2020–2100),3000.0,unit-bound scalar,~,,False
Browne 等 - 2019 - Adaptational lag to temperature in valley oak (Quercus lobata) can be mitigated by genome-inf.pdf,RCP-8.5,C7-C8 (SSP5-8.5 equivalent),Not applicable (no mitigation in this scenario),,excluded,,no unambiguous carbon-budget value,False
Li 等 - 2022 - Potential Range Shift of Snow Leopard in Future Climate Change Scenarios.pdf,RCP2.6,C1,500–600 Gt CO2 from 2020,550.0,unit-bound range midpoint,,,False
Li 等 - 2022 - Potential Range Shift of Snow Leopard in Future Climate Change Scenarios.pdf,RCP8.5,C8 (SSP5-8.5 equivalent),1150-1400 GtCO₂ from 2020 for 2°C with 50% probability,1275.0,unit-bound range midpoint,,,False
Subin 等 - 2012 - Boreal lakes moderate seasonal and diurnal temperature variation and perturb atmospheric circulation.pdf,Fu_2CO (future climate with potential future lake distribution) - Hi_2CO (future climate with GLWD lake area),C5: limit warming to 2.5°C (>50%),1793.871566014591,1793.871566014591,field-only scalar,,,False
Mahdian 等 - 2023 - Modelling impacts of climate change and anthropogenic activities on inflows and sediment loads of we.pdf,SSP1-2.6,C1,~500 Gt CO2 from 2020,500.0,unit-bound scalar,~,,False
Wei 等 - 2025 - High-Temporal-Resolution Modeling of Land Surface Temperature and Groundwater Level Impacts on Shall.pdf,SSP1-2.6,C1,~500 Gt CO₂ (from 2020),500.0,unit-bound scalar,~,,False
Wei 等 - 2025 - High-Temporal-Resolution Modeling of Land Surface Temperature and Groundwater Level Impacts on Shall.pdf,SSP2-4.5,C2,~1400 GtCO₂ from 2020,1400.0,unit-bound scalar,~,,False
Kath 等 - 2022 - Vapour pressure deficit determines critical thresholds for global coffee production under climate ch.pdf,2 °C warming scenario,C5,1793.871566014591,1793.871566014591,field-only scalar,,,False
Fuglestvedt 等 - 2000 - Climate implications of GWP-based reductions in greenhouse gas emissions.pdf,SO,C7,537.1163562384882,537.1163562384882,field-only scalar,,,False
Fuglestvedt 等 - 2000 - Climate implications of GWP-based reductions in greenhouse gas emissions.pdf,S1,C6,893.060956844902,893.060956844902,field-only scalar,,,False
Fuglestvedt 等 - 2000 - Climate implications of GWP-based reductions in greenhouse gas emissions.pdf,S2,C5,1447.733517816087,1447.733517816087,field-only scalar,,,False
Tschurr 等 - 2020 - Climate Scenarios and Agricultural Indices A Case Study for Switzerland.pdf,RCP2.6,C1 (Low GHG emissions),~400-500 Gt CO2,450.0,unit-bound range midpoint,~,,False
Tschurr 等 - 2020 - Climate Scenarios and Agricultural Indices A Case Study for Switzerland.pdf,RCP8.5,SSP5-8.5,>550 Gt CO2 cumulative 2018-2100 (very high emissions),550.0,unit-bound scalar,>,,False
Ventrella 等 - 2012 - Agronomic adaptation strategies under climate change for winter durum wheat and tomato in southern I.pdf,2°C,C3,1793.871566014591,1793.871566014591,field-only scalar,,,False
Sang 等 - 2022 - Genomic insights into local adaptation and future climate-induced vulnerability of a keystone forest.pdf,SSP126,C1,~500 Gt CO2 from 2020,500.0,unit-bound scalar,~,,False
Fujimori 等 - 2023 - Potential side effects of climate change mitigation on poverty and countermeasures.pdf,Baseline,C7: limit warming to 4°C (>50%),4067.198904304981,4067.198904304981,field-only scalar,,,False
Fujimori 等 - 2023 - Potential side effects of climate change mitigation on poverty and countermeasures.pdf,WB2C,C4,835.4639342141137,835.4639342141137,field-only scalar,,,False
Fujimori 等 - 2023 - Potential side effects of climate change mitigation on poverty and countermeasures.pdf,1.5C,C4,271.9704635822378,271.9704635822378,field-only scalar,,,False
Sparks 等 - 2024 - Health and equity implications of individual adaptation to air pollution in a changing climate.pdf,Reference (REF),C8: exceed warming of 4°C (>=50%),6016.054280938453,6016.054280938453,field-only scalar,,,False
Akhtar 等 - 2013 - GLIMPSE A Rapid Decision Framework for Energy and Environmental Policy.pdf,"S3, Baseline with 50% CO2 Cap",C5,1793.871566014591,1793.871566014591,field-only scalar,,,False
Akhtar 等 - 2013 - GLIMPSE A Rapid Decision Framework for Energy and Environmental Policy.pdf,"S4, Rollback with 50% CO2 Cap",C5,1793.871566014591,1793.871566014591,field-only scalar,,,False
"Bjornsson 等 - 2010 - Recent Climate Change, Projected Impacts, and Adaptation Capacity in Iceland.pdf",A2,C5,102.7723603383973,102.7723603383973,field-only scalar,,,True
Bania 等 - 2023 - Modelling habitat suitability for Moringa oleifera and Moringa stenopetala under curre.pdf,SSP1-2.6,C1 or C2,N/A (varies by model),,excluded,,explicitly missing/unspecified,False
Clark 等 - 2016 - Consequences of twenty-first-century policy for multi-millennial climate and sea-level change.pdf,"1,280 Pg C emission scenario",C8,1280 Pg C,4689.92,unit-bound scalar,,,False
Lee 等 - 2017 - A Study of Future Changes of Climate Classification and Extreme Temperature Events over South Korea.pdf,RCP2.6,SSP1-2.6,~900 Gt CO2,900.0,unit-bound scalar,~,,False
Gabr 等 - 2022 - Utilizing the Harvesting of Rainwater to Provide Safe Road Transportation Efficiency and Increase Wa.pdf,RCP4.5,C3 (Below 3°C),~1500-2000 GtCO₂ from 2020,1750.0,unit-bound range midpoint,~,,False
Lupisek 等 - 2021 - Czech Building Stock Renovation Wave Scenarios and Potential for CO2 Savings until 2050.pdf,Baseline Scenario,C8: limit warming to >4°C,4067.198904304981,4067.198904304981,field-only scalar,,,False
"Babkina 等 - 2024 - Modelling the future distribution of solitary wasps (Anoplius viaticus L ., 1758, A.pdf",SSP245,C3,~1200 GtCO₂ from 2020,1200.0,unit-bound scalar,~,,False
Jones 等 - 2015 - Accounting for radiative forcing from albedo change in future global land-use scenarios.pdf,FFICT-INT,C2,≈650–720 GtCO₂ (from 2018),685.0,unit-bound range midpoint,≈,,False
Sun 等 - 2019 - Identifying changes and critical drivers of future temperature and precipitation with a hybrid stepw.pdf,RCP2.6,C1 (Likely below 2 °C),"AR6 WG1 Table 5.8, 950 Gt CO₂ (67 % likelihood below 2 °C)",950.0,unit-bound scalar,,,False
Bashir 等 - 2020 - Effect of Climate Change on a Monolithic Desulphurized Tailings Cover.pdf,RCP6.0,C6 (~3.1°C),"1000 Gt CO₂, 2018–2100",1000.0,unit-bound scalar,,,False
Guerreiro 等 - 2023 - Impact of climate change on the distribution and habitat suitability of the world's main commercial.pdf,RCP 2.6,C2 (RCP equivalent),~900 Gt CO2,900.0,unit-bound scalar,~,,False
Balaguer-Romano 等 - 2023 - Modeling fuel moisture dynamics under climate change in Spain's forests.pdf,RCP4.5,SSP2-4.5,~1150 Gt CO₂ cumulative emissions (2020-2100),1150.0,unit-bound scalar,~,,False
Hart 等 - 2025 - Climate variability amplifies the need for vector-borne disease outbreak preparedness.pdf,SSP1-2.6,C3,~900 Gt CO2,900.0,unit-bound scalar,~,,False
Madhuri 等 - 2021 - Application of machine learning algorithms for flood susceptibility assessment and risk management.pdf,RCP2.6,C1 (SSP1-2.6 equivalent),~500 Gt CO₂ from 2020 (for 1.5°C with 50% probability),500.0,unit-bound scalar,~,,False
Madhuri 等 - 2021 - Application of machine learning algorithms for flood susceptibility assessment and risk management.pdf,Study using RCP4.5 data for flood risk assessment,C3,~1400 GtCO₂ from 2020,1400.0,unit-bound scalar,~,,False
Munoz 等 - 2024 - Assessing Water Management Strategies in Data-Scarce Mountain Regions under Uncertain Climate and So.pdf,SSP1-1.9,C1,N/A (implementation-specific),,excluded,,explicitly missing/unspecified,False
Munoz 等 - 2024 - Assessing Water Management Strategies in Data-Scarce Mountain Regions under Uncertain Climate and So.pdf,SSP1-2.6,C2,~500 Gt CO2,500.0,unit-bound scalar,~,,False
Lehtonen 等 - 2021 - Shared socioeconomic pathways for climate change research in Finland co-developing extended SSP nar.pdf,SSP1,C1,~500 Gt CO2,500.0,unit-bound scalar,~,,False
Lehtonen 等 - 2021 - Shared socioeconomic pathways for climate change research in Finland co-developing extended SSP nar.pdf,SSP3,SSP3-7.0 / 3.6 °C,5565.35 MtCO2,5.5653500000000005,unit-bound scalar,,,False
"Vishwanathan和Garg - 2020 - Energy system transformation to meet NDC, 2 °C, and well below 2 °C targets for India.pdf",2°C scenario (early action),C3,110 to 136 Gt-CO₂,123.0,unit-bound range midpoint,,,False
Bang Quoc Ho 等 - 2022 - Apply MIKE 11 model to study impacts of climate change on water resources and develop adaptation pla.pdf,Hydraulic Sensitivity Experiment,C2 (RCP 2.6 equivalent),~900 Gt CO2,900.0,unit-bound scalar,~,,False
Bang Quoc Ho 等 - 2022 - Apply MIKE 11 model to study impacts of climate change on water resources and develop adaptation pla.pdf,RCP 8.5,RCP8.5 (≈SSP5-8.5 forcing),"≈4250 Gt CO₂ cumulative, consistent with SSP5-8.5 / RCP8.5 forcing levels per AR6 WG3 Table SPM.2",4250.0,unit-bound scalar,≈,,False
"Zhang 等 - 2022 - Identification of risk areas for Orobanche cumana and Phelipanche aegyptiaca in China,.pdf",SSP126-2050,C1,942.4855433794125,942.4855433794125,field-only scalar,,,False
"Zhang 等 - 2022 - Identification of risk areas for Orobanche cumana and Phelipanche aegyptiaca in China,.pdf",SSP245-2050,C3,2744.812344177873,2744.812344177873,field-only scalar,,,False
Li 等 - 2022 - Projected Aerosol Changes Driven by Emissions and Climate Change Using a Machine Learning Method.pdf,SSP1-2.6,C3,~900 Gt CO2,900.0,unit-bound scalar,~,,False
Li 等 - 2022 - Projected Aerosol Changes Driven by Emissions and Climate Change Using a Machine Learning Method.pdf,SSP2-4.5,C5,2740 GtCO2,2740.0,unit-bound scalar,,,False
Zhou 等 - 2015 - Integrated SWAT model and statistical downscaling for estimating streamflow response to climate chan.pdf,A2,C7,102.7723603383973,102.7723603383973,field-only scalar,,,True
Zhou 等 - 2015 - Integrated SWAT model and statistical downscaling for estimating streamflow response to climate chan.pdf,B2,C7,835.4639342141137,835.4639342141137,field-only scalar,,,False
Feng 等 - 2020 - Future climate impacts on the hydrology of headwater streams in the Amazon River Basin Implications.pdf,RCP8.5,C8,N/A (exceeded),,excluded,,explicitly missing/unspecified,False
"Munene 等 - 2024 - Adaptation to the impacts of climate and demographic changes on water supply and demand in Nairobi,.pdf",RCP4.5,C5,Not provided,,excluded,,no unambiguous carbon-budget value,False
Wiesmeier 等 - 2016 - Projected loss of soil organic carbon in temperate agricultural soils in the 21st century effects o.pdf,C0 (constant C input),C0-carbon-input,output_only-NA,,excluded,,no unambiguous carbon-budget value,False
Birkmann 等 - 2021 - New methods for local vulnerability scenarios to heat stress to inform urban planning-case study Cit.pdf,RCP2.6,C1 (SSP1-2.6 equivalent),~500 Gt CO₂,500.0,unit-bound scalar,~,,False
Feng 等 - 2024 - Spatio-Temporal Variations of Habitat Quality Under 8 SSP-RCP Scenarios in China.pdf,SSP1-1.9,C1,~500 Gt CO2,500.0,unit-bound scalar,~,,False
Feng 等 - 2024 - Spatio-Temporal Variations of Habitat Quality Under 8 SSP-RCP Scenarios in China.pdf,SSP2-4.5,C5,2744.812344177873,2744.812344177873,field-only scalar,,,False
Millard 等 - 2023 - Key tropical crops at risk from pollinator loss due to climate change and land use.pdf,RCP2.6,C1,~300 Gt CO2 from 2020,300.0,unit-bound scalar,~,,False
Chen 等 - 2024 - Analysis of global vegetation resilience under different future climate scenarios.pdf,SSP1-2.6,C1,500 GtCO₂ from 2020,500.0,unit-bound scalar,,,False
Chen 等 - 2024 - Analysis of global vegetation resilience under different future climate scenarios.pdf,SSP2-4.5,C3,1200 GtCO2,1200.0,unit-bound scalar,,,False
Chen 等 - 2024 - Analysis of global vegetation resilience under different future climate scenarios.pdf,SSP5-8.5,C8,Exhausted for 1.5°C and 2°C targets,,excluded,,no unambiguous carbon-budget value,False
Bjorkman 等 - 2011 - Insect Pests in Future Forests More Severe Problems.pdf,Future Forests Program,C5,4631.628201551354,4631.628201551354,field-only scalar,,,False
Zhang 等 - 2025 - Impacts of Anthropogenic Emission Change Scenarios on US Water and Carbon Balances at National and S.pdf,TDM_A1B,C1,~500 Gt CO2,500.0,unit-bound scalar,~,,False
Zebre 等 - 2021 - 200 years of equilibrium-line altitude variability across the European Alps (1901-2100).pdf,RCP2.6,C1 or C2,~1150 Gt CO2 from 2020,1150.0,unit-bound scalar,~,,False
Zebre 等 - 2021 - 200 years of equilibrium-line altitude variability across the European Alps (1901-2100).pdf,RCP8.5,C8,"N/A – High-emission pathway, cumulative CO₂ emissions ~1900-2400 GtCO₂ (2015-2100, AR6 WG III)",,excluded,,explicitly missing/unspecified,False
Marin 等 - 2013 - Modeling suspended solids in a Northern Chilean Patagonia glacier-fed fjord GLOF scenarios under cl.pdf,S1,C3: limit warming to 2°C (>67%),893.060956844902,893.060956844902,field-only scalar,,,False
Marin 等 - 2013 - Modeling suspended solids in a Northern Chilean Patagonia glacier-fed fjord GLOF scenarios under cl.pdf,S2,C4: limit warming to 2°C (>50%),1447.733517816087,1447.733517816087,field-only scalar,,,False
Allena-Ozolina 等 - 2022 - Passenger Transport Shift to Green Mobility - Assessment Using TIMES Model.pdf,BASE,C8: policies lead to >4°C warming,2994.686676976194,2994.686676976194,field-only scalar,,,False
Allena-Ozolina 等 - 2022 - Passenger Transport Shift to Green Mobility - Assessment Using TIMES Model.pdf,GHG TARGET,C1,Constraint is national net-zero in 2050; global AR6 C1 reference used for category mapping,,excluded,,no unambiguous carbon-budget value,False
Xia 等 - 2024 - Coupled PLUS and SWAT Model Assessment of Streamflow Response to Climate Change and Human Interventi.pdf,SSP1–2.6,C1,500 Gt CO2 from 2020,500.0,unit-bound scalar,,,False
Xia 等 - 2024 - Coupled PLUS and SWAT Model Assessment of Streamflow Response to Climate Change and Human Interventi.pdf,SSP2–4.5,C4,~2500 GtCO2,2500.0,unit-bound scalar,~,,False
Xia 等 - 2024 - Coupled PLUS and SWAT Model Assessment of Streamflow Response to Climate Change and Human Interventi.pdf,SSP5–8.5,C8,—,,excluded,,no unambiguous carbon-budget value,False
Acharya 等 - 2012 - Quantitative Assessment of Climate Change Impacts on the Hydrology of the North Platte River Watersh.pdf,A2,Not applicable,Not applicable,,excluded,,no unambiguous carbon-budget value,False
Acharya 等 - 2012 - Quantitative Assessment of Climate Change Impacts on the Hydrology of the North Platte River Watersh.pdf,B1,C5,652.4725285661066,652.4725285661066,field-only scalar,,,False
Lengyel 等 - 2023 - Anticipated impacts of climate change on the structure and function of phytobenthos in freshwater la.pdf,SSP2-4.5,C5,2744.812344177873,2744.812344177873,field-only scalar,,,False
Gesangyangji 等 - 2022 - A methodology for evaluating the effects of climate change on climatic design conditions for buildin.pdf,RCP8.5,Very high (SSP5-8.5),Not applicable (no net zero target),,excluded,,no unambiguous carbon-budget value,False
Song 等 - 2023 - Prediction of Changes to the Suitable Distribution Area of Fritillaria przewalskii Maxim. in.pdf,SSP126,C1,~400 Gt CO2,400.0,unit-bound scalar,~,,False
Song 等 - 2023 - Prediction of Changes to the Suitable Distribution Area of Fritillaria przewalskii Maxim. in.pdf,SSP245,C5,2744.812344177873,2744.812344177873,field-only scalar,,,False
Schleussner 等 - 2024 - Overconfidence in climate overshoot.pdf,PROVIDE REN_NZCO2,C1 (modified),Not specified,,excluded,,no unambiguous carbon-budget value,False
Zhang 等 - 2020 - Multiple possibilities for future precipitation changes in Asia under the Paris Agreement.pdf,No-policy,C8,4680.996929151199,4680.996929151199,field-only scalar,,,False
Zhang 等 - 2020 - Multiple possibilities for future precipitation changes in Asia under the Paris Agreement.pdf,1.5°C scenario,C4,271.9704635822378,271.9704635822378,field-only scalar,,,False
Tonelli 等 - 2021 - Climate Projections for the Southern Ocean Reveal Impacts in the Marine Microbial Communities Follow.pdf,SSP1-2.6,C1,~500 Gt CO2,500.0,unit-bound scalar,~,,False
Tonelli 等 - 2021 - Climate Projections for the Southern Ocean Reveal Impacts in the Marine Microbial Communities Follow.pdf,SSP2-4.5,C5,1400,1400.0,field-only scalar,,,False
Voloudakis 等 - 2018 - A comparative estimate of climate change impacts on cotton and maize in Greece.pdf,A2,C5,102.7723603383973,102.7723603383973,field-only scalar,,,True
Voloudakis 等 - 2018 - A comparative estimate of climate change impacts on cotton and maize in Greece.pdf,B2,C5,835.4639342141137,835.4639342141137,field-only scalar,,,False
Alemazkoor 等 - 2020 - Hurricane-induced power outage risk under climate change is primarily driven by the uncertainty in p.pdf,Baseline scenario,C7: limit warming to 4°C (>50%),4067.198904304981,4067.198904304981,field-only scalar,,,False
Hadded 等 - 2025 - A Decision Support System for Managed Aquifer Recharge Through Non-Conventional Waters in the South.pdf,SC2.0,C8,RCP8.5: ~2000 GtCO2 from 2011-2100,2000.0,unit-bound scalar,~,,False
Boeing 等 - 2025 - Spatially and Seasonally Differentiated Response of Soil Moisture Droughts to Climate Change in Germ.pdf,RCP2.6,C1: Low GHG emissions (SSP1-2.6),300-900 GtCO2 from 2020 for 1.5°C with no or low overshoot,600.0,unit-bound range midpoint,,,False
Xu 等 - 2011 - Quantifying uncertainty in the impacts of climate change on river discharge in sub-catchments of the.pdf,2°C global warming,C4,1793.871566014591,1793.871566014591,field-only scalar,,,False
Veerkamp 等 - 2020 - Future projections of biodiversity and ecosystem services in Europe with two integrated assessment m.pdf,Wealth-Being (WB),SSP5,Not available—regional excl. fossil fuel emissions,,excluded,,no unambiguous carbon-budget value,False
Zhang 等 - 2022 - High Sensitivity of Compound Drought and Heatwave Events to Global Warming in the Future.pdf,SSP1-2.6,C3,942.4855433794125,942.4855433794125,field-only scalar,,,False
Zhang 等 - 2022 - High Sensitivity of Compound Drought and Heatwave Events to Global Warming in the Future.pdf,SSP2-4.5,C3,~2745 GtCO₂ from 2020,2745.0,unit-bound scalar,~,,False
Mianabadi 等 - 2024 - Projection of future non-stationary intensity-duration-frequency curves using the pooled CMIP6 clima.pdf,SSP1-2.6,C1,~1150 Gt CO2,1150.0,unit-bound scalar,~,,False
Mianabadi 等 - 2024 - Projection of future non-stationary intensity-duration-frequency curves using the pooled CMIP6 clima.pdf,SSP2-4.5,C2,1000-1350 GtCO₂ from 2020,1175.0,unit-bound range midpoint,,,False
Nicoli 等 - 2025 - Decadal predictions outperform climate projections in forecasting Mediterranean wintertime precipita.pdf,"Enhanced Mediterranean winter precipitation skill under CMIP6 SSP2-RCP4.5 forcing (2025-2100), background scenario applied to uninitialized simulations",C3,~1150 GtCO₂ from 2020,1150.0,unit-bound scalar,~,,False
Cameron 等 - 2016 - Policy trade-offs between climate mitigation and clean cook-stove access in South Asia.pdf,C10,C5,94.45702862349631,94.45702862349631,field-only scalar,,,True
Cameron 等 - 2016 - Policy trade-offs between climate mitigation and clean cook-stove access in South Asia.pdf,C30,C6,231.9516686594547,231.9516686594547,field-only scalar,,,True
Gilmore和Buhaug - 2021 - Climate mitigation policies and the potential pathways to conflict Outlining a research agenda.pdf,SSP1,C1,~500 Gt CO2,500.0,unit-bound scalar,~,,False
Maiullari 等 - 2023 - Gothenburg Digital Twin. Modelling and communicating the effect of temperature change scenarios on b.pdf,RCP2.6,C1,~500 Gt CO2,500.0,unit-bound scalar,~,,False
van der Linden 等 - 2019 - Oceanic heat transport into the Arctic under high and low CO2 forcing.pdf,0.25×CO2,C1,~500 Gt CO2,500.0,unit-bound scalar,~,,False
Zollo 等 - 2016 - Extreme temperature and precipitation events over Italy assessment of high-resolution simulations w.pdf,RCP4.5,C2,~1150 GtCO₂ (from 2020),1150.0,unit-bound scalar,~,,False
Zhang 等 - 2024 - Two zones and three centers distribution and suitable areas shift of an evergreen oak in subtropic.pdf,RCP2.6,C1 (Below 1.5°C),~400-500 Gt CO2 from 2020,450.0,unit-bound range midpoint,~,,False
Azarnivand 等 - 2023 - Climate Change Impacts on the Seasonal Variation of Hydro-Physical Characteristics in the Persian Gu.pdf,RCP2.6,C3 (RCP equivalent),~900 Gt CO2,900.0,unit-bound scalar,~,,False
Azarnivand 等 - 2023 - Climate Change Impacts on the Seasonal Variation of Hydro-Physical Characteristics in the Persian Gu.pdf,RCP4.5,C5 (RCP equivalent),~1150 GtCO₂ from 2020 (estimate for 50% likelihood of limiting warming to 2°C),1150.0,unit-bound scalar,~,,False
Benabou 等 - 2022 - Impact of climate change on potential distribution of Quercus suber in the conditions of Nort.pdf,RCP4.5,C4 (Above 2°C),~1150 GtCO₂ (from 2020 for 2°C with 67% probability),1150.0,unit-bound scalar,~,,False
Benabou 等 - 2022 - Impact of climate change on potential distribution of Quercus suber in the conditions of Nort.pdf,RCP2.6,C1,~400 Gt CO2,400.0,unit-bound scalar,~,,False
Sun 等 - 2025 - Runoff simulation and prediction of typical basins in the Jiziwan Region of the Yellow River Basin b.pdf,SSP1-2.6,C1,~500 Gt CO2 from 2020 (typical for C1),500.0,unit-bound scalar,~,,False
Sun 等 - 2025 - Runoff simulation and prediction of typical basins in the Jiziwan Region of the Yellow River Basin b.pdf,SSP2-4.5,C5,2744.81 GtCO₂,2744.81,unit-bound scalar,,,False
Hamitouche 等 - 2024 - Projected Changes in Extreme Precipitation Patterns across Algerian Sub-Regions.pdf,SSP245,C5,2744.812344177873,2744.812344177873,field-only scalar,,,False
Moghadam 等 - 2019 - Application of Climate Projections and Monte Carlo Approach for Assessment of Future River Flow Kho.pdf,A2,C5,102.7723603383973,102.7723603383973,field-only scalar,,,True
Moghadam 等 - 2019 - Application of Climate Projections and Monte Carlo Approach for Assessment of Future River Flow Kho.pdf,B2,C5,835.4639342141137,835.4639342141137,field-only scalar,,,False
Melese 等 - 2025 - Modelling the distribution of Ekebergia capensis sparrm. (Meliaceae) under the current and fu.pdf,SSP2-4.5,C5,2744.81 GtCO₂,2744.81,unit-bound scalar,,,False
Afshar 等 - 2018 - Analyzing long-term spatial variability of blue and green water footprints in a semi-arid mountainou.pdf,RCP2.6,C3,~1150 Gt CO2,1150.0,unit-bound scalar,~,,False
Afshar 等 - 2018 - Analyzing long-term spatial variability of blue and green water footprints in a semi-arid mountainou.pdf,RCP8.5,Very high,~1150 Gt CO₂ (2020–2100),1150.0,unit-bound scalar,~,,False
Teleubay 等 - 2024 - Comparison of Climate Change Effects on Wheat Production under Different Representative Concentratio.pdf,RCP2.6,C1,~400 Gt CO2,400.0,unit-bound scalar,~,,False
Wei - 2005 - A coupled model study on the intensification of the Asian summer monsoon in IPCCSRES scenarios.pdf,A2,C5,102.7723603383973,102.7723603383973,field-only scalar,,,True
Wei - 2005 - A coupled model study on the intensification of the Asian summer monsoon in IPCCSRES scenarios.pdf,B2,C5,835.4639342141137,835.4639342141137,field-only scalar,,,False
Kim 等 - 2018 - Assessing the Cost of Damage and Effect of Adaptation to Landslides Considering Climate Change.pdf,RCP2.6,C1 (Low GHG emissions),~1000 Gt CO2,1000.0,unit-bound scalar,~,,False
Miara 等 - 2019 - Climate-Water Adaptation for Future US Electricity Infrastructure.pdf,BAU,C7: limit warming to 3.6°C (>50%),4421.106912693341,4421.106912693341,field-only scalar,,,False
Miara 等 - 2019 - Climate-Water Adaptation for Future US Electricity Infrastructure.pdf,REN,C3: likely to limit warming to 1.5°C (>=50%),6016.054280938453,6016.054280938453,field-only scalar,,,False
"Gil 等 - 2018 - Tradeoffs in the quest for climate smart agricultural intensification in Mato Grosso, Brazil.pdf",RCP2.6,RCP2.6,~900 Gt CO2,900.0,unit-bound scalar,~,,False
Luderer 等 - 2022 - Impact of declining renewable energy costs on electrification in low-emission scenarios.pdf,1.5C-Elec,C1,~500 Gt CO2,500.0,unit-bound scalar,~,,False
Luderer 等 - 2022 - Impact of declining renewable energy costs on electrification in low-emission scenarios.pdf,WB2C-Elec,C5,~900 Gt CO2,900.0,unit-bound scalar,~,,False
Zhang 等 - 2019 - Projected Spatiotemporal Dynamics of Drought under Global Warming in Central Asia.pdf,1.5 °C warming scenario,C4,271.9704635822378,271.9704635822378,field-only scalar,,,False
Montana-Salas和Michiorri - 2024 - Assessing Regional Capacity Expansion The Role of Quasi-Dynamic Thermal Ratings in a Changing Clima.pdf,RCP2.6,C1,~300 Gt CO₂,300.0,unit-bound scalar,~,,False
"Tedprasith和Lohpaisankrit - 2024 - Development of intensity-duration-frequency relationships in Khon Kaen City, Thailand under changing.pdf",SSP1-2.6,C1,~1150 Gt CO2 from 2020,1150.0,unit-bound scalar,~,,False
"Tedprasith和Lohpaisankrit - 2024 - Development of intensity-duration-frequency relationships in Khon Kaen City, Thailand under changing.pdf",SSP2-4.5,C3,2744.812344177873,2744.812344177873,field-only scalar,,,False
"Tedprasith和Lohpaisankrit - 2024 - Development of intensity-duration-frequency relationships in Khon Kaen City, Thailand under changing.pdf",SSP5-8.5,C8,Not reported,,excluded,,no unambiguous carbon-budget value,False
Munia 等 - 2020 - Future Transboundary Water Stress and Its Drivers Under Climate Change A Global Study.pdf,SSP1-RCP2.6,SSP1-2.6,~900 Gt CO2 from 2020,900.0,unit-bound scalar,~,,False
Varquez 等 - 2020 - Future increase in elderly heat-related mortality of a rapidly growing Asian megacity.pdf,RCP26CC,C1 (RCP equivalent),~1000-1500 Gt CO2 (from 2020),1250.0,unit-bound range midpoint,~,,False
Sung 等 - 2024 - Centennial-Scale Intensification of Wet and Dry Extremes in North America.pdf,SSP1-2.6,C3,~900 Gt CO2,900.0,unit-bound scalar,~,,False
Busch 等 - 2009 - Comparing climate and cost impacts of reference levels for reducing emissions from deforestation.pdf,REDD mechanism with national historical reference levels,C5,6016.054280938453,6016.054280938453,field-only scalar,,,False
Shin 等 - 2021 - Driven to the edge Species distribution modeling of a Clawed Salamander (Hynobiidae Onychodacty.pdf,RCP 6.0,C3,~1150 GtCO₂ from 2020,1150.0,unit-bound scalar,~,,False
Montero-Botey 等 - 2024 - Deforestation and water availability as main drivers of human-elephant conflict.pdf,"Scenario A-C: 0%, 50%, 100% of preferred crops cultivated in each farm",C7: limit warming to 4°C (>50%),4631.628201551354,4631.628201551354,field-only scalar,,,False
Wang 等 - 2025 - Carbon Dioxide Fertilization Effects Offset the Vegetation GPP Losses of Woodland Ecosystems Due to.pdf,E1,C2: return warming to 1.5°C (>50%) after a high overshoot,298.9017422679738,298.9017422679738,field-only scalar,,,False
Wang 等 - 2025 - Carbon Dioxide Fertilization Effects Offset the Vegetation GPP Losses of Woodland Ecosystems Due to.pdf,E2,C4: limit warming to 2°C (>50%),447.7135307485477,447.7135307485477,field-only scalar,,,False
Jiang 等 - 2025 - Assessment of the impacts of climate change on cold region pavement design and operation.pdf,SSP126,C1,~300 Gt CO₂ from 2020 (67 % chance of staying below 1.5 °C post-2100),300.0,unit-bound scalar,~,,False
Xu 等 - 2024 - Assessing Climate Change Effects on Winter Wheat Production in the 3H Plain Insights from Bias-Corr.pdf,SSP2-4.5,C2,1150,1150.0,field-only scalar,,,False
Xu 等 - 2024 - Assessing Climate Change Effects on Winter Wheat Production in the 3H Plain Insights from Bias-Corr.pdf,SSP5-8.5,C8,>4000 GtCO₂ from 2020,4000.0,unit-bound scalar,>,,False
Wang 等 - 2019 - RESPONSE OF RUNOFF IN NINGXIA SECTION OF YELLOW RIVER BASIN OF CHINA TO CLIMATE CHANGES.pdf,A11,C2: return warming to 1.5°C (>50%) after a high overshoot,216.8368249438647,216.8368249438647,field-only scalar,,,False
Wang 等 - 2019 - RESPONSE OF RUNOFF IN NINGXIA SECTION OF YELLOW RIVER BASIN OF CHINA TO CLIMATE CHANGES.pdf,A12,C3: limit warming to 2°C (>67%),841.51506598449,841.51506598449,field-only scalar,,,False
Wang 等 - 2019 - RESPONSE OF RUNOFF IN NINGXIA SECTION OF YELLOW RIVER BASIN OF CHINA TO CLIMATE CHANGES.pdf,A13,C5: limit warming to 2.5°C (>50%),1724.765133757382,1724.765133757382,field-only scalar,,,False
Steiger和Stoetter - 2013 - Climate Change Impact Assessment of Ski Tourism in Tyrol.pdf,B1,C3,652.4725285661066,652.4725285661066,field-only scalar,,,False
Liu 等 - 2021 - Future climate change significantly alters interannual wheat yield variability over half of harveste.pdf,RCP4.5,C3 (RCP4.5 equivalent),~1000 GtCO₂ from 2020,1000.0,unit-bound scalar,~,,False
Zheng 等 - 2015 - Modeling climate change impacts on overwintering of Spodoptera exigua Hubner in regions of Ch.pdf,+2 °C scenario,C3: limit warming to 2°C (>50%),1793.871566014591,1793.871566014591,field-only scalar,,,False
Lee 等 - 2023 - Physically based equation representing the forcing-driven precipitation in climate models.pdf,SSP1-2.6,C1,900 Gt CO2 (from 2020),900.0,unit-bound scalar,,,False
Qiu 等 - 2022 - Environmental trade-offs of direct air capture technologies in climate change mitigation toward 2100.pdf,SSP2-baseline,C8: unconstrained warming >4°C,4746.249416364161,4746.249416364161,field-only scalar,,,False
Qiu 等 - 2022 - Environmental trade-offs of direct air capture technologies in climate change mitigation toward 2100.pdf,SSP2-RCP1.9 w/ DACCS,C1,~500 Gt CO2 from 2020,500.0,unit-bound scalar,~,,False
Ly 等 - 2023 - Integrated impact assessment of climate change and hydropower operation on streamflow and inundation.pdf,SSP2-4.5,C3,1400 GtCO₂ (2020–net-zero),1400.0,unit-bound scalar,,,False
Rutterford 等 - 2015 - Future fish distributions constrained by depth in warming seas.pdf,Future fish distributions constrained by depth in warming seas,C7: limit warming to 4°C (>50%),4631.628201551354,4631.628201551354,field-only scalar,,,False
Alfieri 等 - 2017 - Global projections of river flood risk in a warmer world.pdf,1.5°C warming,C3,271.9704635822378,271.9704635822378,field-only scalar,,,False
Yang 等 - 2023 - Reconstructed Global Invasion and Spatio-Temporal Distribution Pattern Dynamics of Sorghum halepe.pdf,SSP1-2.6,C3,942.4855433794125,942.4855433794125,field-only scalar,,,False
Beringer 等 - 2023 - CO2 fertilization effect may balance climate change impacts on oil palm cultivation.pdf,RCP2.6,C3 (~1.8°C),~1000 Gt CO2,1000.0,unit-bound scalar,~,,False
Bonanno和Collino - 2025 - Assessing the impact of climate change on solar energy production in Italy.pdf,RCP 2.6,C3,~400-500 Gt CO2,450.0,unit-bound range midpoint,~,,False
Bogmans 等 - 2017 - Adaptation of thermal power plants The (ir)relevance of climate (change) information.pdf,RCP2.6,C1,~1000 Gt CO2,1000.0,unit-bound scalar,~,,False
Silvy 等 - 2022 - A modeling framework to understand historical and projected ocean climate change in large coupled en.pdf,SSP245,C2,"~1150 GtCO₂ (budget from 2020, 67 % chance of ≤ 2 °C)",1150.0,unit-bound scalar,~,,False
Mainuddin 等 - 2011 - Adaptation to climate change for food security in the lower Mekong Basin.pdf,A2,C7,102.7723603383973,102.7723603383973,field-only scalar,,,True
Mainuddin 等 - 2011 - Adaptation to climate change for food security in the lower Mekong Basin.pdf,B2,C5,835.4639342141137,835.4639342141137,field-only scalar,,,False
Kim 等 - 2018 - Adaptation Strategies under Climate Change for Sustainable Agricultural Productivity in Cambodia.pdf,RCP8.5,C8 (>4.4°C),2240 GtCO₂,2240.0,unit-bound scalar,,,False
Zam 等 - 2021 - Assessment of climate change impact on hydrology of a transboundary river of Bhutan and India.pdf,RCP4.5,C3 (Below 2°C),1150 Gt CO2 from 2020,1150.0,unit-bound scalar,,,False
Santer 等 - 2013 - Human and natural influences on the changing thermal structure of the atmosphere.pdf,RCP8.5,C8 (RCP equivalent),Not applicable (high emissions scenario without net-zero target),,excluded,,no unambiguous carbon-budget value,False
Lamy 等 - 2023 - Impact of regional climate change on the mosquito vector Aedes albopictus in a tropical island envir.pdf,SSP1-2.6,C1,~400-500 Gt CO2,450.0,unit-bound range midpoint,~,,False
Lamy 等 - 2023 - Impact of regional climate change on the mosquito vector Aedes albopictus in a tropical island envir.pdf,SSP-2-4.5,C5,2744.812344177873,2744.812344177873,field-only scalar,,,False
Lamy 等 - 2023 - Impact of regional climate change on the mosquito vector Aedes albopictus in a tropical island envir.pdf,SSP-5-8.5,C8,Not applicable,,excluded,,no unambiguous carbon-budget value,False
Beusch 等 - 2022 - From emission scenarios to spatially resolved projections with a chain of computationally efficient.pdf,SSP1-1.9,C1,~500 Gt CO2,500.0,unit-bound scalar,~,,False
Fu 等 - 2024 - Assessing the impact of climate warming on tree species composition and distribution in the forest r.pdf,RCP2.6,C2,~300 Gt CO2 from 2020,300.0,unit-bound scalar,~,,False
van Garderen和Mindlin - 2022 - A storyline attribution of the 20112012 drought in Southeastern South America.pdf,ssp585,C8,Exceeded,,excluded,,no unambiguous carbon-budget value,False
Lee 等 - 2015 - Predicting the Changes in Cultivation Areas of Walnut Trees (Juglans sinensis) in Korea Due to Clima.pdf,RCP 4.5,C5 / SSP2-4.5 equivalent,~1500 GtCO₂ from 2020,1500.0,unit-bound scalar,~,,False
Fay 等 - 2024 - Scale-Dependent Drivers of Air-Sea CO2 Flux Variability.pdf,Baseline,C7: limit warming to 4°C (>50%),4067.198904304981,4067.198904304981,field-only scalar,,,False
Alzahrani 等 - 2022 - Assessment and Improvement of IDF Generation Algorithms Used in the IDF_CC Tool.pdf,RCP 4.5 - Simulated precipitation intensity series for the South Nation watershed from 2011 to 2100,C5,~1400 GtCO₂ (from 2020),1400.0,unit-bound scalar,~,,False
Zhao 等 - 2022 - Evaluation of the Carbon Sink Capacity of the Proposed Kunlun Mountain National Park.pdf,SSP1-2.6,C1,~500 Gt CO2 from 2020,500.0,unit-bound scalar,~,,False
Zhao 等 - 2022 - Evaluation of the Carbon Sink Capacity of the Proposed Kunlun Mountain National Park.pdf,SSP2-4.5,C3,2744.812344177873,2744.812344177873,field-only scalar,,,False
Streito 等 - 2021 - Citizen science and niche modeling to track and forecast the expansion of the brown marmorated stink.pdf,SSP245,C3,2744.812344177873,2744.812344177873,field-only scalar,,,False
Zhang 等 - 2017 - Emerging role of wetland methane emissions in driving 21st century climate change.pdf,RCP2.6,RCP2.6,~900 Gt CO2,900.0,unit-bound scalar,~,,False
Lehner 等 - 2017 - Projected drought risk in 1.5°C and 2°C warmer climates.pdf,1.5°C warming,C1,500.0,500.0,field-only scalar,,,False
Lehner 等 - 2017 - Projected drought risk in 1.5°C and 2°C warmer climates.pdf,2°C warming,C6,1793.871566014591,1793.871566014591,field-only scalar,,,False
"Ay 等 - 2014 - Integrated models, scenarios and dynamics of climate, land use and common birds.pdf",S1,C5,893.060956844902,893.060956844902,field-only scalar,,,False
"Zhou 等 - 2024 - Extremes of Temperature and Precipitation Under CMIP6 Scenarios Projections Over Central Hokkaido, J.pdf",SSP1-2.6,C1,500,500.0,field-only scalar,,,False
"Karozis 等 - 2021 - An assessment of climate change impact on air masses arriving in Athens, Greece.pdf",RCP4.5,C3 (Below 2°C),N/A - RCP uses prescribed CO2 concentrations,,excluded,,explicitly missing/unspecified,False
Mori 等 - 2018 - Assessment of mitigation strategies as tools for risk management under future uncertainties a multi.pdf,SSP1,C1 (if combined with appropriate forcing pathway like SSP1-1.9),~500 Gt CO2 (typical for 1.5°C scenarios but not explicitly stated),500.0,unit-bound scalar,~,,False
Mori 等 - 2018 - Assessment of mitigation strategies as tools for risk management under future uncertainties a multi.pdf,SSP2 with additional 2.0°C climate policies,C1,325.2897925777136,325.2897925777136,field-only scalar,,,False
Wilk-Slomka 等 - 2025 - The Impact of Changing Climatic Conditions on the Solutions Used in a Low-Energy Building-Case Study.pdf,SSP2-4.5,C2,2744.812 GtCO₂-eq (source paper),2744.812,unit-bound scalar,,,True
Gabriel和Robock - 2015 - Stratospheric geoengineering impacts on El NinoSouthern Oscillation.pdf,G1,C8,602.1546766650441,602.1546766650441,field-only scalar,,,False
Gabriel和Robock - 2015 - Stratospheric geoengineering impacts on El NinoSouthern Oscillation.pdf,G2,C8,633.5057805520881,633.5057805520881,field-only scalar,,,False
Ameray 等 - 2023 - Modelling the potential of forest management to mitigate climate change in Eastern Canadian forests.pdf,BAU,C7: limit warming to 4°C (>50%),4421.106912693341,4421.106912693341,field-only scalar,,,False
Ribes 等 - 2025 - Towards annual updating of forced warming to date and constrained climate projections.pdf,SSP2-4.5,C4,2744.812344177873,2744.812344177873,field-only scalar,,,False
Gallegos-Sanchez 等 - 2022 - Effects of experimental warming on two tropical Andean aquatic insects.pdf,+2.5°C warming,C5,2619.964986816399,2619.964986816399,field-only scalar,,,False
Shrestha 等 - 2023 - A review of climate change-induced flood impacts and adaptation of coastal infrastructure systems in.pdf,SSP1-2.6,C3,~900 Gt CO2,900.0,unit-bound scalar,~,,False
Lee 等 - 2023 - Stochastic Spatial Binary Simulation with Multivariate Normal Distribution for Illustrating Future E.pdf,SSP245,C4,2744.812344177873,2744.812344177873,field-only scalar,,,False
Lemonsu 等 - 2014 - Evolution of heat wave occurrence over the Paris basin (France) in the 21st century.pdf,A2,C5,102.7723603383973,102.7723603383973,field-only scalar,,,True
Lemonsu 等 - 2014 - Evolution of heat wave occurrence over the Paris basin (France) in the 21st century.pdf,B1,C3,652.4725285661066,652.4725285661066,field-only scalar,,,False
Solans 等 - 2024 - Vulnerability assessment for climate adaptation planning in a Mediterranean basin.pdf,SSP3-7.0,C7,Exceeded,,excluded,,no unambiguous carbon-budget value,False
Jung和Schindler - 2022 - Development of onshore wind turbine fleet counteracts climate change-induced reduction in global cap.pdf,T1–SSP2–4.5,C5,3150,3150.0,field-only scalar,,,False
Jung和Schindler - 2022 - Development of onshore wind turbine fleet counteracts climate change-induced reduction in global cap.pdf,T2–SSP2–4.5,C4,model-specific,,excluded,,no unambiguous carbon-budget value,False
Jung和Schindler - 2022 - Development of onshore wind turbine fleet counteracts climate change-induced reduction in global cap.pdf,T3–SSP2–4.5,C2,2744.812344177873,2744.812344177873,field-only scalar,,,True
Jung和Schindler - 2022 - Development of onshore wind turbine fleet counteracts climate change-induced reduction in global cap.pdf,T4–SSP2–4.5,C6,"920 Gt CO₂ (from 2020, for 2.7 °C with 50 % likelihood)",920.0,unit-bound scalar,,,False
"Molotoks 等 - 2021 - Impacts of land use, population, and climate change on global food security.pdf",RCP2.6 SSP1,C1 (SSP1-RCP2.6),~400-500 Gt CO2,450.0,unit-bound range midpoint,~,,False
Fuentes-Castillo 等 - 2020 - Hotspots and ecoregion vulnerability driven by climate change velocity in Southern South America.pdf,RCP2.6,C3 (RCP equivalent),~900 Gt CO2,900.0,unit-bound scalar,~,,False
Dekker 等 - 2023 - Spread in climate policy scenarios unravelled.pdf,C3,C3,1150 GtCO₂,1150.0,unit-bound scalar,,,False
Zhao 等 - 2025 - Long-term prediction of climate change impacts on indoor particle pollution - case study of a reside.pdf,SSP1-2.6,C3,500 GtCO2 from 2020,500.0,unit-bound scalar,,,False
Zhao 等 - 2025 - Long-term prediction of climate change impacts on indoor particle pollution - case study of a reside.pdf,SSP2-4.5,Intermediate (SSP2-4.5),2744.812344177873,2744.812344177873,field-only scalar,,,False
Zhu 等 - 2021 - Extreme climate changes over three major river basins in China as seen in CMIP5 and CMIP6.pdf,SSP1-2.6,C1,~900 Gt CO2,900.0,unit-bound scalar,~,,False
Zhang 等 - 2018 - The contribution of transport policies to the mitigation potential and cost of 2 °C and 1.5 °C goals.pdf,1.5D,C1,~500 Gt CO2,500.0,unit-bound scalar,~,,False
Zhang 等 - 2018 - The contribution of transport policies to the mitigation potential and cost of 2 °C and 1.5 °C goals.pdf,2D,C4,633.5057805520881,633.5057805520881,field-only scalar,,,False
Doell - 2009 - Vulnerability to the impact of climate change on renewable groundwater resources a global-scale ass.pdf,A2,C5,102.7723603383973,102.7723603383973,field-only scalar,,,True
Doell - 2009 - Vulnerability to the impact of climate change on renewable groundwater resources a global-scale ass.pdf,B2,C5,835.4639342141137,835.4639342141137,field-only scalar,,,False
Furuya 等 - 2015 - Climate Change Effects on Long-term World-crop Production Incorporating a Crop Model into Long-term.pdf,RCP2.6,C1,~400–500 Gt CO2,450.0,unit-bound range midpoint,~,,False
Sorte和White - 2013 - Competitive and demographic leverage points of community shifts under climate warming.pdf,Temperature Increase +2.5°C and +4°C,C6: limit warming to 3°C (>50%),2619.964986816399,2619.964986816399,field-only scalar,,,False
Serra-Diaz 等 - 2018 - Disequilibrium of fire-prone forests sets the stage for a rapid decline in conifer dominance during.pdf,RCP 8.5,C8,Remaining carbon budget for 2 °C: ~1150 GtCO₂ (from 2020),1150.0,unit-bound scalar,~,,False
Deng 等 - 2014 - Downscaling the Impacts of Large-Scale LUCC on Surface Temperature along with IPCC RCPs A Global Pe.pdf,RCP6.0,SSP4-6.0,~2100 GtCO₂ (2018-2100 limit),2100.0,unit-bound scalar,~,,False
Lu 等 - 2017 - Simulated responses of permafrost distribution to climate change on the Qinghai-Tibet Plateau.pdf,RCP2.6,C1 (Below 1.5°C),~300-500 Gt CO₂ (from 2020),400.0,unit-bound range midpoint,~,,False
Exbrayat 等 - 2014 - Addressing sources of uncertainty in runoff projections for a data scarce catchment in the Ecuadoria.pdf,A2,C5,102.7723603383973,102.7723603383973,field-only scalar,,,True
Vicedo-Cabrera 等 - 2018 - Temperature-related mortality impacts under and beyond Paris Agreement climate change scenarios.pdf,1.5°C warming scenario,C3,271.9704635822378,271.9704635822378,field-only scalar,,,False
Vicedo-Cabrera 等 - 2018 - Temperature-related mortality impacts under and beyond Paris Agreement climate change scenarios.pdf,2°C warming scenario,C4,1793.871566014591,1793.871566014591,field-only scalar,,,False
Yi 等 - 2018 - The influence of climate change on an endangered riparian plant species The root of riparian Homono.pdf,RCP2.6,C1 (Likely below 1.5°C),~400–450 Gt CO2 from 2020,425.0,unit-bound range midpoint,~,,False
"McKenney 等 - 2009 - Climate change and forest seed zones Past trends, future prospects and challenges to ponder.pdf",A2,C7,102.7723603383973,102.7723603383973,field-only scalar,,,True
"Hajat 等 - 2022 - Climate Change and Diarrhoeal Disease Burdens in the Gaza Strip, Palestine Health Impacts of 1.5 °C.pdf",1.5°C Global Warming Scenario,C4,271.9704635822378,271.9704635822378,field-only scalar,,,False
"Mitchell 等 - 2017 - Half a degree additional warming, prognosis and projected impacts (HAPPI) background and experiment.pdf",RCP2.6,C1 (Below 1.5°C),~300-500 Gt CO2,400.0,unit-bound range midpoint,~,,False
Kouakou 等 - 2023 - Assessing potential coastal flood exposure along the Port-Bouët Bay in Côte d'Ivoire using the enhan.pdf,SSP1-2.6,C3,~900 Gt CO2,900.0,unit-bound scalar,~,,False
Kouakou 等 - 2023 - Assessing potential coastal flood exposure along the Port-Bouët Bay in Côte d'Ivoire using the enhan.pdf,SSP2-4.5,C5,2744.812344177873,2744.812344177873,field-only scalar,,,False
Afruzi 等 - 2021 - Local strategies to manage groundwater depletion under climate change scenarios-a case study Hameda.pdf,RCP2.6-C4E1DI,C1 (RCP equivalent),~900 Gt CO2,900.0,unit-bound scalar,~,,False
Gnanaolivu 等 - 2025 - Distribution and Habitat Suitability of the Malabar Slender Loris (Loris lydekkerianus malabaricu.pdf,RCP2.6,C1 (SSP1-2.6 / RCP2.6 equivalent),~400-500 Gt CO2 (from 2020),450.0,unit-bound range midpoint,~,,False
Asitatikie 等 - 2025 - Machine learning approach for assessing flood vulnerability under changing climate and land use and.pdf,SSP 245,C2,~1150 GtCO2 from 2020,1150.0,unit-bound scalar,~,,False
Nakajima 等 - 2020 - Cost-Benefit Analysis of Adaptation to Beach Loss Due to Climate Change in Japan.pdf,RCP2.6,SSP1-2.6 (formerly RCP2.6),~900 Gt CO2,900.0,unit-bound scalar,~,,False
Li 等 - 2024 - Prediction of the potential distribution area of Jacaranda mimosifolia in China under climate.pdf,SSP126,C1,500.0,500.0,field-only scalar,,,False
Li 等 - 2024 - Prediction of the potential distribution area of Jacaranda mimosifolia in China under climate.pdf,SSP245,C5,2744.812344177873,2744.812344177873,field-only scalar,,,False
"Leibowitz 等 - 2014 - Hydrologic landscape classification evaluates streamflow vulnerability to climate change in Oregon,.pdf",A2,C5,102.7723603383973,102.7723603383973,field-only scalar,,,True
"Leibowitz 等 - 2014 - Hydrologic landscape classification evaluates streamflow vulnerability to climate change in Oregon,.pdf",B1,C5,652.4725285661066,652.4725285661066,field-only scalar,,,False
Gracceva和Zeniewski - 2014 - A systemic approach to assessing energy security in a low-carbon EU energy system.pdf,Low Carbon (LC),C4,Not specified,,excluded,,no unambiguous carbon-budget value,False
Lundholm 等 - 2020 - Evaluating the Impact of Future Global Climate Change and Bioeconomy Scenarios on Ecosystem Services.pdf,BAU,C8,4421.106912693341,4421.106912693341,field-only scalar,,,False
Lundholm 等 - 2020 - Evaluating the Impact of Future Global Climate Change and Bioeconomy Scenarios on Ecosystem Services.pdf,S1,C7,893.060956844902,893.060956844902,field-only scalar,,,False
Lundholm 等 - 2020 - Evaluating the Impact of Future Global Climate Change and Bioeconomy Scenarios on Ecosystem Services.pdf,S2,C5,1447.733517816087,1447.733517816087,field-only scalar,,,False
Andres 等 - 2019 - Hydrology induces intraspecific variation in freshwater fish morphology under contemporary and futur.pdf,RCP2.6,C3 (RCP equivalent),~900 Gt CO2,900.0,unit-bound scalar,~,,False
Kitsios 等 - 2023 - A machine learning approach to rapidly project climate responses under a multitude of net-zero emiss.pdf,RCP2.6,RCP2.6 (CMIP5 equivalent),~900 Gt CO2,900.0,unit-bound scalar,~,,False
Knutti和Sedlacek - 2013 - Robustness and uncertainties in the new CMIP5 climate model projections.pdf,RCP2.6,C3 (RCP equivalent),~900 Gt CO2,900.0,unit-bound scalar,~,,False
Song 等 - 2024 - Ensemble species distribution modeling and multilocus phylogeography provide insight into the spatia.pdf,SSP126,C1,500.0,500.0,field-only scalar,,,False
Mccarty 等 - 2023 - Assessing the impact of morphed CMIP6 climate model outputs on building energy performance simulatio.pdf,SSP126,C3,~900 Gt CO2,900.0,unit-bound scalar,~,,False
Mccarty 等 - 2023 - Assessing the impact of morphed CMIP6 climate model outputs on building energy performance simulatio.pdf,SSP245,C3,2744.812344177873,2744.812344177873,field-only scalar,,,False
Lima 等 - 2015 - Analysis of energy security and sustainability in future low carbon scenarios for Brazil.pdf,Baseline,C7: limit warming to 3.6°C (>50%),4000,4000.0,field-only scalar,,,False
Park 等 - 2019 - Assessment of Hydrologic Risk of Extreme Drought According to RCP Climate Change Scenarios Using Biv.pdf,RCP 4.5,C5 (RCP equivalent),"~1,000 GtCO₂ from 2020",1000.0,unit-bound scalar,~,,False
Berberian 等 - 2024 - Children's health impacts from a proposed decarbonization policy in the transportation sector in the.pdf,25% CO2 cap under Diversified strategy,C5,2619.964986816399,2619.964986816399,field-only scalar,,,False
Abdourhimou 等 - 2025 - Integrated water resource management in changing climate and local development and social cohesion m.pdf,RCP4.5,SSP2-4.5 (Intermediate),~1150 GtCO₂ from 2020,1150.0,unit-bound scalar,~,,False
Behroozian 等 - 2025 - Assessing climate change impacts on the geographical distribution of Cupressus sempervirens i.pdf,SSP2-4.5,C2,1150,1150.0,field-only scalar,,,False
Behroozian 等 - 2025 - Assessing climate change impacts on the geographical distribution of Cupressus sempervirens i.pdf,SSP5-8.5,C8,1150-1350 GtCO₂ (from 2020),1250.0,unit-bound range midpoint,,,False
"Yan 等 - 2019 - Hydrological Responses to Climate and Land Use Changes in a Watershed of the Loess Plateau, China.pdf",RCP4.5,C4 (2°C–3°C),~1500–2000 GtCO₂ from 2020,1750.0,unit-bound range midpoint,~,,False
"Mudd 等 - 2014 - Assessing Climate Change Impact on the US East Coast Hurricane Hazard Temperature, Frequency, and T.pdf",RCP8.5,C8 (High emissions),~1150 GtCO₂ from 2020 for 67% chance of limiting to 4°C,1150.0,unit-bound scalar,~,,False
Zhang 等 - 2024 - Estimating global geographical distribution and ecological niche dynamics of Ammannia coccineai.pdf,SSP126,C1,942.4855433794125,942.4855433794125,field-only scalar,,,False
Zhang 等 - 2024 - Estimating global geographical distribution and ecological niche dynamics of Ammannia coccineai.pdf,SSP245,Intermediate,2744.812344177873,2744.812344177873,field-only scalar,,,False
Xu 等 - 2017 - Effects of Climate Change on the Potentially Suitable Climatic Geographical Range of Liriodendron.pdf,RCP2.6,C1 (SSP1-2.6),~900 Gt CO2 from 2020 for 1.5°C (50%),900.0,unit-bound scalar,~,,False
Xu 等 - 2017 - Effects of Climate Change on the Potentially Suitable Climatic Geographical Range of Liriodendron.pdf,RCP4.5,C3 (SSP2-4.5 equivalent),N/A (not a 1.5°C or 2°C pathway),,excluded,,explicitly missing/unspecified,False
Pouget 等 - 2012 - Global Change adaptation in water resources management The Water Change project.pdf,A2,C5,102.7723603383973,102.7723603383973,field-only scalar,,,True
Pouget 等 - 2012 - Global Change adaptation in water resources management The Water Change project.pdf,B2,C5,835.4639342141137,835.4639342141137,field-only scalar,,,False
Filazzola 等 - 2020 - Climate Change Drives Increases in Extreme Events for Lake Ice in the Northern Hemisphere.pdf,RCP2.6,C1 (closest SSP analogue),~400-500 Gt CO2,450.0,unit-bound range midpoint,~,,False
Feng 等 - 2025 - Harnessing Landscape Genomics to Evaluate Genomic Vulnerability and Future Climate Resilience in an.pdf,SSP126,C1,942.4855433794125,942.4855433794125,field-only scalar,,,False
Corrales-Suastegui 等 - 2025 - Estimation of the Photovoltaic Power Potential in Mexico From CORDEX-CORE Simulations.pdf,RCP2.6,Very Low GHG emissions – RCP2.6 forcing,~900 Gt CO2,900.0,unit-bound scalar,~,,False
Carlino 等 - 2021 - Hydroclimatic change challenges the EU planned transition to a carbon neutral electricity system.pdf,RCP2.6,C3 (RCP equivalent),~900 Gt CO2,900.0,unit-bound scalar,~,,False
Landry 等 - 2021 - Mitigation Potential of Ecosystem-Based Forest Management under Climate Change A Case Study in the.pdf,Baseline,C7: limit warming to 4°C (>50%),4067.198904304981,4067.198904304981,field-only scalar,,,False
Li和Zhang - 2020 - Synergy of the westerly winds and monsoons in the lake evolution of global closed basins since the L.pdf,LGM,C3,~900 Gt CO2,900.0,unit-bound scalar,~,,False
Thiault 等 - 2019 - Escaping the perfect storm of simultaneous climate change impacts on agriculture and marine fisherie.pdf,RCP2.6,C1 (very low emissions),~500 Gt CO2,500.0,unit-bound scalar,~,,False
MacDougall和Knutti - 2016 - Projecting the release of carbon from permafrost soils using a perturbed parameter ensemble modellin.pdf,RCP2.6,C1a (1.5°C with low overshoot),~500 Gt CO2,500.0,unit-bound scalar,~,,False
Yin 等 - 2015 - Projections of aridity and its regional variability over China in the mid-21st century.pdf,RCP2.6,SSP1-2.6,~400-500 Gt CO2 from 2020,450.0,unit-bound range midpoint,~,,False
"Gougherty 等 - 2021 - Maladaptation, migration and extirpation fuel climate change risk in a forest tree species.pdf",RCP 8.5,High GHG emissions (SSP5-8.5 equivalent),Very high emissions pathway,,excluded,,no unambiguous carbon-budget value,False
Ma 等 - 2025 - Suitable habitat prediction and desertified landscape remediation potential of three medicinal Gl.pdf,SSP126,C3,500 GtCO2 remaining budget from 2020,500.0,unit-bound scalar,,,False
Lachs 等 - 2023 - Emergent increase in coral thermal tolerance reduces mass bleaching under climate change.pdf,SSP1-2.6,C1,~500 GtCO₂,500.0,unit-bound scalar,~,,False
Lachs 等 - 2023 - Emergent increase in coral thermal tolerance reduces mass bleaching under climate change.pdf,SSP2-4.5,C5,2744.812344177873,2744.812344177873,field-only scalar,,,False
Schaefer 等 - 2020 - Predicting the impact of sea-level rise on intertidal rocky shores with remote sensing.pdf,RCP2.6,C3 (RCP equivalent),~300-500 Gt CO2,400.0,unit-bound range midpoint,~,,False
Leimbach 等 - 2024 - Macroeconomic structural change likely increases inequality in India more than climate policy.pdf,SSP1-CP2,C2,~600-700 Gt CO2,650.0,unit-bound range midpoint,~,,False
Leimbach 等 - 2024 - Macroeconomic structural change likely increases inequality in India more than climate policy.pdf,SSP2-CP2,C3,1793.871566014591 GtCO₂ for 2020-2100,1793.871566014591,unit-bound scalar,,,False
Zhang 等 - 2022 - Projections of future precipitation and air temperature over the Tibetan Plateau based on Coupled Mo.pdf,SSP126,C1,500 GtCO₂ (approximate),500.0,unit-bound scalar,,,False
Zhang 等 - 2022 - Projections of future precipitation and air temperature over the Tibetan Plateau based on Coupled Mo.pdf,SSP245,C3,1150 GtCO₂,1150.0,unit-bound scalar,,,False
Haddad 等 - 2025 - Recent climate impacts on run-of-river hydropower and electricity systems planning in Switzerland.pdf,Reference scenario,C8: exceed warming of 4°C (>=50%),6016.054280938453,6016.054280938453,field-only scalar,,,False
Xu和Yao - 2021 - Integrating Climate Change Adaptation and Mitigation into Land Use Optimization A Case Study in Hua.pdf,A2,C5,102.7723603383973,102.7723603383973,field-only scalar,,,True
Kosasaeng 等 - 2025 - HYBRID MODELING FOR FUTURE INFLOW PREDICTION OF HUAI LUANG RESERVOIR UNDER CLIMATE CHANGE.pdf,SSP245,C3,2744.812344177873,2744.812344177873,field-only scalar,,,False
"Zamanirad 等 - 2018 - Potential impacts of climate change on groundwater levels on the Kerdi-Shirazi plain, Iran.pdf",A2,C2: return warming to 1.5°C (>50%) after a high overshoot,102.7723603383973,102.7723603383973,field-only scalar,,,False
"Zamanirad 等 - 2018 - Potential impacts of climate change on groundwater levels on the Kerdi-Shirazi plain, Iran.pdf",B1,C3: limit warming to 2°C (>67%),652.4725285661066,652.4725285661066,field-only scalar,,,False
Wilby - 2005 - Uncertainty in water resource model parameters used for climate change impact assessment.pdf,A2,C5,102.7723603383973,102.7723603383973,field-only scalar,,,True
Wilby - 2005 - Uncertainty in water resource model parameters used for climate change impact assessment.pdf,B2,C5,835.4639342141137,835.4639342141137,field-only scalar,,,False
Shiogama 等 - 2021 - How many hot days and heavy precipitation days will grandchildren experience that break the records.pdf,SSP1-2.6,C3,942.4855433794125,942.4855433794125,field-only scalar,,,False
Greenham 等 - 2023 - The impact of heat on London Underground infrastructure in a changing climate.pdf,RCP6.0,C3 (Below 3°C),1200-1400 GtCO₂ from 2020,1300.0,unit-bound range midpoint,,,False
Soares 等 - 2024 - High-resolution downscaling of CMIP6 Earth system and global climate models using deep learning for.pdf,SSP1–2.6,C1a,≈500 Gt CO2,500.0,unit-bound scalar,≈,,False
Soares 等 - 2024 - High-resolution downscaling of CMIP6 Earth system and global climate models using deep learning for.pdf,SSP2–4.5,C5,2750 GtCO₂,2750.0,unit-bound scalar,,,False
Soares 等 - 2024 - High-resolution downscaling of CMIP6 Earth system and global climate models using deep learning for.pdf,SSP3–7.0,High,Not specified,,excluded,,no unambiguous carbon-budget value,False
Zhang 等 - 2024 - Projections of temperature and precipitation changes in Xinjiang from 2021 to 2050 based on the CMIP.pdf,SSP1-2.6,C1,~500 Gt CO2,500.0,unit-bound scalar,~,,False
Zhang 等 - 2024 - Projections of temperature and precipitation changes in Xinjiang from 2021 to 2050 based on the CMIP.pdf,SSP2-4.5,C3,1150-1350 GtCO₂,1250.0,unit-bound range midpoint,,,False
Zhang和Wu - 2012 - Can Oceanic Freshwater Flux Amplify Global Warming.pdf,2CO,C3,1793.871566014591,1793.871566014591,field-only scalar,,,False
Zhang和Wu - 2012 - Can Oceanic Freshwater Flux Amplify Global Warming.pdf,2CO_FixEmP,C5: limit warming to 2.5°C (>50%),1793.871566014591,1793.871566014591,field-only scalar,,,False
Elsadek 等 - 2025 - Projecting rice water footprint for different shared socioeconomic pathways under arid climate condi.pdf,SSP2-4.5,C3,2744.812344177873,2744.812344177873,field-only scalar,,,False
Mi 等 - 2025 - Cascading climate effects in deep reservoirs Full assessment of physical and biogeochemical dynamic.pdf,RCP2.6,SSP1-2.6 (RCP2.6 equivalent),~900 Gt CO2,900.0,unit-bound scalar,~,,False
Min 等 - 2022 - Response of Natural Gas Consumption to Temperature and Projection under SSP Scenarios during Winter.pdf,SSP245,C3,2744.812344177873,2744.812344177873,field-only scalar,,,False
Gomes 等 - 2021 - The Major Roles of Climate Warming and Ecological Competition in the Small-scale Coastal Fishery in.pdf,RCP 2.6,C3 (RCP equivalent),~900 Gt CO2,900.0,unit-bound scalar,~,,False
Leppiniemi 等 - 2023 - Environmental spaces for palsas and peat plateaus are disappearingat a circumpolar scale.pdf,RCP2.6,C1 (RCP equivalent),~900 Gt CO2,900.0,unit-bound scalar,~,,False
Leppiniemi 等 - 2023 - Environmental spaces for palsas and peat plateaus are disappearingat a circumpolar scale.pdf,RCP8.5,C8,Exceeds remaining carbon budget for >4°C target,,excluded,,no unambiguous carbon-budget value,False
Gedney 等 - 2019 - Significant feedbacks of wetland methane release on climate change and the causes of their uncertain.pdf,RCP2.6,C3 (RCP equivalent),~900 Gt CO2,900.0,unit-bound scalar,~,,False
Lan 等 - 2022 - Potential distribution of three types of ephemeral plants under climate changes.pdf,ssp126,C1,500,500.0,field-only scalar,,,False
Lan 等 - 2022 - Potential distribution of three types of ephemeral plants under climate changes.pdf,ssp245,C3,2744.812344177873,2744.812344177873,field-only scalar,,,False
Wojtowicz 等 - 2020 - Assessment of the impact of climate change on the latency period of leaf rust on triticale in Poland.pdf,RCP2.6,C1,~400-500 Gt CO2 from 2020,450.0,unit-bound range midpoint,~,,False
Liu 等 - 2025 - Pooled Prediction of the Individual and Combined Impact of Extreme Climate Events on Crop Yields in.pdf,SSP1-2.6,C3,~900 Gt CO2,900.0,unit-bound scalar,~,,False
Nelson 等 - 2014 - Climate change effects on agriculture economic responses to biophysical shocks.pdf,RCP8.5,SSP5-8.5,High cumulative emissions,,excluded,,no unambiguous carbon-budget value,False
Martinez和Iglesias - 2024 - Climate-change Effects on Wind Resources in Europe and North America Based on the Shared Socioeconom.pdf,SSP2-4.5,C5,2744.812344177873,2744.812344177873,field-only scalar,,,False
Li 等 - 2025 - Unraveling the Effects of Climate Change and Human Activity on Potential Habitat Range Shifts in Fou.pdf,SSP1-2.6,C3,~900 Gt CO2,900.0,unit-bound scalar,~,,False
Moss 等 - 2010 - The next generation of scenarios for climate change research and assessment.pdf,RCP2.6,C3 (RCP equivalent),~900 Gt CO2,900.0,unit-bound scalar,~,,False
Wu 等 - 2020 - Assessing differences in the response of forest aboveground biomass and composition under climate ch.pdf,RCP2.6,C3 (RCP equivalent),~900 Gt CO2,900.0,unit-bound scalar,~,,False
McWhorter 等 - 2024 - Climate change impacts on mesophotic regions of the Great Barrier Reef.pdf,SSP1-1.9,C1,~400-500 Gt CO2,450.0,unit-bound range midpoint,~,,False
Gabler 等 - 2017 - Macroclimatic change expected to transform coastal wetland ecosystems this century.pdf,Warmer (+2 °C),C4,1793.871566014591,1793.871566014591,field-only scalar,,,False
Gabler 等 - 2017 - Macroclimatic change expected to transform coastal wetland ecosystems this century.pdf,Warmer and wetter (+2 °C and +10% MAP),C4,1793.871566014591,1793.871566014591,field-only scalar,,,False
Gabler 等 - 2017 - Macroclimatic change expected to transform coastal wetland ecosystems this century.pdf,Warmer and drier (+2 °C and -10% MAP),C4,1793.871566014591,1793.871566014591,field-only scalar,,,False
"Guo 等 - 2020 - Identifying how future climate and land usecover changes impact streamflow in Xinanjiang Basin, Eas.pdf",RCP2.6,RCP2.6 - see characteristics below,~900 Gt CO2,900.0,unit-bound scalar,~,,False
Son 等 - 2010 - Impact of stratospheric ozone on Southern Hemisphere circulation change A multimodel assessment.pdf,CCMVal-2 REF-B2,C7: limit warming to 4°C (>50%),4631.628201551354,4631.628201551354,field-only scalar,,,False
Zhang 等 - 2011 - Trend and uncertainty analysis of simulated climate change impacts with multiple GCMs and emission s.pdf,A2,C5,102.7723603383973,102.7723603383973,field-only scalar,,,True
Zhang 等 - 2011 - Trend and uncertainty analysis of simulated climate change impacts with multiple GCMs and emission s.pdf,B2,C5,835.4639342141137,835.4639342141137,field-only scalar,,,False
"Chevallier 等 - 2023 - Current and future water balance of a mountain subcatchment of Issyk-Kul Lake, Tien Shan range, Kyrg.pdf",ssp2-4.5,C3,1150 GtCO₂,1150.0,unit-bound scalar,,,False
Zhang 等 - 2017 - Spatio-temporal variations in the areas suitable for the cultivation of rice and maize in China unde.pdf,RCP2.6,C1 (RCP equivalent),~300–400 Gt CO₂ (from 2020),350.0,unit-bound range midpoint,~,,False
Murgatroyd 等 - 2025 - Building Ethiopia's food security resilience to climate and hydrological change.pdf,2°C climate change scenario,C3,1793.871566014591,1793.871566014591,field-only scalar,,,False
Murgatroyd 等 - 2025 - Building Ethiopia's food security resilience to climate and hydrological change.pdf,Paris Forever (PF) climate change scenario,C5,3766.778545171488,3766.778545171488,field-only scalar,,,False
Li 等 - 2020 - Ecosystem Services under Climate Change Impact Water Infrastructure in a Highly Forested Basin.pdf,RCP8.5,C8 (SSP5-8.5),Very limited/exhausted,,excluded,,no unambiguous carbon-budget value,False
Haustein 等 - 2016 - Real-time extreme weather event attribution with forecast seasonal SSTs.pdf,RCP4.5,C3,Not specified in paper,,excluded,,no unambiguous carbon-budget value,False
Li 等 - 2020 - Prediction of Droughts in the Mongolian Plateau Based on the CMIP5 Model.pdf,RCP8.5,C7 (SSP5-8.5 equivalent),N/A (pathway exceeds remaining budgets),,excluded,,explicitly missing/unspecified,False
Singh和Dhadse - 2021 - Economic evaluation of crop production in the Ganges region under climate change A sustainable poli.pdf,"RCP 2.6, N-450 sub-scenario (neutral projection, 450 ppm CO₂)",C3 (RCP equivalent),~900 Gt CO2,900.0,unit-bound scalar,~,,False
Li 等 - 2023 - Assessment of the Future Changes in the Socio-Economic Vulnerability of China's Coastal Areas.pdf,SSP1-2.6,C1,~400 Gt CO2,400.0,unit-bound scalar,~,,False
Li 等 - 2023 - Assessment of the Future Changes in the Socio-Economic Vulnerability of China's Coastal Areas.pdf,SSP2-4.5,C6,2744.812344177873,2744.812344177873,field-only scalar,,,False
Li 等 - 2020 - Optimized Maxent Model Predictions of Climate Change Impacts on the Suitable Distribution of Cunn.pdf,RCP2.6,C1 (RCP equivalent),~300 Gt CO2 from 2020,300.0,unit-bound scalar,~,,False
Greve和Chambers - 2022 - Mass loss of the Greenland ice sheet until the year 3000 under a sustained late-21st-century climate.pdf,RCP2.6/SSP1-2.6,C1,1150.0,1150.0,field-only scalar,,,False
Solman和Le Treut - 2006 - Climate change in terms of modes of atmospheric variability and circulation regimes over southern So.pdf,IPSL LF8 simulation,N/A (SRES A2 scenario),N/A (SRES A2),,excluded,,explicitly missing/unspecified,False
Ortiz-Bobea 等 - 2018 - Growing climatic sensitivity of U.S. agriculture linked to technological change and regional special.pdf,+2°C warming in the Midwest,C4,1793.871566014591,1793.871566014591,field-only scalar,,,False
Cranmer和Baker - 2020 - The global climate value of offshore wind energy.pdf,Business-as-Usual (BAU) scenario,C7: limit warming to 4°C (>50%),4421.106912693341,4421.106912693341,field-only scalar,,,False
Cranmer和Baker - 2020 - The global climate value of offshore wind energy.pdf,Carbon Cap (RCP 2.6),C3 (RCP equivalent),~900 Gt CO2,900.0,unit-bound scalar,~,,False
Cao 等 - 2021 - Spatiotemporal variations of global terrestrial vegetation climate potential productivity under clim.pdf,RCP2.6,C1 (RCP equivalent),≈460 Gt CO2,460.0,unit-bound scalar,≈,,False
"Wu 等 - 2016 - Climate change and consequences on the water cycle in the humid Xiangjiang River Basin, China.pdf",Baseline scenario reflecting historical climate and hydrological trends in the Xiangjiang River Basin,C7: limit warming to 4°C (>50%),4067.198904304981,4067.198904304981,field-only scalar,,,False
Zhang 等 - 2020 - Impacts of climate change on the global potential distribution of two notorious invasive crayfishes.pdf,RCP2.6,C3 (RCP equivalent),~900 Gt CO2,900.0,unit-bound scalar,~,,False
"Baskent - 2019 - Exploring the effects of climate change mitigation scenarios on timber, water, biodiversity and carb.pdf",BAU,C7: limit warming to 4°C (>50%),4421.106912693341,4421.106912693341,field-only scalar,,,False
"Baskent - 2019 - Exploring the effects of climate change mitigation scenarios on timber, water, biodiversity and carb.pdf",LIM,C2: return warming to 1.5°C (>50%) after a high overshoot,294.0204260375761,294.0204260375761,field-only scalar,,,False
Li 等 - 2023 - Spatial and temporal distribution characteristics and prediction analysis of nitrogen and phosphorus.pdf,SSP245,C3,2744.812344177873,2744.812344177873,field-only scalar,,,False
Mercure 等 - 2018 - Environmental impact assessment for climate change policy with the simulation-based integrated asses.pdf,Policies for >70% chance of staying below 2°C,C3,1793.871566014591,1793.871566014591,field-only scalar,,,False
Li 等 - 2019 - Future Climate Change Will Have a Positive Effect on Populus davidiana in China.pdf,RCP2.6,C3 (Below 2°C),~1000 Gt CO2,1000.0,unit-bound scalar,~,,False
Whitman 等 - 2011 - Climate Change Impact of Biochar Cook Stoves in Western Kenyan Farm Households System Dynamics Mode.pdf,Refined pyrolytic stove,C5,4631.628201551354,4631.628201551354,field-only scalar,,,False
Zhang 等 - 2025 - MaxEnt Modeling of Future Habitat Shifts of Itea yunnanensis in China Under Climate Change Sc.pdf,SSP1-2.6,C3,~900 Gt CO₂,900.0,unit-bound scalar,~,,False
Mandel 等 - 2021 - Risks on global financial stability induced by climate change the case of flood risks.pdf,SSP1-RCP2.6 Low-Impact Scenario,C1 (Likely below 1.5°C & Likely below 2°C),~500 Gt CO2,500.0,unit-bound scalar,~,,False
Fereidani 等 - 2023 - The effectiveness of the Iranian building code in mitigating climate change in Bandar Abbas.pdf,SSP2-4.5,C6a,2744.812344177873,2744.812344177873,field-only scalar,,,False
Wu 等 - 2020 - Evaluating the contributions of climate change and human activities to runoff in typical semi-arid a.pdf,R1,C2: return warming to 1.5°C (>50%) after a high overshoot,403.8902359738318,403.8902359738318,field-only scalar,,,False
Wu 等 - 2020 - Evaluating the contributions of climate change and human activities to runoff in typical semi-arid a.pdf,R4,C2: return warming to 1.5°C (>50%) after a high overshoot,403.890566339551,403.890566339551,field-only scalar,,,False
Gebrewahid 等 - 2025 - Modelling climate-driven range shifts in the distribution of Lantana camara in Ethiopia.pdf,SSP126,C3,~900 Gt CO2,900.0,unit-bound scalar,~,,False
Gebrewahid 等 - 2025 - Modelling climate-driven range shifts in the distribution of Lantana camara in Ethiopia.pdf,SSP245,C5,2744.812344177873,2744.812344177873,field-only scalar,,,False
"Lasch-Born 等 - 2018 - Fire, late frost, nun moth and drought risks in Germany's forests under climate change.pdf",RCP2.6,C3 (RCP equivalent),~900 Gt CO2,900.0,unit-bound scalar,~,,False
Pitawala 等 - 2025 - Suitability of paddy cultivation in the Western province of Sri Lanka under different climate change.pdf,2030 SSP 245,C1,~1150 GtCO₂,1150.0,unit-bound scalar,~,,False
Pitawala 等 - 2025 - Suitability of paddy cultivation in the Western province of Sri Lanka under different climate change.pdf,2050 SSP 245,C3,2744.812344177873,2744.812344177873,field-only scalar,,,False
Zhou 等 - 2024 - The comprehensive effects of future multi-scenario land use change and climate change on water conse.pdf,ssp1-2.6 Natural Development Scenario,C3,~900 Gt CO2,900.0,unit-bound scalar,~,,False
Lei 等 - 2014 - Projections of atmospheric mercury levels and their effect on air quality in the United States.pdf,B1,C4,652.4725285661066,652.4725285661066,field-only scalar,,,False
Strauch 等 - 2017 - Modeled Effects of Climate Change and Plant Invasion on Watershed Function Across a Steep Tropical R.pdf,+2°C +20% Current,C3,~900 Gt CO2,900.0,unit-bound scalar,~,,False
Mkala 等 - 2023 - Predicting the potential impacts of climate change on the endangered endemic annonaceae species in e.pdf,SSP370,C7,N/A (exceeds remaining carbon budget),,excluded,,explicitly missing/unspecified,False
Edelenbosch 等 - 2020 - Mitigating energy demand sector emissions The integrated modelling perspective.pdf,SSP1 - Sustainable Development Pathway,C1,~500 Gt CO2,500.0,unit-bound scalar,~,,False
Edelenbosch 等 - 2020 - Mitigating energy demand sector emissions The integrated modelling perspective.pdf,SSP2,C5,325.2897925777136,325.2897925777136,field-only scalar,,,True
Ferrer-Sanchez 等 - 2024 - Expansion risk of F usarium oxysporum f. cubense (Nectriaceae) in the face of climate change.pdf,SSP-126,C1,942.4855433794125,942.4855433794125,field-only scalar,,,False
Ferrer-Sanchez 等 - 2024 - Expansion risk of F usarium oxysporum f. cubense (Nectriaceae) in the face of climate change.pdf,SSP-245,C2: Below 3°C,2744.812344177873,2744.812344177873,field-only scalar,,,True
"Guo 等 - 2025 - Predicting habitat suitability for an endangered medicinal plant, Saussurea medusa insights.pdf",ssp126,C1,1150 GtCO₂ from 2020,1150.0,unit-bound scalar,,,False
"Guo 等 - 2025 - Predicting habitat suitability for an endangered medicinal plant, Saussurea medusa insights.pdf",ssp585,C8,Not specified in paper,,excluded,,no unambiguous carbon-budget value,False
McManamay 等 - 2021 - Global Biodiversity Implications of Alternative Electrification Strategies Under the Shared Socioeco.pdf,SSP1,C3,942.4855433794125,942.4855433794125,field-only scalar,,,False
McManamay 等 - 2021 - Global Biodiversity Implications of Alternative Electrification Strategies Under the Shared Socioeco.pdf,SSP5-8.5,C8,325 GtCO₂,325.0,unit-bound scalar,,,True
Zolghadr-Asti 等 - 2019 - Effects of the uncertainties of climate change on the performance of hydropower systems.pdf,RCP2.6,C1,~900 Gt CO2,900.0,unit-bound scalar,~,,False
Wetterhall 等 - 2009 - Statistical downscaling of daily precipitation over Sweden using GCM output.pdf,A2,C5,102.7723603383973,102.7723603383973,field-only scalar,,,True
Wetterhall 等 - 2009 - Statistical downscaling of daily precipitation over Sweden using GCM output.pdf,B2,C5,835.4639342141137,835.4639342141137,field-only scalar,,,False
Melser 等 - 2024 - Climate change and its impact on home insurance uptake in Australia.pdf,SSP126,C1,942.4855433794125,942.4855433794125,field-only scalar,,,False
Melser 等 - 2024 - Climate change and its impact on home insurance uptake in Australia.pdf,SSP245,C3,2744.812344177873,2744.812344177873,field-only scalar,,,False
Brecha 等 - 2022 - Institutional decarbonization scenarios evaluated against the Paris Agreement 1.5 °C goal.pdf,IEA NZE,C1,~500 Gt CO2,500.0,unit-bound scalar,~,,False
Zaredar 等 - 2016 - Climate-induced land health risk in farmland systems A case study of Qarasou sub-basin in Karkheh R.pdf,B1,C4,652.4725285661066,652.4725285661066,field-only scalar,,,False
Zaredar 等 - 2016 - Climate-induced land health risk in farmland systems A case study of Qarasou sub-basin in Karkheh R.pdf,A2,C4,102.7723603383973,102.7723603383973,field-only scalar,,,False
Nacar 等 - 2025 - Potential effects of possible climate change on sea surface temperatures the case of the southern B.pdf,SSP2-4.5,C3,2744.812344177873,2744.812344177873,field-only scalar,,,False
Zhakiyev 等 - 2023 - Optimization Modelling of the Decarbonization Scenario of the Total Energy System of Kazakhstan unti.pdf,Reference Scenario (RF),C8: exceed warming of 4°C (>=50%),6016.054280938453,6016.054280938453,field-only scalar,,,False
Garner 等 - 2024 - Changes to tropical cyclone trajectories in Southeast Asia under a warming climate.pdf,SSP2-4.5,C5,2744.812344177873,2744.812344177873,field-only scalar,,,False
Wang 等 - 2022 - Future climate-zone shifts are threatening steep-slope agriculture.pdf,RCP8.5,SSP5-8.5,1150 GtCO₂ from 2020,1150.0,unit-bound scalar,,,False
Li 等 - 2025 - Building energy prediction in a changing climate an interpretable machine learning approach.pdf,SSP2-4.5,C5,2744.812344177873,2744.812344177873,field-only scalar,,,False
Lira-Loarca和Besio - 2022 - Future changes and seasonal variability of the directional wave spectra in the Mediterranean Sea for.pdf,RCP8.5 - High Emission Scenario,C8,Exceeds 2 °C budget,,excluded,,no unambiguous carbon-budget value,False
Le 等 - 2023 - Climate-driven changes in the predictability of seasonal precipitation.pdf,SSP2-4.5,C5,2744.812344177873,2744.812344177873,field-only scalar,,,False
Yang 等 - 2012 - Multi-model ensemble projections in temperature and precipitation extremes of the Tibetan Plateau in.pdf,A2,C5,102.7723603383973,102.7723603383973,field-only scalar,,,True
Yang 等 - 2012 - Multi-model ensemble projections in temperature and precipitation extremes of the Tibetan Plateau in.pdf,B1,C5,652.4725285661066,652.4725285661066,field-only scalar,,,False
Mueller 等 - 2015 - Implications of climate mitigation for future agricultural production.pdf,RCP2.6,C1 (RCP equivalent),~400-500 Gt CO2,450.0,unit-bound range midpoint,~,,False
Mueller 等 - 2015 - Implications of climate mitigation for future agricultural production.pdf,RCP8.5,C8,Not applicable,,excluded,,no unambiguous carbon-budget value,False
Strzepek 等 - 2010 - Characterizing changes in drought risk for the United States from climate change.pdf,B1,C1,~500 Gt CO2,500.0,unit-bound scalar,~,,False
Strzepek 等 - 2010 - Characterizing changes in drought risk for the United States from climate change.pdf,A2,C7,102.7723603383973,102.7723603383973,field-only scalar,,,True
Bucak 等 - 2018 - Modeling the effects of climatic and land use changes on phytoplankton and water quality of the larg.pdf,RCP4.5 + ConsensusWorld (greenfocus),N/A (hybrid scenario),N/A (hybrid scenario),,excluded,,explicitly missing/unspecified,False
Li 等 - 2023 - Prediction of Potential Distribution Area of Two Parapatric Species in Triosteum under Climat.pdf,SSP2-4.5,C5,2744.812344177873,2744.812344177873,field-only scalar,,,False
Feng 等 - 2025 - Assessment of Global Dengue Transmission Risk Under Future Climate Scenarios.pdf,SSP245,C3,≈1150 GtCO₂,1150.0,unit-bound scalar,≈,,False
Hajdu - 2025 - Heterogeneous impacts of climate change on morbidity.pdf,SSP2-4.5,C3,1150 GtCO2 from 2020,1150.0,unit-bound scalar,,,False
Mo 等 - 2024 - The Advancement in Spring Vegetation Phenology in the Northern Hemisphere Will Reverse After 2060 Un.pdf,SSP126,C1,1150.0,1150.0,field-only scalar,,,False
Mo 等 - 2024 - The Advancement in Spring Vegetation Phenology in the Northern Hemisphere Will Reverse After 2060 Un.pdf,SSP245,C3,2744.812344177873,2744.812344177873,field-only scalar,,,False
Wistuba和Walther - 2013 - Consideration of climate change in the mechanistic pavement design.pdf,A2 - Continuously increasing global population with regionally oriented economic development and comparatively low economic and technological growth,C7,102.7723603383973,102.7723603383973,field-only scalar,,,True
Wistuba和Walther - 2013 - Consideration of climate change in the mechanistic pavement design.pdf,B1,C4,652.4725285661066,652.4725285661066,field-only scalar,,,False
Gaines 等 - 2024 - Projecting Surface Water Area Under Different Climate and Development Scenarios.pdf,RCP4.5-B1,C2 (Below 2°C),1150-1350 GtCO₂ from 2020,1250.0,unit-bound range midpoint,,,False
Wang 等 - 2025 - Historical Changes in Fertilizer-Induced Soil Nitrogen Losses from Upland Grain Crops and Impacts of.pdf,SSP1-2.6,C1,500,500.0,field-only scalar,,,False
Wang 等 - 2025 - Historical Changes in Fertilizer-Induced Soil Nitrogen Losses from Upland Grain Crops and Impacts of.pdf,SSP5-8.5,C8,~250 GtCO₂ (2020) ±100,250.0,unit-bound scalar,~,,True
Lucas 等 - 2025 - Trophic Interactions Are Key to Understanding the Effects of Global Change on the Distribution and F.pdf,SSP1-2.6,C1,~500 Gt CO₂,500.0,unit-bound scalar,~,,False
Lucas 等 - 2025 - Trophic Interactions Are Key to Understanding the Effects of Global Change on the Distribution and F.pdf,SSP3-6.0,C4,3731.208353710709,3731.208353710709,field-only scalar,,,False
Smith 等 - 2023 - Climate uncertainty impacts on optimal mitigation pathways and social cost of carbon.pdf,Well below 2°C,C3,~1800 GtCO₂-eq,1800.0,unit-bound scalar,~,,False
Smith 等 - 2023 - Climate uncertainty impacts on optimal mitigation pathways and social cost of carbon.pdf,1.5°C overshoot,C2,271.9704635822378,271.9704635822378,field-only scalar,,,False
Christidis 等 - 2022 - Human influence increases the likelihood of extremely early cherry tree flowering in Kyoto.pdf,SSP2-4.5,C5,2745 GtCO₂,2745.0,unit-bound scalar,,,False
Wang 等 - 2020 - Cost-benefit analysis of low-impact development at hectare scale for urban stormwater source control.pdf,RCP 2.6,C1 (RCP-2.6 equivalent),~900 Gt CO2,900.0,unit-bound scalar,~,,False
Matallah 等 - 2021 - Prediction of Climate Change Effect on Outdoor Thermal Comfort in Arid Region.pdf,A2,C5,102.7723603383973,102.7723603383973,field-only scalar,,,True
Matallah 等 - 2021 - Prediction of Climate Change Effect on Outdoor Thermal Comfort in Arid Region.pdf,B1,C5,652.4725285661066,652.4725285661066,field-only scalar,,,False
Satoh 等 - 2022 - The timing of unprecedented hydrological drought under climate change.pdf,RCP2.6,C3 (RCP equivalent),~900 Gt CO2,900.0,unit-bound scalar,~,,False
Xu 等 - 2019 - Projection and uncertainty of precipitation extremes in the CMIP5 multimodel ensembles over nine maj.pdf,RCP2.6,SSP1-2.6,~900 Gt CO2,900.0,unit-bound scalar,~,,False
Groeger 等 - 2022 - Atmospheric rivers in CMIP5 climate ensembles downscaled with a high-resolution regional climate mod.pdf,RCP2.6,C1a,~900 Gt CO2,900.0,unit-bound scalar,~,,False
Ma 等 - 2023 - Global patterns of climate change impacts on desert bird communities.pdf,2°C warmer than pre-industrial values,C3,1793.871566014591,1793.871566014591,field-only scalar,,,False
Palomino-Lemus 等 - 2017 - Climate change projections of boreal summer precipitation over tropical America by using statistical.pdf,RCP2.6,C1 (Low),~900 Gt CO2,900.0,unit-bound scalar,~,,False
Stojkovic和Simonovic - 2019 - Mixed General Extreme Value Distribution for Estimation of Future Precipitation Quantiles Using a We.pdf,RCP2.6,C1 (Low GHG emissions),~900 Gt CO2,900.0,unit-bound scalar,~,,False
Mi 等 - 2020 - Ensemble warming projections in Germany's largest drinking water reservoir and potential adaptation.pdf,RCP 2.6,C3 (RCP equivalent),~900 Gt CO2,900.0,unit-bound scalar,~,,False
Zhang 等 - 2017 - Assessing the Impact of Climate Change on the Waterlogging Risk in Coastal Cities A Case Study of G.pdf,RCP2.6,C1 (RCP equivalent),~900 Gt CO2,900.0,unit-bound scalar,~,,False
McDaniels 等 - 2010 - Vulnerability of Fraser River sockeye salmon to climate change A life cycle perspective using exper.pdf,2°C average temperature increase,C4,1150,1150.0,field-only scalar,,,False
Mohanty和Simonovic - 2021 - Changes in floodplain regimes over Canada due to climate change impacts Observations from CMIP6 mod.pdf,SSP2-4.5,C5,2744.812344177873,2744.812344177873,field-only scalar,,,False
Felicisimo 等 - 2021 - Modelling the potential effects of climate change in the distribution of Xylotrechus arvic.pdf,A2-CGCM2,C7,1793.871566014591,1793.871566014591,field-only scalar,,,False
Felicisimo 等 - 2021 - Modelling the potential effects of climate change in the distribution of Xylotrechus arvic.pdf,B2-CGCM2,C7,1793.871566014591,1793.871566014591,field-only scalar,,,False
Zhang 等 - 2022 - Climate Change and Dispersal Ability Jointly Affects the Future Distribution of Crocodile Lizards.pdf,SSP126,C1,500.0,500.0,field-only scalar,,,False
Supharatid 等 - 2022 - Projected changes in temperature and precipitation over mainland Southeast Asia by CMIP6 models.pdf,SSP2-4.5,C5,2744.812344177873,2744.812344177873,field-only scalar,,,False
Wilkening 等 - 2019 - Endangered species management and climate change When habitat conservation becomes a moving target.pdf,RCP2.6,C3 (RCP equivalent),~900 Gt CO2,900.0,unit-bound scalar,~,,False
Ma和Yuan - 2021 - Impact of climate and population changes on the increasing exposure to summertime compound hot extre.pdf,SSP1-2.6,C3,~900 Gt CO2,900.0,unit-bound scalar,~,,False
Ma和Yuan - 2021 - Impact of climate and population changes on the increasing exposure to summertime compound hot extre.pdf,SSP2-4.5,C3,2744.812344177873,2744.812344177873,field-only scalar,,,False
"Soto-Correa 等 - 2013 - The neotropical shrub Lupinus elegans, from temperate forests, may not adapt to climate change.pdf",A2,C6,102.7723603383973,102.7723603383973,field-only scalar,,,True
Sun 等 - 2017 - Migration in response to climate change and its impact in China.pdf,Baseline scenario (A0),C7: limit warming to 4°C (>50%),4067.198904304981,4067.198904304981,field-only scalar,,,False
Mentzafou和Dimitriou - 2022 - Hydrological Modeling for Flood Adaptation under Climate Change The Case of the Ancient Messene Arc.pdf,Sc2,C3,~900 Gt CO2,900.0,unit-bound scalar,~,,False
Boer和Arora - 2013 - Feedbacks in Emission-Driven and Concentration-Driven Global Carbon Budgets.pdf,RCP2.6,C1 (Below 1.5°C),~400-500 Gt CO2 from 2020,450.0,unit-bound range midpoint,~,,False
"Zhao 等 - 2024 - Potential Global Distribution of Paracoccus marginatus, under Climate Change Conditions, Usin.pdf",SSP245,C4,2744.812344177873,2744.812344177873,field-only scalar,,,False
Li 等 - 2018 - Projecting future climate change impacts on heat-related mortality in large urban areas in China.pdf,RCP2.6,"N/A (CMIP5 RCP scenario - AR6 mapping not directly applicable as AR6 uses SSP framework. RCP2.6 corresponds approximately to SSP1-2.6 (Category C1, ~1.8°C))",~420 Gt CO₂,420.0,unit-bound scalar,~,,False
Luo 等 - 2025 - Predicting potentially suitable Bletilla striata habitats in China under future climate chang.pdf,SSP1-2.6,C1,942.4855433794125,942.4855433794125,field-only scalar,,,False
Lee 等 - 2021 - Projecting the Impact of Climate Change on the Spatial Distribution of Six Subalpine Tree Species in.pdf,RCP4.5,C5 (RCP equivalent),~1950 GtCO2 from 2011-2100,1950.0,unit-bound scalar,~,,False
Guo 等 - 2024 - Global wheat planting suitability under the 1.5°C and 2°C warming targets.pdf,Global wheat planting suitability under the 2°C warming target,C4,1793.871566014591,1793.871566014591,field-only scalar,,,False
Yang 等 - 2018 - Social cost of carbon under shared socioeconomic pathways.pdf,SSP1,C1,~500 Gt CO2,500.0,unit-bound scalar,~,,False
Yang 等 - 2018 - Social cost of carbon under shared socioeconomic pathways.pdf,SSP2-2.5 °C path,C5,325.2897925777136,325.2897925777136,field-only scalar,,,True
Yang 等 - 2018 - Social cost of carbon under shared socioeconomic pathways.pdf,SSP3,C7,5565.348400074735,5565.348400074735,field-only scalar,,,False
Yang 等 - 2018 - Social cost of carbon under shared socioeconomic pathways.pdf,SSP4,C6,926.934350590003,926.934350590003,field-only scalar,,,False
Yang 等 - 2018 - Social cost of carbon under shared socioeconomic pathways.pdf,SSP5,C8,325.3951167461587,325.3951167461587,field-only scalar,,,True
Le Marchand 等 - 2020 - Climate change in the Bay of Biscay Changes in spatial biodiversity patterns could be driven by the.pdf,RCP2.6,Likely range: 1.3-1.7°C (median ~1.5°C),~900 Gt CO2,900.0,unit-bound scalar,~,,False
Li 等 - 2025 - Unraveling the Spatial Dynamics and Global Climate Change Response of Prominent Tropical Tree Specie.pdf,SSP585,C7,Large,,excluded,,no unambiguous carbon-budget value,False
Li 等 - 2021 - Changes in Annual Extremes of Daily Temperature and Precipitation in CMIP6 Models.pdf,SSP1-2.6,C3,~900 Gt CO2,900.0,unit-bound scalar,~,,False
"Zhai和Zhang - 2018 - Impact assessment of projected climate change on diffuse phosphorous loss in Xin'anjiang catchment,.pdf",RCP2.6,C1 (RCP equivalent),~400-500 Gt CO2,450.0,unit-bound range midpoint,~,,False
Gergel 等 - 2024 - Global Downscaled Projections for Climate Impacts Research (GDPCIR) preserving quantile trends for.pdf,SSP1-2.6,C3,~900 Gt CO2,900.0,unit-bound scalar,~,,False
Gergel 等 - 2024 - Global Downscaled Projections for Climate Impacts Research (GDPCIR) preserving quantile trends for.pdf,SSP2-4.5,C3,1400 GtCO₂ from 2020,1400.0,unit-bound scalar,,,False
Kabo-Bah 等 - 2025 - Simulating future climate changes under the shared socioeconomic pathway scenarios a case of the bl.pdf,SSP1-2.6,C1,~500 Gt CO2,500.0,unit-bound scalar,~,,False
Kabo-Bah 等 - 2025 - Simulating future climate changes under the shared socioeconomic pathway scenarios a case of the bl.pdf,SSP2-4.5,C5,2744.812344177873,2744.812344177873,field-only scalar,,,False
Sylla 等 - 2018 - Climate change to severely impact West African basin scale irrigation in 2 °C and 1.5 °C global warm.pdf,2 °C global warming scenario based on a time-slice approach using a 30-year climatology,C5,1793.871566014591,1793.871566014591,field-only scalar,,,False
Stap 等 - 2018 - Modeled Influence of Land Ice and CO2 on Polar Amplification and Paleoclimate Sensitivity.pdf,O,C3: limit warming to 2°C (>67%),938.7004641166634,938.7004641166634,field-only scalar,,,False
Stap 等 - 2018 - Modeled Influence of Land Ice and CO2 on Polar Amplification and Paleoclimate Sensitivity.pdf,OI,C5: limit warming to 2.5°C (>50%),1284.226719539937,1284.226719539937,field-only scalar,,,False
Stap 等 - 2018 - Modeled Influence of Land Ice and CO2 on Polar Amplification and Paleoclimate Sensitivity.pdf,OC,C7: limit warming to 4°C (>50%),3781.291962942676,3781.291962942676,field-only scalar,,,False
Rabin 等 - 2022 - The influence of thinning and prescribed burning on future forest fires in fire-prone regions of Eur.pdf,RCP2.6,C3 (RCP equivalent),~900 Gt CO2,900.0,unit-bound scalar,~,,False
Li 等 - 2022 - Precipitation efficiency constraint on climate change.pdf,SSP5-8.5,C8,>11500 GtCO2 from 1850-1900,,excluded,,no unambiguous carbon-budget value,False
Keyvanshokouhi 等 - 2019 - Effects of soil process formalisms and forcing factors on simulated organic carbon depth-distributio.pdf,RCP2.6 - Strong Mitigation Scenario,C1 (1.5°C with no or limited overshoot),~300 Gt CO2 from 2020,300.0,unit-bound scalar,~,,False
Maghsood 等 - 2019 - Social Acceptability of Flood Management Strategies under Climate Change Using Contingent Valuation.pdf,RCP2.6,C1 (RCP equivalent),~400-500 Gt CO2,450.0,unit-bound range midpoint,~,,False
Li 等 - 2025 - Utilization of a bioinspired algorithm for optimum reservoir operation in an altering climate a case.pdf,SSP1-2.6,C1,942.4855433794125,942.4855433794125,field-only scalar,,,False
Gashaw 等 - 2024 - Performance evaluations of CMIP6 model simulations and future projections of rainfall and temperatur.pdf,SSP2-4.5,C3,2744.812344177873,2744.812344177873,field-only scalar,,,False
Gashaw 等 - 2024 - Performance evaluations of CMIP6 model simulations and future projections of rainfall and temperatur.pdf,SSP5-8.5,C8,Very high (>3000 GtCO₂) consistent with AR6 SSP5-8.5 characterization,3000.0,unit-bound scalar,>,,False
Lee 等 - 2024 - Uneven consequences of global climate mitigation pathways on regional water quality in the 21st cent.pdf,SSP1-2.6,C1,~900 Gt CO2,900.0,unit-bound scalar,~,,False
Lee 等 - 2024 - Uneven consequences of global climate mitigation pathways on regional water quality in the 21st cent.pdf,SSP2-4.5,C5,2744.812344177873,2744.812344177873,field-only scalar,,,False
Hassani 等 - 2021 - Global predictions of primary soil salinization under changing climate in the 21st century.pdf,SSP2-4.5,C3,4000,4000.0,field-only scalar,,,False
Smith 等 - 2007 - Projected changes in the organic carbon stocks of cropland mineral soils of European Russia and the.pdf,B1,C4,652.4725285661066,652.4725285661066,field-only scalar,,,False
Sork 等 - 2010 - Gene movement and genetic association with regional climate gradients in California valley oak (Q.pdf,A2,C5,102.7723603383973,102.7723603383973,field-only scalar,,,True
Le Marchand 等 - 2025 - Towards an ecosystem approach to a simulated floating wind farm combined with climate change in the.pdf,Reference scenario,C8: exceed warming of 4°C (>=50%),6016.054280938453,6016.054280938453,field-only scalar,,,False
Delpla和Rodriguez - 2014 - Effects of future climate and land use scenarios on riverine source water quality.pdf,A2,C5,102.7723603383973,102.7723603383973,field-only scalar,,,True
Liu 等 - 2025 - Impacts of Human Activity and Climate Change on the Suitable Habitats for Xanthium spinosum i.pdf,SSP1-26,C1,942.4855433794125,942.4855433794125,field-only scalar,,,False
Liu 等 - 2025 - Impacts of Human Activity and Climate Change on the Suitable Habitats for Xanthium spinosum i.pdf,SSP2-45,C3,2744.812344177873,2744.812344177873,field-only scalar,,,False
Liu 等 - 2025 - Impacts of Human Activity and Climate Change on the Suitable Habitats for Xanthium spinosum i.pdf,SSP3-70,C8,Not defined for this high-emissions scenario,,excluded,,no unambiguous carbon-budget value,False
Zoelch 等 - 2017 - Regulating urban surface runoff through nature-based solutions - An assessment at the micro-scale.pdf,Baseline,C7: limit warming to 4°C (>50%),4067.198904304981,4067.198904304981,field-only scalar,,,False
Wan 等 - 2018 - Vulnerability of forest vegetation to anthropogenic climate change in China.pdf,RCP4.5,RCP4.5 (legacy),Not defined in RCP framework,,excluded,,no unambiguous carbon-budget value,False
Liu Yan和Zhao Zhengwu - 2017 - Modeling potential distributions of two wetland moss genera in China under climate change based on a.pdf,RCP2.6,SSP1-2.6,~400-500 Gt CO2 (from 2020),450.0,unit-bound range midpoint,~,,False
Szogs 等 - 2017 - Impact of LULCC on the emission of SVOCs during the 21st century.pdf,RCP2.6,C1 (Below 1.5°C),~400-500 Gt CO2,450.0,unit-bound range midpoint,~,,False
Aslam 等 - 2018 - Integrated climate change risk assessment and evaluation of adaptation perspective in southern Punja.pdf,A2 - High Emission Scenario with High Population Growth and Regional Economic Development,C6,102.7723603383973,102.7723603383973,field-only scalar,,,True
Francois 等 - 2023 - Climate change exacerbates snow-water-energy challenges for European ski tourism.pdf,2°C warming without snowmaking,C4,1793.871566014591,1793.871566014591,field-only scalar,,,False
Mehrad - 2020 - Assessment of climate change impacts on environmental sustainability in Afghanistan.pdf,RCP 2.6,C1 (RCP equivalent),~500 Gt CO2 from 2020,500.0,unit-bound scalar,~,,False
Moinet 等 - 2025 - Large underestimations of warming-induced soil carbon emissions from oversimplistic Q10 indicator.pdf,SSP1-2.6,C3,~900 Gt CO2,900.0,unit-bound scalar,~,,False
Moinet 等 - 2025 - Large underestimations of warming-induced soil carbon emissions from oversimplistic Q10 indicator.pdf,SSP2-4.5,C5,2744.812344177873,2744.812344177873,field-only scalar,,,False
Francipane 等 - 2015 - Stochastic assessment of climate impacts on hydrology and geomorphology of semiarid headwater basins.pdf,FUTure (FUT) ensemble,C5,4631.628201551354,4631.628201551354,field-only scalar,,,False
Qiao 等 - 2025 - Effects of climate change on the habitat suitability of the endangered Hainan gymnure (Neohylomys.pdf,SSP1-2.6 (low emission scenario with significant sustainability efforts),C3,~900 Gt CO2,900.0,unit-bound scalar,~,,False
Li 等 - 2022 - Climate change threatens terrestrial water storage over the Tibetan Plateau.pdf,SSP2-4.5,C3,~1200 GtCO₂,1200.0,unit-bound scalar,~,,False
Swab 等 - 2012 - Niche models tell half the story spatial context and life-history traits influence species response.pdf,A2,C5,102.7723603383973,102.7723603383973,field-only scalar,,,True
"Matsumoto 等 - 2021 - Heat stress, labor productivity, and economic impacts analysis of climate change impacts using two-.pdf",BaU,C7,4421.106912693341,4421.106912693341,field-only scalar,,,False
"Matsumoto 等 - 2021 - Heat stress, labor productivity, and economic impacts analysis of climate change impacts using two-.pdf",S2,C4,1447.733517816087,1447.733517816087,field-only scalar,,,False
Smith 等 - 2019 - Attendance trends threaten future operations of America's state park systems.pdf,RCP2.6,C3 (RCP equivalent),~1000 Gt CO2 (from 2020),1000.0,unit-bound scalar,~,,False
Heinonen 等 - 2018 - Effects of forest management and harvesting intensity on the timber supply from Finnish forests in a.pdf,RCP2.6,C2 (SSP1-2.6),"~900 Gt CO₂ (IPCC AR6 indicative budget for ~1.8 °C, not explicitly stated in paper)",900.0,unit-bound scalar,~,,False
"Smith 等 - 2007 - Changes in mineral soil organic carbon stocks in the croplands of European Russia and the Ukraine, 1.pdf",OPT,C3: limit warming to 2°C (>67%),893.060956844902,893.060956844902,field-only scalar,,,False
"Smith 等 - 2007 - Changes in mineral soil organic carbon stocks in the croplands of European Russia and the Ukraine, 1.pdf",SUS,C7: limit warming to 4°C (>50%),3942.674687035091,3942.674687035091,field-only scalar,,,False
Ficklin和Novick - 2017 - Historic and projected changes in vapor pressure deficit suggest a continental-scale drying of the U.pdf,RCP8.5,C8 (RCP equivalent),Not specified,,excluded,,no unambiguous carbon-budget value,False
Galich 等 - 2021 - How Would We Cycle Today If We Had the Weather of Tomorrow An Analysis of the Impact of Climate Cha.pdf,RCP2.6,SSP1-2.6,~900 Gt CO₂,900.0,unit-bound scalar,~,,False
"Mentzel 等 - 2024 - Evaluating the effects of climate change and chemical, physical, and biological stressors on nearsho.pdf",RCP4.5,C3 (Below 3°C),~1150 GtCO2 from 2020 for 50% chance of staying below 2°C,1150.0,unit-bound scalar,~,,False
"Mentzel 等 - 2024 - Evaluating the effects of climate change and chemical, physical, and biological stressors on nearsho.pdf",RCP8.5,Very high GHG emissions,N/A (pathway exceeds budget for 4°C),,excluded,,explicitly missing/unspecified,False
Felzer - 2025 - Modeling the future carbon sink Land-use and climate change may offset CO2 fertilization.pdf,SSP245,C5,1400 GtCO₂,1400.0,unit-bound scalar,,,False
Son 等 - 2021 - Changes in fire weather climatology under 1.5 °C and 2.0 °C warming.pdf,1.5°C warmer scenario,N/A_HAPPI,N/A_HAPPI,,excluded,,no unambiguous carbon-budget value,False
Meyer 等 - 2024 - Temporal dynamics of climate change exposure and opportunities for global marine biodiversity.pdf,SSP1-2.6,C3,~900 Gt CO2,900.0,unit-bound scalar,~,,False
Meyer 等 - 2024 - Temporal dynamics of climate change exposure and opportunities for global marine biodiversity.pdf,SSP2-4.5,C3,≈ 3300 GtCO₂ from 2015-2100,3300.0,unit-bound scalar,≈,,False
Moon和Ha - 2020 - Future changes in monsoon duration and precipitation using CMIP6.pdf,SSP1-2.6,C1,500-650 Gt CO₂ from 2020,575.0,unit-bound range midpoint,,,False
Moon和Ha - 2020 - Future changes in monsoon duration and precipitation using CMIP6.pdf,SSP2-4.5,C3,1150,1150.0,field-only scalar,,,False
Dong 等 - 2025 - Warm and wet anomalies persist across the pan-Arctic after carbon dioxide removal.pdf,SSP534,C3,1743.828671285641,1743.828671285641,field-only scalar,,,False
Garcia-Martinez和Lira-Noriega - 2025 - Potential distribution and susceptibility of Coffea arabica L. to climate change impacts.pdf,SSP2-4.5,C5,2744.812344177873,2744.812344177873,field-only scalar,,,False
Yang和Wang - 2008 - Estimating the nonlinear response of tropical ocean to extratropical forcing in a coupled climate mo.pdf,+2°C SST Anomaly,C5,1793.871566014591,1793.871566014591,field-only scalar,,,False
Oliveros-Ramos 等 - 2025 - Multi-model approach for statistical downscaling and bias correction of Earth system model outputs f.pdf,RCP 2.6,C1 (RCP equivalent),~900 Gt CO2,900.0,unit-bound scalar,~,,False
Bao 等 - 2025 - Temporal Hydrological Responses to Progressive Land Cover Changes and Climate Trends in a Plateau La.pdf,SSP245,C3,2744.812344177873,2744.812344177873,field-only scalar,,,False
Asselot 等 - 2024 - A missing link in the carbon cycle phytoplankton light absorption under RCP emission scenarios.pdf,RCP2.6,SSP1-2.6,~500 Gt CO2 from 2020,500.0,unit-bound scalar,~,,False
Asselot 等 - 2024 - A missing link in the carbon cycle phytoplankton light absorption under RCP emission scenarios.pdf,RCP8.5,C8 (RCP equivalent),N/A (non-mitigation scenario),,excluded,,explicitly missing/unspecified,False
Urban 等 - 2009 - Energy for rural India.pdf,RE1,C3: limit warming to 2°C (>67%),790.7055171695481,790.7055171695481,field-only scalar,,,False
Xenopoulos 等 - 2005 - Scenarios of freshwater fish extinctions from climate change and water withdrawal.pdf,A2,C5,102.7723603383973,102.7723603383973,field-only scalar,,,True
Xenopoulos 等 - 2005 - Scenarios of freshwater fish extinctions from climate change and water withdrawal.pdf,B2,C5,835.4639342141137,835.4639342141137,field-only scalar,,,False
"Zhu 等 - 2016 - Impacts of climate changes on water resources in Yellow River Basin, China.pdf",RCP2.6,C3 (RCP equivalent),~900 Gt CO2,900.0,unit-bound scalar,~,,False
Owen 等 - 2010 - Flying into the Future Aviation Emissions Scenarios to 2050.pdf,B1,C4,652.4725285661066,652.4725285661066,field-only scalar,,,False
Liu 等 - 2020 - Breeding range shift of the red-crowned crane (Grus japonensis) under climate change.pdf,RCP2.6,C1 equivalent (RCP scenario),~900 Gt CO2,900.0,unit-bound scalar,~,,False
Xin 等 - 2021 - Quantifying the contribution of climate and underlying surface changes to alpine runoff alterations.pdf,RCP2.6,C3 (~1.8°C),~900 Gt CO2,900.0,unit-bound scalar,~,,False
Zhu 等 - 2018 - Modelling the potential distribution and shifts of three varieties of Stipa tianschanica in t.pdf,RCP2.6,C1 (equates to SSP1-1.9 ~RCP2.6),~900 Gt CO2,900.0,unit-bound scalar,~,,False
Mahmoud和Ragab - 2021 - Urban Geometry Optimization to Mitigate Climate Change Towards Energy-Efficient Buildings.pdf,RCP4.5,C3 (Below 2 °C),~3000 GtCO₂ (from 2015),3000.0,unit-bound scalar,~,,False
"Mondo 等 - 2024 - Crop calendar optimization for climate change adaptation in yam farming in South-Kivu, eastern DR Co.pdf",05/10(S4),Custom agricultural management scenario (planting date),Not applicable - crop water study,,excluded,,no unambiguous carbon-budget value,False
Zaman 等 - 2016 - Evaluating climate adaptation strategies on agricultural production in the Siminehrud catchment and.pdf,A2,C5,102.7723603383973,102.7723603383973,field-only scalar,,,True
Zaman 等 - 2016 - Evaluating climate adaptation strategies on agricultural production in the Siminehrud catchment and.pdf,B2,C5,835.4639342141137,835.4639342141137,field-only scalar,,,False
Swain和Yadav - 2009 - Simulating the Impact of Climate Change on Rice Yield Using CERES-Rice Model.pdf,Increase in CO2 level by 100 ppm and increase in average air temperature by 2°C,C5,1793.871566014591,1793.871566014591,field-only scalar,,,False
Clark 等 - 2023 - Optimal climate intervention scenarios for crop production vary by nation.pdf,SSP2-4.5-1.5 °C,C4,271.9704635822378,271.9704635822378,field-only scalar,,,False
Clark 等 - 2023 - Optimal climate intervention scenarios for crop production vary by nation.pdf,SSP5-8.5-1.5 °C,C1,271.9704635822378,271.9704635822378,field-only scalar,,,False
Li 等 - 2019 - Estimating the Responses of Hydrological and Sedimental Processes to Future Climate Change in Waters.pdf,RCP2.6,C1,~1150 Gt CO2,1150.0,unit-bound scalar,~,,False
Li 等 - 2019 - Estimating the Responses of Hydrological and Sedimental Processes to Future Climate Change in Waters.pdf,RCP4.5,C3 (Intermediate SSP-RCP),Not specified,,excluded,,no unambiguous carbon-budget value,False
Haaf和Dymond - 2024 - Growth conditions of tree species relative to climate change and sea level rise in low-lying Mid Atl.pdf,SSP2-4.5,C5,2744.812344177873,2744.812344177873,field-only scalar,,,False
Emodi 等 - 2019 - Are emission reduction policies effective under climate change conditions A backcasting and explora.pdf,Carbon Tax (CT),C6: limit warming to 3°C (>50%),3236.746612394971,3236.746612394971,field-only scalar,,,False
Sun 等 - 2016 - A spatially distributed model for assessment of the effects of changing land use and climate on urba.pdf,RCP4.5[T],C3 (Below 2°C),~1150 GtCO₂ from 2020 (for 67% chance of staying below 2°C),1150.0,unit-bound scalar,~,,False
Mosebo Fernandes 等 - 2020 - Machine Learning for Conservation Planning in a Changing Climate.pdf,SSP2-4.5,C3,2744.812344177873,2744.812344177873,field-only scalar,,,False
"Yu 等 - 2015 - Impacts, effectiveness and regional inequalities of the GeoMIP G1 to G4 solar radiatio.pdf",G1,C3,602.1546766650441,602.1546766650441,field-only scalar,,,False
"Yu 等 - 2015 - Impacts, effectiveness and regional inequalities of the GeoMIP G1 to G4 solar radiatio.pdf",G2,C5,633.5057805520881,633.5057805520881,field-only scalar,,,False
Lemonsu 等 - 2013 - Evolution of the Parisian urban climate under a global changing climate.pdf,A2,C4,102.7723603383973,102.7723603383973,field-only scalar,,,False
Pradhananga 等 - 2025 - Low-Carbon Development Pathways in Developing Asia Evidence from Modeling Scenarios.pdf,2°C scenario,C2,"1,035 to 1,265 GtCO2",1150.0,unit-bound range midpoint,,,False
Pradhananga 等 - 2025 - Low-Carbon Development Pathways in Developing Asia Evidence from Modeling Scenarios.pdf,2°C early action scenario,C4,"1,035 to 1,265 GtCO2",1150.0,unit-bound range midpoint,,,False
Gao 等 - 2022 - The Regulator Function of Viruses on Ecosystem Carbon Cycling in the Anthropocene.pdf,COVID-19 Pandemic Impact on Carbon Emissions,C3,~900 Gt CO2,900.0,unit-bound scalar,~,,False
Lewellyn和Wadzuk - 2019 - Evaluating the Risk-Based Performance of Bioinfiltration Facilities under Climate Change Scenarios.pdf,RCP2.6,C2 (1.5 °C with no or limited overshoot),~900 Gt CO2,900.0,unit-bound scalar,~,,False
Kaspersen 等 - 2016 - Using a map-based assessment tool for the development of cost-effective WFD river basin action progr.pdf,Baseline 2015,C7: limit warming to 4°C (>50%),4067.198904304981,4067.198904304981,field-only scalar,,,False
Lamica 等 - 2025 - Forest-Based Employment in the Southern United States Under Climate Change Historical Impacts and F.pdf,RCP 8.5,C7 (High GHG emissions),N/A (negative emissions not required),,excluded,,explicitly missing/unspecified,False
Boer和Arora - 2010 - Geographic Aspects of Temperature and Concentration Feedbacks in the Carbon Budget.pdf,A2,C5,102.7723603383973,102.7723603383973,field-only scalar,,,True
Boer和Arora - 2010 - Geographic Aspects of Temperature and Concentration Feedbacks in the Carbon Budget.pdf,B1,C4,652.4725285661066,652.4725285661066,field-only scalar,,,False
Daioglou 等 - 2017 - Greenhouse gas emission curves for advanced biofuel supply chains.pdf,RCP2.6,C3 (RCP equivalent),~900 Gt CO2,900.0,unit-bound scalar,~,,False
Marzeion 等 - 2012 - Past and future sea-level change from the surface mass balance of glaciers.pdf,RCP26,C1,~500 Gt CO2,500.0,unit-bound scalar,~,,False
Marshal 等 - 2025 - Future biogeochemical changes in southern South China Sea from CMIP6 model projection.pdf,SSP2-4.5,C6,2744.812344177873,2744.812344177873,field-only scalar,,,False
Muthers 等 - 2010 - Climate Change and Mortality in Vienna-A Human Biometeorological Analysis Based on Regional Climate.pdf,B1,C4,652.4725285661066,652.4725285661066,field-only scalar,,,False
Frenette-Dussault 等 - 2013 - Trait-based climate change predictions of plant community structure in arid steppes.pdf,"2°C increase, 10% precipitation decrease, Keep Grazing",C4,1793.871566014591,1793.871566014591,field-only scalar,,,False
Xu Ying 等 - 2009 - Regional Variability of Climate Change Hot-Spots in East Asia.pdf,A2,C5,102.7723603383973,102.7723603383973,field-only scalar,,,True
Xu Ying 等 - 2009 - Regional Variability of Climate Change Hot-Spots in East Asia.pdf,B1,C3,652.4725285661066,652.4725285661066,field-only scalar,,,False
Lackner 等 - 2011 - Where to see climate change best in radio occultation variables - study using GCMs and ECMWF reanaly.pdf,A2,C5,102.7723603383973,102.7723603383973,field-only scalar,,,True
Delgado-Baquerizo 等 - 2020 - The proportion of soil-borne pathogens increases with warming at the global scale.pdf,RCP2.6–SSP1,C1,~500 Gt CO2 from 2020,500.0,unit-bound scalar,~,,False
Xie和Yan - 2023 - Responses of Wheat Protein Content and Protein Yield to Future Climate Change in China during 2041-2.pdf,SSP1-2.6,C1,~900 Gt CO2,900.0,unit-bound scalar,~,,False
Xie和Yan - 2023 - Responses of Wheat Protein Content and Protein Yield to Future Climate Change in China during 2041-2.pdf,SSP2-4.5,C5,2744.812344177873,2744.812344177873,field-only scalar,,,False
Zhao 等 - 2021 - Integrated remote sensing and model approach for impact assessment of future climate change on the c.pdf,RCP4.5,C3 (Below 3°C),1200-1400 GtCO₂ from 2020,1300.0,unit-bound range midpoint,,,False
Hanzer 等 - 2018 - Projected cryospheric and hydrological impacts of 21st century climate change in the Otztal Alps (Au.pdf,RCP2.6,C1 (RCP equivalent),~400-500 Gt CO2,450.0,unit-bound range midpoint,~,,False
Schurer 等 - 2017 - Importance of the pre-industrial baseline for likelihood of exceeding Paris goals.pdf,RCP2.6,C3 (RCP equivalent),~900 Gt CO2,900.0,unit-bound scalar,~,,False
"Serykh 等 - 2025 - Climate Change of Near-Surface Temperature in South Africa Based on Weather Station Data, ERA5 Reana.pdf",SSP1-2.6,C3,~900 Gt CO2,900.0,unit-bound scalar,~,,False
"Serykh 等 - 2025 - Climate Change of Near-Surface Temperature in South Africa Based on Weather Station Data, ERA5 Reana.pdf",SSP2-4.5,C3,1150,1150.0,field-only scalar,,,False
Grewe 等 - 2021 - Evaluating the climate impact of aviation emission scenarios towards the Paris agreement including C.pdf,BAU,C7: limit warming to 4°C (>50%),4421.106912693341,4421.106912693341,field-only scalar,,,False
Humpenoeder 等 - 2015 - Land-Use and Carbon Cycle Responses to Moderate Climate Change Implications for Land-Based Mitigati.pdf,RCP2.6,C3 (RCP equivalent),~900 Gt CO2,900.0,unit-bound scalar,~,,False
Song 等 - 2017 - Dietary changes to mitigate climate change and benefit public health in China.pdf,Scenario S1: Dietary Optimization Based on NPFN 2020,C3: limit warming to 2°C (>67%),893.060956844902,893.060956844902,field-only scalar,,,False
Mueller和Doell - 2024 - Quantifying and communicating uncertain climate change hazards in participatory climate change adapt.pdf,RCP2.6,Below 1.5°C (C1) (no or limited overshoot),~400-500 Gt CO2 from 2020,450.0,unit-bound range midpoint,~,,False
Faye 等 - 2018 - Impacts of 1.5 versus 2.0 °C on cereal yields in the West African Sudan Savanna.pdf,1.5°C warming,C4,271.9704635822378,271.9704635822378,field-only scalar,,,False
Bian 等 - 2025 - The Future Climate Change Projections for the Hengduan Mountain Region Based on CMIP6 Models.pdf,SSP1-2.6,C1,~500 Gt CO2,500.0,unit-bound scalar,~,,False
Bian 等 - 2025 - The Future Climate Change Projections for the Hengduan Mountain Region Based on CMIP6 Models.pdf,SSP2-4.5,C5,2744.812344177873,2744.812344177873,field-only scalar,,,False
Whitehead 等 - 2006 - Impacts of climate change on in-stream nitrogen in a lowland chalk stream An appraisal of adaptatio.pdf,A2,C5,102.7723603383973,102.7723603383973,field-only scalar,,,True
Whitehead 等 - 2006 - Impacts of climate change on in-stream nitrogen in a lowland chalk stream An appraisal of adaptatio.pdf,B2,C4,835.4639342141137,835.4639342141137,field-only scalar,,,False
Zhang和Zhou - 2020 - Increasing impacts from extreme precipitation on population over China with global warming.pdf,RCP8.5,SSP5-8.5,Very high (exceeds 3000 GtCO₂ from 2020),3000.0,unit-bound scalar,,,False
Freychet 等 - 2017 - Projection in snowfall characteristics over the European Alps and its sensitivity to the SST changes.pdf,C1,C5: limit warming to 2.5°C (>50%),1278.930607571248,1278.930607571248,field-only scalar,,,False
Freychet 等 - 2017 - Projection in snowfall characteristics over the European Alps and its sensitivity to the SST changes.pdf,C2,C5: limit warming to 2.5°C (>50%),1265.536430416577,1265.536430416577,field-only scalar,,,False
Freychet 等 - 2017 - Projection in snowfall characteristics over the European Alps and its sensitivity to the SST changes.pdf,C3,C1: limit warming to 1.5°C (>50%) with no or limited overshoot,231.9516686594547,231.9516686594547,field-only scalar,,,False
Lundmark 等 - 2014 - Potential Roles of Swedish Forestry in the Context of Climate Change Mitigation.pdf,Baseline,C7: limit warming to 4°C (>50%),4067.198904304981,4067.198904304981,field-only scalar,,,False
Lundmark 等 - 2014 - Potential Roles of Swedish Forestry in the Context of Climate Change Mitigation.pdf,Baseline Increased Harvest,C7: limit warming to 4°C (>50%),4067.198904304981,4067.198904304981,field-only scalar,,,False
Sofi 等 - 2023 - Integrating human footprint with ensemble modelling identifies priority habitats for conservation a.pdf,RCP 2.6,C3,~900 Gt CO2,900.0,unit-bound scalar,~,,False
Fu 等 - 2025 - Predictions of the Chinese Forest Frog (Rana chensinensis) Distribution Pattern Under Climate.pdf,2050s-SSP126,C1,1150.0,1150.0,field-only scalar,,,False
Fu 等 - 2025 - Predictions of the Chinese Forest Frog (Rana chensinensis) Distribution Pattern Under Climate.pdf,2090s-SSP126,C1,510,510.0,field-only scalar,,,False
Ferdowsi 等 - 2020 - Optimization of dam's spillway design under climate change conditions.pdf,RCP2.6,SSP1-2.6,~400-500 Gt CO₂ (from 2020),450.0,unit-bound range midpoint,~,,False
Ferdowsi 等 - 2020 - Optimization of dam's spillway design under climate change conditions.pdf,RCP4.5,SSP2-4.5 (formerly RCP4.5),~1 050 GtCO₂ from 2020 onward,50.0,unit-bound scalar,,,False
Le Page 等 - 2021 - Projection of irrigation water demand based on the simulation of synthetic crop coefficients and cli.pdf,RCP4.5,SSP2-4.5,~1950 GtCO₂ from 2015,1950.0,unit-bound scalar,~,,False
Le Page 等 - 2021 - Projection of irrigation water demand based on the simulation of synthetic crop coefficients and cli.pdf,RCP8.5,SSP5-8.5,Not applicable,,excluded,,no unambiguous carbon-budget value,False
Yalcin和Simsek - 2025 - A comparative impact assessment of using historical- and future-based flood hydrographs in planning.pdf,SSP2-4.5,C5,Approximately 1400 GtCO₂ from 2020,1400.0,unit-bound scalar,,,False
Zhang 等 - 2025 - Intensification of precipitation extremes in the three river headwaters region under global warming.pdf,SSP1-2.6,C3,~900 Gt CO2,900.0,unit-bound scalar,~,,False
Stark 等 - 2023 - Cool shade and not-so-cool shade How habitat loss may accelerate thermal stress under current and f.pdf,ssp585_with_habitat_loss,C8,0 GtCO₂,,excluded,,no unambiguous carbon-budget value,False
Sylla 等 - 2018 - Projected Heat Stress Under 1.5°C and 2°C Global Warming Scenarios Creates Unprecedented Discomfort.pdf,1.5°C Global Warming Scenario,C4,271.9704635822378,271.9704635822378,field-only scalar,,,False
Sylla 等 - 2018 - Projected Heat Stress Under 1.5°C and 2°C Global Warming Scenarios Creates Unprecedented Discomfort.pdf,2°C Global Warming Scenario,C5,1793.871566014591,1793.871566014591,field-only scalar,,,False
Li和Merchant - 2013 - Modeling vulnerability of groundwater to pollution under future scenarios of climate change and biof.pdf,B1,C1,~500 Gt CO2,500.0,unit-bound scalar,~,,False
Li和Merchant - 2013 - Modeling vulnerability of groundwater to pollution under future scenarios of climate change and biof.pdf,A2,C7,102.7723603383973,102.7723603383973,field-only scalar,,,True
Kunkel 等 - 2008 - Sensitivity of future ozone concentrations in the northeast USA to regional climate change.pdf,B1,C5,652.4725285661066,652.4725285661066,field-only scalar,,,False
Ning 等 - 2025 - Global Potential Distribution of Carpomya vesuviana Costa Under Climate Change and Potential.pdf,SSP1-2.6,C3,~900 Gt CO2,900.0,unit-bound scalar,~,,False
Mo 等 - 2023 - Evolution of Drought Trends under Climate Change Scenarios in Karst Basin.pdf,SSP1-2.6,C1,~900 Gt CO2,900.0,unit-bound scalar,~,,False
Mo 等 - 2023 - Evolution of Drought Trends under Climate Change Scenarios in Karst Basin.pdf,SSP2-4.5,C3,≈1150 GtCO₂,1150.0,unit-bound scalar,≈,,False
Mengis和Matthews - 2020 - Non-CO2 forcing changes will likely decrease the remaining carbon budget for 1.5 °C.pdf,S2 - RCP4.5 1.5,C5 (RCP equivalent),775 GtCO2 (cumulative from 2006),775.0,unit-bound scalar,,,False
Mengis和Matthews - 2020 - Non-CO2 forcing changes will likely decrease the remaining carbon budget for 1.5 °C.pdf,S3 - RCP2.6 1.5,C3 (RCP equivalent),775 Gt CO2,775.0,unit-bound scalar,,,False
Momblanch 等 - 2019 - Untangling the water-food-energy-environment nexus for global change adaptation in a complex Himalay.pdf,SSP1-CC3,C3: limit warming to 2°C (>67%),942.4855433794125,942.4855433794125,field-only scalar,,,False
Momblanch 等 - 2019 - Untangling the water-food-energy-environment nexus for global change adaptation in a complex Himalay.pdf,SSP2,C3: limit warming to 2°C (>67%),325.2897925777136,325.2897925777136,field-only scalar,,,False
Momblanch 等 - 2019 - Untangling the water-food-energy-environment nexus for global change adaptation in a complex Himalay.pdf,SSP5,C3: limit warming to 2°C (>67%),325.3951167461587,325.3951167461587,field-only scalar,,,False
"Mellor 等 - 2016 - Systems Approach to Climate, Water, and Diarrhea in Hubli-Dharwad, India.pdf",A2,C7,102.7723603383973,102.7723603383973,field-only scalar,,,True
Smith 等 - 2020 - Climatic niche limits and community-level vulnerability of obligate symbioses.pdf,+2.5°C warming,C5,2619.964986816399,2619.964986816399,field-only scalar,,,False
Pedde 等 - 2021 - Enriching the Shared Socioeconomic Pathways to co-create consistent multi-sector scenarios for the U.pdf,UK-SSP1,C1,~500 Gt CO2,500.0,unit-bound scalar,~,,False
Lv 等 - 2025 - Land system changes of terrestrial tipping elements on Earth under global climate pledges 2000-2100.pdf,No-policy reference scenario,C8,6016.054280938453 GtCO2,6016.054280938453,unit-bound scalar,,,False
Taguela 等 - 2025 - Understanding drivers and uncertainty in projected African precipitation.pdf,SSP2-4.5,C5,2744.812344177873,2744.812344177873,field-only scalar,,,False
Kleinen和Brovkin - 2018 - Pathway-dependent fate of permafrost region carbon.pdf,RCP2.6,C3 (RCP equivalent),~900 Gt CO2,900.0,unit-bound scalar,~,,False
Loehman 等 - 2011 - Modeling Effects of Climate Change and Fire Management on Western White Pine (Pinus monticola.pdf,A2 climate scenario,C5,1793.871566014591,1793.871566014591,field-only scalar,,,False
Loehman 等 - 2011 - Modeling Effects of Climate Change and Fire Management on Western White Pine (Pinus monticola.pdf,B2 climate scenario,C5,1793.871566014591,1793.871566014591,field-only scalar,,,False
Lenton 等 - 2023 - Quantifying the human cost of global warming.pdf,SSP2-4.5,C5,2744.8 GtCO₂,2744.8,unit-bound scalar,,,False
Su 等 - 2025 - Prediction of Suitable Habitats for Tibetan Medicinal Gentiana Plants of Jieji- and Bangjian-.pdf,SSP126,C1,~500 Gt CO2,500.0,unit-bound scalar,~,,False
Su 等 - 2025 - Prediction of Suitable Habitats for Tibetan Medicinal Gentiana Plants of Jieji- and Bangjian-.pdf,SSP245,C3,1150,1150.0,field-only scalar,,,False
La Rovere 等 - 2009 - Potential synergy between adaptation and mitigation strategies production of vegetable oils and bio.pdf,2°C average temperature increase,C4,1793.871566014591,1793.871566014591,field-only scalar,,,False
Cammarano 等 - 2022 - Processing tomato production is expected to decrease by 2050 due to the projected increase in temper.pdf,SSP5-8.5,C8,Very high (> 4000 GtCO₂ cumulative emissions),4000.0,unit-bound scalar,>,,False
Cinner 等 - 2022 - Potential impacts of climate change on agriculture and fisheries production in 72 tropical coastal c.pdf,SSP1-2.6,C1,~500 Gt CO2 from 2020,500.0,unit-bound scalar,~,,False
Xiao 等 - 2025 - Long-Term Shifts in Algal Bloom Patterns of Tangxun Lake Under Urbanization and Climate Change.pdf,SSP1-1.9,C1,~500 Gt CO2,500.0,unit-bound scalar,~,,False
Xiao 等 - 2025 - Long-Term Shifts in Algal Bloom Patterns of Tangxun Lake Under Urbanization and Climate Change.pdf,SSP245,C3,2744.812344177873,2744.812344177873,field-only scalar,,,False
Liu 等 - 2025 - Runoff and Drought Responses to Land Use Change and CMIP6 Climate Projections.pdf,SSP245,C3,2744.812344177873,2744.812344177873,field-only scalar,,,False
Hafezi 等 - 2021 - Evaluating coral reef ecosystem services outcomes from climate change adaptation strategies using in.pdf,RCP 2.6 with Sustainable Community-Based Conservation Management,C3 (RCP equivalent),~900 Gt CO2,900.0,unit-bound scalar,~,,False
Xie 等 - 2022 - Environmental Factors Driving the Spatial Distribution Pattern of Venerable Trees in Sichuan Provinc.pdf,Future climate change scenario (double CO2 concentration),C5,1793.871566014591,1793.871566014591,field-only scalar,,,False
Yao 等 - 2024 - Adaptive maintenance strategies to mitigate climate change impacts on asphalt pavements.pdf,SSP2-4.5,C3,2744.812344177873,2744.812344177873,field-only scalar,,,False
Liu 等 - 2025 - Conservation Priorities for Lizard Biodiversity in the Qinghai-Xizang Plateau Under Climate Change.pdf,RCP2.6,Not an SSP scenario,~900 Gt CO2,900.0,unit-bound scalar,~,,False
Liu 等 - 2025 - Conservation Priorities for Lizard Biodiversity in the Qinghai-Xizang Plateau Under Climate Change.pdf,RCP8.5,C8,Not applicable (non-mitigation scenario),,excluded,,no unambiguous carbon-budget value,False
Zhao 等 - 2024 - Ensemble Bayesian Model Averaging Projections of Wind-Speed Extremes for Wind Energy Applications Ov.pdf,SSP2-4.5,C5,2744.812344177873,2744.812344177873,field-only scalar,,,False
Mika和Newman - 2010 - Climate change scenarios and models yield conflicting predictions about the future risk of an invasi.pdf,A2,C5,102.7723603383973,102.7723603383973,field-only scalar,,,True
Mika和Newman - 2010 - Climate change scenarios and models yield conflicting predictions about the future risk of an invasi.pdf,B2,C5,835.4639342141137,835.4639342141137,field-only scalar,,,False
"Colette 等 - 2013 - European atmosphere in 2050, a regional air quality and climate perspective under CMIP5 scenarios.pdf",CLE2,C3 (RCP equivalent),~900 Gt CO2,900.0,unit-bound scalar,~,,False
Matiu和Hanzer - 2022 - Bias adjustment and downscaling of snow cover fraction projections from regional climate models usin.pdf,RCP2.6,C3 (RCP equivalent),~900 Gt CO2,900.0,unit-bound scalar,~,,False
Wang 等 - 2022 - Occurrence of crop pests and diseases has largely increased in China since 1970.pdf,SSP126,C1,~400 Gt CO2,400.0,unit-bound scalar,~,,False
Gomez-Valdivia 等 - 2023 - Projected West Antarctic Ocean Warming Caused by an Expansion of the Ross Gyre.pdf,SSP1-1.9,C1,500 Gt CO2 from 2020 (for 1.5°C with 50% probability),500.0,unit-bound scalar,,,False
Sun 等 - 2007 - How often will it rain.pdf,SRES B1,C1,~500 Gt CO2,500.0,unit-bound scalar,~,,False
Zacarias和Loyola - 2018 - Distribution modelling and multi-scale landscape connectivity highlight important areas for the cons.pdf,RCP2.6 (Strong mitigation scenario limiting warming to approximately 1.8°C by 2100),C1 (Below 1.5°C with no or limited overshoot),~500 Gt CO₂ from 2020 for 1.5°C,500.0,unit-bound scalar,~,,False
Muhaisen 等 - 2024 - Forecasting changes in precipitation and temperatures of a regional watershed in Northern Iraq using.pdf,RCP2.6,C1 (RCP equivalent),~900 Gt CO2,900.0,unit-bound scalar,~,,False
Muhaisen 等 - 2024 - Forecasting changes in precipitation and temperatures of a regional watershed in Northern Iraq using.pdf,RCP4.5,C5 (RCP equivalent),Medium,,excluded,,no unambiguous carbon-budget value,False
Lu 等 - 2024 - Harnessing the runoff reduction potential of urban bioswales as an adaptation response to climate ch.pdf,SSP3-7.0 (SCP),C7,Exceeded before 2020 (for 1.5°C with 50% likelihood),,excluded,,no unambiguous carbon-budget value,False
Tao 等 - 2025 - Permafrost vulnerability to climate change understanding thaw dynamics and climate feedback of perm.pdf,Permafrost sensitivity to global warming of 1.5 °C and 2 °C,C3,271.9704635822378,271.9704635822378,field-only scalar,,,False
McKenna和Maycock - 2022 - The Role of the North Atlantic Oscillation for Projections of Winter Mean Precipitation in Europe.pdf,RCP8.5,C8 (SSP5-8.5),N/A (no net zero before 2100),,excluded,,explicitly missing/unspecified,False
Zhang 等 - 2012 - Modeling climate change effects on runoff and soil erosion in southeastern Arizona rangelands and im.pdf,A2,C5,102.7723603383973,102.7723603383973,field-only scalar,,,True
Xia 等 - 2017 - Linkages with the quantitative assessment of water resources vulnerability a new approach for adapt.pdf,RCP2.6,C1 (RCP equivalent),~300 Gt CO2 from 2020,300.0,unit-bound scalar,~,,False
Xu 等 - 2018 - The importance of aerosol scenarios in projections of future heat extremes.pdf,RCP4.5,C5 (RCP equivalent),1200-1400 GtCO₂ from 2020,1300.0,unit-bound range midpoint,,,False
Lutz和Muttarak - 2017 - Forecasting societies' adaptive capacities through a demographic metabolism model.pdf,SSP1,C3,942.4855433794125,942.4855433794125,field-only scalar,,,False
Lutz和Muttarak - 2017 - Forecasting societies' adaptive capacities through a demographic metabolism model.pdf,SSP3,C8,2080 GtCO₂,2080.0,unit-bound scalar,,,False
Madaniyazi 等 - 2025 - Projected compound effects of population aging and climate warming on emergency ambulance demand in.pdf,SSP1-2.6,C3,~900 Gt CO2,900.0,unit-bound scalar,~,,False
Madaniyazi 等 - 2025 - Projected compound effects of population aging and climate warming on emergency ambulance demand in.pdf,SSP2-4.5,C3,2744.812344177873,2744.812344177873,field-only scalar,,,False
Smith和Sheridan - 2021 - Projections of cold air outbreaks in CMIP6 earth system models.pdf,SSP126,C1,900-1100 GtCO2,1000.0,unit-bound range midpoint,,,False
Smith和Sheridan - 2021 - Projections of cold air outbreaks in CMIP6 earth system models.pdf,SSP245,C3,2744.812344177873,2744.812344177873,field-only scalar,,,False
Macmillan 等 - 2024 - Microgrid design and multi-year dispatch optimization under climate-informed load and renewable reso.pdf,SSP2-4.5,C3,2744.812344177873,2744.812344177873,field-only scalar,,,False
"Yan 等 - 2013 - Interactions between land use change, regional development, and climate change in the Poyang Lake di.pdf",A2,C5,102.7723603383973,102.7723603383973,field-only scalar,,,True
"Yan 等 - 2013 - Interactions between land use change, regional development, and climate change in the Poyang Lake di.pdf",B1,C5,652.4725285661066,652.4725285661066,field-only scalar,,,False
Solaymani - 2018 - Impacts of climate change on food security and agriculture sector in Malaysia.pdf,Baseline (mean value),C7: limit warming to 4°C (>50%),4067.198904304981,4067.198904304981,field-only scalar,,,False
Zhang和Zhang - 2016 - Drought hazard assessment in typical corn cultivated areas of China at present and potential climate.pdf,RCP2.6,C1,~400-500 Gt CO2,450.0,unit-bound range midpoint,~,,False
Liu 等 - 2023 - Climate change impacts on planned supply-demand match in global wind and solar energy systems.pdf,SSP 245,C4,2744.812344177873,2744.812344177873,field-only scalar,,,False
Zhan 等 - 2013 - Scenario Analyses of Land Use Conversion in the North China Plain An Econometric Approach.pdf,Business as Usual (BAU) Scenario for Land Use in the North China Plain,C7: limit warming to 4°C (>50%),4421.106912693341,4421.106912693341,field-only scalar,,,False
Sun 等 - 2016 - Sustainable Energy Transitions in China Renewable Options and Impacts on the Electricity System.pdf,BAU,C7: limit warming to 4°C (>50%),4421.106912693341,4421.106912693341,field-only scalar,,,False
Sun 等 - 2020 - The effect of climate change on the richness distribution pattern of oaks (Quercus L.) in Chi.pdf,RCP2.6,C3 (RCP equivalent),~900 Gt CO2,900.0,unit-bound scalar,~,,False
Ferrarin 等 - 2014 - Toward homogenization of Mediterranean lagoons and their loss of hydrodiversity.pdf,RCP8.5,C8,Very high (exceeds 2000 GtCO₂ from 2020),2000.0,unit-bound scalar,,,False
Kazenel 等 - 2024 - Heat and desiccation tolerances predict bee abundance under climate change.pdf,RCP 2.6,C3 (RCP equivalent),~900 Gt CO2,900.0,unit-bound scalar,~,,False
Snover 等 - 2013 - Choosing and Using Climate-Change Scenarios for Ecological-Impact Assessments and Conservation Decis.pdf,SSP2-4.5,C5,2744.812344177873,2744.812344177873,field-only scalar,,,False
Srinivas 等 - 2024 - MCDM Approach to Offshore Wind Farm Site Selection in Indian EEZ Considering Climate Change.pdf,RCP 4.5,C3 (Below 3°C),~3000 GtCO₂ (from 2020),3000.0,unit-bound scalar,~,,False
Xu 等 - 2012 - Impacts of climate change on building heating and cooling energy patterns in California.pdf,A2,C5,102.7723603383973,102.7723603383973,field-only scalar,,,True
Xu 等 - 2012 - Impacts of climate change on building heating and cooling energy patterns in California.pdf,B1,C6,652.4725285661066,652.4725285661066,field-only scalar,,,False
Morales 等 - 2022 - Circularity effect in the viability of bio-based industrial symbiosis Tackling extraordinary events.pdf,Baseline Scenario,C7: limit warming to 4°C (>50%),4067.198904304981,4067.198904304981,field-only scalar,,,False
Li 等 - 2019 - Lyme Disease Risks in Europe under Multiple Uncertain Drivers of Change.pdf,SSP1 × RCP2.6,C1 (RCP equivalent),~400-500 Gt CO2 (from 2020),450.0,unit-bound range midpoint,~,,False
Liu 等 - 2021 - Separating the impacts of heat stress events from rising mean temperatures on winter wheat yield of.pdf,1.5°C HAPPI,C4,271.9704635822378,271.9704635822378,field-only scalar,,,False
"Xu 等 - 2013 - Impact of climate change on hydrology of upper reaches of Qiantang River Basin, East China.pdf",A2,C5,102.7723603383973,102.7723603383973,field-only scalar,,,True
"Xu 等 - 2013 - Impact of climate change on hydrology of upper reaches of Qiantang River Basin, East China.pdf",B1,C5,652.4725285661066,652.4725285661066,field-only scalar,,,False
Lee 等 - 2025 - Multi-centennial climate change in a warming world beyond 2100.pdf,SSP3-7.0,C6,~6000 Pg C (1850-2250),,excluded,,no unambiguous carbon-budget value,False
Mendoza-Ponce 等 - 2018 - Identifying effects of land use cover changes and climate change on terrestrial ecosystems and carbo.pdf,Green,C3,4397.488623565809,4397.488623565809,field-only scalar,,,False
Candela 等 - 2012 - Modelling impacts of climate change on water resources in ungauged and data-scarce watersheds. Appli.pdf,A2,C5,102.7723603383973,102.7723603383973,field-only scalar,,,True
Candela 等 - 2012 - Modelling impacts of climate change on water resources in ungauged and data-scarce watersheds. Appli.pdf,B1,C4,652.4725285661066,652.4725285661066,field-only scalar,,,False
Yang 等 - 2018 - Changing temperature extremes based on CMIP5 output via semi-parametric quantile regression approach.pdf,RCP2.6,C1 (very low GHG emissions),~900 Gt CO2,900.0,unit-bound scalar,~,,False
Roozbahani 等 - 2020 - Analysis of performance criteria and sustainability index in urban stormwater systems under the impa.pdf,RCP2.6,C3 (RCP equivalent),~900 Gt CO2,900.0,unit-bound scalar,~,,False
Nneji 等 - 2025 - Predicting Habitat Suitability and Range Dynamics of Three Ecologically Important Fish in East Asian.pdf,SSP1-2.6,C3,~900 Gt CO2,900.0,unit-bound scalar,~,,False
Goodess 等 - 2021 - Climate change projections for sustainable and healthy cities.pdf,RCP2.6,C1 (RCP2.6-equivalent pathway),~900 Gt CO2,900.0,unit-bound scalar,~,,False
Goodess 等 - 2021 - Climate change projections for sustainable and healthy cities.pdf,RCP8.5,C8 (High GHG emissions),Exceeded,,excluded,,no unambiguous carbon-budget value,False
Fu 等 - 2022 - Water Resource Availability Assessment Through Hydrological Simulation Under Climate Change in the H.pdf,RCP2.6,C1 (Low GHG emissions),~650 Gt CO₂,650.0,unit-bound scalar,~,,False
Ignacio-Reardon 等 - 2025 - Projected changes in population exposure to drought across the Philippines under CMIP6 forcing scena.pdf,SSP2-4.5-SSP2,C5,2744.812344177873,2744.812344177873,field-only scalar,,,False
Martinez-Harms 等 - 2017 - Scenarios for land use and ecosystem services under global change.pdf,RCP2.6,C1 (RCP equivalent),~900 Gt CO2,900.0,unit-bound scalar,~,,False
Zhang Liping 等 - 2012 - Climate change impacts on hydrological processes in the water source area of the Middle Route of the.pdf,A2,C5,102.7723603383973,102.7723603383973,field-only scalar,,,True
Zhang Liping 等 - 2012 - Climate change impacts on hydrological processes in the water source area of the Middle Route of the.pdf,B1,C5,652.4725285661066,652.4725285661066,field-only scalar,,,False
Liao 等 - 2009 - Quantification of the impact of climate uncertainty on regional air quality.pdf,IPCC A1B,C3,~900 Gt CO2,900.0,unit-bound scalar,~,,False
Schröter 等 - 2005 - Ecosystem service supply and vulnerability to global change in Europe.pdf,A2,C7,102.7723603383973,102.7723603383973,field-only scalar,,,True
Schröter 等 - 2005 - Ecosystem service supply and vulnerability to global change in Europe.pdf,B1,C5,652.4725285661066,652.4725285661066,field-only scalar,,,False
Silva 等 - 2025 - Sustainable transitions in tropical reservoirs as sociotechnical systems using forest restoration fo.pdf,SSP2-4.5,C3,2744.812344177873,2744.812344177873,field-only scalar,,,False
Feng 等 - 2025 - Hurricane Ida's blackout-heatwave compound risk in a changing climate.pdf,SSP2-4.5,C3,2744.812344177873,2744.812344177873,field-only scalar,,,False
Colelli 等 - 2022 - Increased energy use for adaptation significantly impacts mitigation pathways.pdf,Current policy,C6,350 GtCO2eq,350.0,unit-bound scalar,,,True
Colelli 等 - 2022 - Increased energy use for adaptation significantly impacts mitigation pathways.pdf,2.5°C,C5,3600 GtCO2eq,3600.0,unit-bound scalar,,,False
Colelli 等 - 2022 - Increased energy use for adaptation significantly impacts mitigation pathways.pdf,Well-below2°C,C2,1500 GtCO2eq,1500.0,unit-bound scalar,,,False
Zhao 等 - 2023 - Conservation of Chinese Theaceae species under future climate and land use changes.pdf,RCP2.6,C3,~900 Gt CO2,900.0,unit-bound scalar,~,,False
Mizzi 等 - 2018 - Effects of climate change on structures; analysis of carbonation-induced corrosion in Reinforced Con.pdf,RCP 2.6,C1 (SSP1-2.6 equivalent),~400-500 Gt CO2 (from 2020),450.0,unit-bound range midpoint,~,,False
Zhang 等 - 2024 - Biogeomorphological niche of a landform Machine learning approaches reveal controls on the geograph.pdf,SSP2-4.5,C5,2744.812344177873,2744.812344177873,field-only scalar,,,False
"Kyaw和Kim - 2025 - Climate change, adaptation, and economic outcomes in rice farming empirical findings from Myanmar's.pdf",SSP2-4.5,Intermediate (SSP2-4.5),[Value trace only - requires citation if authoritative],,excluded,,no unambiguous carbon-budget value,False
"Weslien 等 - 2009 - Effects of increased forest productivity and warmer climates on carbon sequestration, run-off water.pdf",B2,C5,835.4639342141137,835.4639342141137,field-only scalar,,,False
"Weslien 等 - 2009 - Effects of increased forest productivity and warmer climates on carbon sequestration, run-off water.pdf",A2,C6,102.7723603383973,102.7723603383973,field-only scalar,,,True
Ciscar 等 - 2011 - Physical and economic consequences of climate change in Europe.pdf,A2,C7,102.7723603383973,102.7723603383973,field-only scalar,,,True
Ciscar 等 - 2011 - Physical and economic consequences of climate change in Europe.pdf,B2,C6,835.4639342141137,835.4639342141137,field-only scalar,,,False
Xu 等 - 2025 - Thermal adaptation of respiration in terrestrial ecosystems alleviates carbon loss.pdf,SSP1-1.9,C1,~500 Gt CO2,500.0,unit-bound scalar,~,,False
"Zhang和Ayyub - 2018 - Urban Heat Projections in a Changing Climate Washington, DC, Case Study.pdf",RCP2.6,C1 or C2 (RCP2.6 equivalent),~900 Gt CO2,900.0,unit-bound scalar,~,,False
Yu 等 - 2013 - Projected changes in soil organic carbon stocks of China's croplands under different agricultural ma.pdf,S1: Moderate Agricultural Management Scenario,C3: limit warming to 2°C (>67%),893.060956844902,893.060956844902,field-only scalar,,,False
Yu 等 - 2013 - Projected changes in soil organic carbon stocks of China's croplands under different agricultural ma.pdf,S2: Optimal Agricultural Management in China's Croplands,C4: limit warming to 2°C (>50%),1447.733517816087,1447.733517816087,field-only scalar,,,False
Matte 等 - 2022 - Spatial extent of precipitation events when big is getting bigger.pdf,1°C warming,C3,~900 Gt CO2,900.0,unit-bound scalar,~,,False
Matte 等 - 2022 - Spatial extent of precipitation events when big is getting bigger.pdf,2°C warming,C4,1793.871566014591,1793.871566014591,field-only scalar,,,False
Steiner和Reader - 2024 - Trends and Projections in Climate-Related Stressors Impacting Arctic Marine Ecosystems-A CMIP6 Model.pdf,SSP2-4.5,C5,2744.812344177873,2744.812344177873,field-only scalar,,,False
Kim 等 - 2025 - Morphological analysis-based yield modeling in greenhouse grown cherry tomato (Solanum lycopersic.pdf,SSP245,C5,2744.812344177873,2744.812344177873,field-only scalar,,,False
"Mima和Criqui - 2015 - The Costs of Climate Change for the European Energy System, an Assessment with the POLES Model.pdf",E1,C4,298.9017422679738,298.9017422679738,field-only scalar,,,False
Mendez 等 - 2022 - Hydrological Response of Tropical Catchments to Climate Change as Modeled by the GR2M Model A Case.pdf,RCP2.6,C1 (Likely limit warming to 1.5°C),~400-500 Gt CO2 from 2020,450.0,unit-bound range midpoint,~,,False
Gilli 等 - 2024 - Climate change impacts on the within-country income distributions.pdf,SSP3,C7,5565.348 Gt CO2 cumulative 2020-2100,5565.348,unit-bound scalar,,,False
Kim 等 - 2017 - Using real options for urban infrastructure adaptation under climate change.pdf,RCP2.6,Illustrative Mitigation Pathway (SSP1-2.6),~900 Gt CO2,900.0,unit-bound scalar,~,,False
Joo 等 - 2025 - Analysis of Application of Design Standards for Future Climate Change Adaptive Agricultural Reservoi.pdf,SSP2-4.5,C5,2744.812344177873,2744.812344177873,field-only scalar,,,False
Zhang 等 - 2018 - Evaluation of ecosystem service based on scenario simulation of land use in Yunnan Province.pdf,BAU (Business As Usual) scenario,C7: limit warming to 4°C (>50%),4421.106912693341,4421.106912693341,field-only scalar,,,False
Laux 等 - 2025 - Future precipitation extremes and urban flood risk assessment using a non-stationary and convection-.pdf,+2°C GWL,C4,1793.871566014591,1793.871566014591,field-only scalar,,,False
Pan 等 - 2025 - Climate Change vs. Human Activities Conflicting Future Impacts on a High-Altitude Endangered Snake.pdf,Landscape Change-Only (LCO),C6: limit warming to 3°C (>50%),2483.933253664281,2483.933253664281,field-only scalar,,,False
Pan 等 - 2025 - Climate Change vs. Human Activities Conflicting Future Impacts on a High-Altitude Endangered Snake.pdf,CCO-SSP1-2.6,C1,~115-300 Gt CO2 from 2020,207.5,unit-bound range midpoint,~,,False
Zhai 等 - 2015 - Long-term cloud change imprinted in seasonal cloud variation More evidence of high climate sensitiv.pdf,RCP4.5,"C6 (concentration driven, SSP2-4.5 analogue)",~1400 GtCO₂ from 2020 for 2°C (67%) [Reference: AR6 WGI],1400.0,unit-bound scalar,~,,False
Ma 等 - 2025 - Prediction of Drought Thresholds Triggering Winter Wheat Yield Losses in the Future Based on the CNN.pdf,SSP1-2.6,C1,~500 Gt CO2,500.0,unit-bound scalar,~,,False
Collet 等 - 2015 - Water supply sustainability and adaptation strategies under anthropogenic and climatic changes of a.pdf,Climate scenarios with +2°C warming and -20% precipitation,C5,1793.871566014591,1793.871566014591,field-only scalar,,,False
Julien 等 - 2018 - Magnitude and robustness associated with the climate change impacts on global hydrological variables.pdf,RCP2.6,C3 (RCP equivalent),~900 Gt CO2,900.0,unit-bound scalar,~,,False
Chen 等 - 2020 - Quantifying economic impacts of climate change under nine future emission scenarios within CMIP6.pdf,SSP1-1.9,C1,~500 Gt CO2,500.0,unit-bound scalar,~,,False
"Beniston和Stoffel - 2016 - Rain-on-snow events, floods and climate change in the Alps Events may increase with warming up to 4.pdf",RCP2.6,C3 (RCP equivalent),~900 Gt CO2,900.0,unit-bound scalar,~,,False
"Liu 等 - 2020 - Land-use change drives present and future distributions of Fall armyworm, Spodoptera frugiperda.pdf",RCP 2.6,C3 (RCP equivalent),~900 Gt CO2,900.0,unit-bound scalar,~,,False
Zhang 等 - 2022 - Climate Change Determines Future Population Exposure to Summertime Compound Dry and Hot Events.pdf,SSP1-2.6,C3,~900 Gt CO2,900.0,unit-bound scalar,~,,False
Zhang 等 - 2022 - Climate Change Determines Future Population Exposure to Summertime Compound Dry and Hot Events.pdf,SSP3-7.0,C7,Not applicable (high-emission scenario),,excluded,,no unambiguous carbon-budget value,False
Zhang 等 - 2022 - Climate Change Determines Future Population Exposure to Summertime Compound Dry and Hot Events.pdf,SSP5-8.5,C8,~11500 GtCO₂ from 2020,,excluded,,no unambiguous carbon-budget value,False
Fischer 等 - 2010 - Temperature-derived potential for the establishment of phlebotomine sandflies and visceral leishmani.pdf,A2,C2: return warming to 1.5°C (>50%) after a high overshoot,102.7723603383973,102.7723603383973,field-only scalar,,,False
Al Shoumik 等 - 2025 - Climate Sensitivity of Soil Organic Carbon and Nutrient Stocks Under Different Land Uses in Europe.pdf,RCP2.6,"C1 (RCP equivalent, SSP1-2.6)",~500 Gt CO2 from 2020,500.0,unit-bound scalar,~,,False
Jewell 等 - 2016 - Comparison and interactions between the long-term pursuit of energy independence and climate policie.pdf,Baseline,C7: limit warming to 4°C (>50%),4067.198904304981,4067.198904304981,field-only scalar,,,False
Zhao 等 - 2021 - Predicting the Potential Distribution of Perennial Plant Coptis chinensis Franch. in China un.pdf,SSP2-4.5,C5,N/A – cross-scenario GWP value; refer to IPCC AR6 WG1 Table 5.8.,,excluded,,explicitly missing/unspecified,False
Xu 等 - 2024 - Climate change impacts on rainfall intensity-duration-frequency curves in local scale catchments.pdf,SSP1-2.6,C3,400-900 Gt CO2,650.0,unit-bound range midpoint,,,False
Xu 等 - 2024 - Climate change impacts on rainfall intensity-duration-frequency curves in local scale catchments.pdf,SSP2-4.5,C3,2744.812344177873,2744.812344177873,field-only scalar,,,False
Xu 等 - 2024 - Climate change impacts on rainfall intensity-duration-frequency curves in local scale catchments.pdf,SSP3-7.0,C7,~4000 GtCO2 from 2020 for >3°C (50%),4000.0,unit-bound scalar,~,,False
Xu 等 - 2024 - Climate change impacts on rainfall intensity-duration-frequency curves in local scale catchments.pdf,SSP5-8.5,C8,Exceeds remaining budget for 4°C,,excluded,,no unambiguous carbon-budget value,False
Bienvenido-Huertas 等 - 2021 - Applying the mixed-mode with an adaptive approach to reduce the energy poverty in social dwellings.pdf,A2 climate change scenario,C5,1793.871566014591,1793.871566014591,field-only scalar,,,False
Yang Jian-Ping 等 - 2015 - Vulnerability of mountain glaciers in China to climate change.pdf,RCP6.0,C6 (RCP equivalent),N/A (No direct mapping to carbon budget in RCP6.0),,excluded,,explicitly missing/unspecified,False
Meng 等 - 2024 - A Study on the Growth Model of Natural Forests in Southern China Under Climate Change Application o.pdf,RCP2.6,RCP2.6,~400-500 Gt CO2 from 2020 for 1.5°C (50% probability),450.0,unit-bound range midpoint,~,,False
Meng 等 - 2024 - A Study on the Growth Model of Natural Forests in Southern China Under Climate Change Application o.pdf,RCP4.5,C3 (RCP4.5 equivalent),1000–1500 GtCO₂ from 2020,1250.0,unit-bound range midpoint,,,False
Meng 等 - 2024 - A Study on the Growth Model of Natural Forests in Southern China Under Climate Change Application o.pdf,RCP8.5,C8,>1150 GtCO2 from 2020,1150.0,unit-bound scalar,>,,False
Ham 等 - 2016 - Assessing Future Climate Changes in the East Asian Summer and Winter Monsoon Using Regional Spectral.pdf,RCP 2.6,C3 (RCP equivalent),~900 Gt CO2,900.0,unit-bound scalar,~,,False
Chen 等 - 2025 - Application of Climate Sensitivity Transfer Matrix Growth Model in Qinghai Province.pdf,RCP2.6,SSP1-2.6,~900 Gt CO2,900.0,unit-bound scalar,~,,False
Chen 等 - 2025 - Application of Climate Sensitivity Transfer Matrix Growth Model in Qinghai Province.pdf,RCP8.5,"C8 (High GHG, SSP5-8.5)","1150 GtCO₂ from 2020 for 50% chance of limiting to 2°C, 400 GtCO₂ for 1.5°C",,excluded,,multiple distinct unit-bound budgets,False
Han 等 - 2018 - Conservation prioritization with machine learning predictions for the black-necked crane Grus nig.pdf,BCM-RCP2.6,C1 (RCP equivalent),~900 Gt CO2,900.0,unit-bound scalar,~,,False
Monteiro 等 - 2024 - FROT A Framework to comprehensively describe radiative contributions to temperature responses.pdf,SSP1-2.6,C1,1804,1804.0,field-only scalar,,,False
Monteiro 等 - 2024 - FROT A Framework to comprehensively describe radiative contributions to temperature responses.pdf,SSP1_zero2070_5_0_co2only,C5,1804 GtCO2,1804.0,unit-bound scalar,,,False
Woodworth-Jefcoats 等 - 2013 - Ecosystem size structure response to 21st century climate projection large fish abundance decreases.pdf,A2,C7,102.7723603383973,102.7723603383973,field-only scalar,,,True
Harper 等 - 2018 - Land-use emissions play a critical role in landbased mitigation for Paris climate targets.pdf,1.5°C_IM1.9,C1,500.0,500.0,field-only scalar,,,False
Harper 等 - 2018 - Land-use emissions play a critical role in landbased mitigation for Paris climate targets.pdf,2°C_IM2.6,C5,1793.871566014591,1793.871566014591,field-only scalar,,,False
Stetter 等 - 2024 - Agricultural land use modeling and climate change adaptation A reinforcement learning approach.pdf,Baseline,C7: limit warming to 4°C (>50%),4067.198904304981,4067.198904304981,field-only scalar,,,False
Stetter 等 - 2024 - Agricultural land use modeling and climate change adaptation A reinforcement learning approach.pdf,Policy scenario for agroforestry adoption with agri-environmental payment,C7: limit warming to 4°C (>50%),4680.996929151199,4680.996929151199,field-only scalar,,,False
Kypke 等 - 2020 - Anthropocene climate bifurcation.pdf,RCP8.5,Very high (SSP5-8.5),Exceeds remaining carbon budget for 2°C warming limit,,excluded,,no unambiguous carbon-budget value,False
Kypke 等 - 2020 - Anthropocene climate bifurcation.pdf,RCP2.6,C2 (RCP equivalent),~400-500 Gt CO2,450.0,unit-bound range midpoint,~,,False
Mengistu 等 - 2025 - Climate-smart apiary site selection in East Africa GIS-based analysis of current and future climate.pdf,SSP1-2.6,C3,~900 Gt CO2,900.0,unit-bound scalar,~,,False
Bauer 等 - 2022 - Assessment of climate change-induced hazard potential of locusts (Acrididae) as pest for future Germ.pdf,RCP2.6 2021-2050,C3 (RCP equivalent),~900 Gt CO2,900.0,unit-bound scalar,~,,False
Nelson 等 - 2024 - The effect of different climate and air quality policies in China on in situ ozone production in Bei.pdf,Ambitious Pollution 1.5D Goals,C2,~500 Gt CO2,500.0,unit-bound scalar,~,,False
Nelson 等 - 2024 - The effect of different climate and air quality policies in China on in situ ozone production in Bei.pdf,Ambitious Pollution Neutral Goals,C1,~500 Gt CO2,500.0,unit-bound scalar,~,,False
Yuan 等 - 2023 - A global transition to flash droughts under climate change.pdf,SSP245,C4,2744.812344177873,2744.812344177873,field-only scalar,,,False
"Liu 等 - 2017 - EVALUATION OF CLIMATE CHANGE IMPACTS ON HYDROLOGICAL PROCESSES IN THE YANGTZE RIVER DELTA REGION, CH.pdf",A2,C7,102.7723603383973,102.7723603383973,field-only scalar,,,True
"Liu 等 - 2017 - EVALUATION OF CLIMATE CHANGE IMPACTS ON HYDROLOGICAL PROCESSES IN THE YANGTZE RIVER DELTA REGION, CH.pdf",B2,C7,835.4639342141137,835.4639342141137,field-only scalar,,,False
Hattermann 等 - 2018 - Sources of uncertainty in hydrological climate impact assessment a cross-scale study.pdf,RCP2.6,C3 (RCP equivalent),~900 Gt CO2,900.0,unit-bound scalar,~,,False
Oelsmann 等 - 2024 - Regional variations in relative sea-level changes influenced by nonlinear vertical land motion.pdf,SSP2-4.5,C3,2744.812344177873 GtCO₂ (1850–2100),2744.812344177873,unit-bound scalar,,,False
Turnock 等 - 2020 - Historical and future changes in air pollutants from CMIP6 models.pdf,ssp126,C1,500.0,500.0,field-only scalar,,,False
Pedlar 等 - 2025 - Mapping the climate niches of forest insects and diseases in Canada under current and future climate.pdf,SSP2-4.5,C3,2744.812344177873,2744.812344177873,field-only scalar,,,False
Pedlar 等 - 2025 - Mapping the climate niches of forest insects and diseases in Canada under current and future climate.pdf,SSP1-2.6,C3,~900 Gt CO2,900.0,unit-bound scalar,~,,False
Ashrafzadeh 等 - 2019 - Modeling the response of an endangered flagship predator to climate change in Iran.pdf,RCP2.6,C1 (SSP1-2.6 equivalent),~900 Gt CO2,900.0,unit-bound scalar,~,,False
Zhang 等 - 2021 - Planning London's green spaces in an integrated water management approach to enhance future resilien.pdf,SL2 (Climate Only),C5,1793.871566014591,1793.871566014591,field-only scalar,,,False
Xu 等 - 2022 - Delayed use of bioenergy crops might threaten climate and food security.pdf,SSP5-8.5 to SSP2-4.5,C5,2744.812344177873,2744.812344177873,field-only scalar,,,False
"Martija-Diez 等 - 2024 - Climate Change Scenarios for the Basque Country wind, humidity and radiation.pdf",RCP8.5,C8,2200 Gt CO2,2200.0,unit-bound scalar,,,False
Li 等 - 2024 - MaxEnt and Marxan modeling to predict the potential habitat and priority planting areas of Coffea.pdf,SSP2-4.5,C3,2744.812344177873,2744.812344177873,field-only scalar,,,False
Zhang 等 - 2026 - Projected extreme temperature event-attributable dementia deaths in China a climate-ageing-adaptati.pdf,SSP5–RCP8.5,SSP5-8.5,Not specified in source,,excluded,,no unambiguous carbon-budget value,False
Achour 等 - 2025 - Selection of Global Climate Models (GCMs) for Climate Change Analysis Using t-Distributed Stochastic.pdf,SSP2-4.5,C4,2744.812344177873,2744.812344177873,field-only scalar,,,False
Kahil 等 - 2018 - A Continental-Scale Hydroeconomic Model for Integrating Water-Energy-Land Nexus Solutions.pdf,RR,C7,4182.783765496274,4182.783765496274,field-only scalar,,,False
Kahil 等 - 2018 - A Continental-Scale Hydroeconomic Model for Integrating Water-Energy-Land Nexus Solutions.pdf,Sust,C4,3942.674687035091,3942.674687035091,field-only scalar,,,False
Belyazid和Giuliana - 2019 - Water limitation can negate the effect of higher temperatures on forest carbon sequestration.pdf,Baseline scenario (BAS),C7: limit warming to 4°C (>50%),4067.198904304981,4067.198904304981,field-only scalar,,,False
Avila 等 - 2025 - Flexible Instruments to Address Water Security in the Context of Climate Uncertainty A Case Study o.pdf,SSP1-2.6,C3,~900 Gt CO₂ from 2020,900.0,unit-bound scalar,~,,False
Avila 等 - 2025 - Flexible Instruments to Address Water Security in the Context of Climate Uncertainty A Case Study o.pdf,SSP5-8.5,C8,Very high (typically >4000 GtCO₂ from 2015),4000.0,unit-bound scalar,>,,False
Louca 等 - 2015 - Modelling the combined effects of land use and climatic changes Coupling bioclimatic modelling with.pdf,A2,C5,102.7723603383973,102.7723603383973,field-only scalar,,,True
Niu 等 - 2022 - Deficit Irrigation at Pre-Anthesis Can Balance Wheat Yield and Water Use Efficiency under Future Cli.pdf,SSP245,C3,2744.812344177873,2744.812344177873,field-only scalar,,,False
Zhang 等 - 2025 - Geography of Climate Change Adaptation in US Agriculture.pdf,Baseline adaptation as usual,C7: limit warming to 4°C (>50%),4067.198904304981,4067.198904304981,field-only scalar,,,False
Willis 等 - 2009 - Dynamic distribution modelling predicting the present from the past.pdf,Baseline simulations of butterfly distribution changes from 1970 to 2000,C7: limit warming to 4°C (>50%),4067.198904304981,4067.198904304981,field-only scalar,,,False
Guarin 等 - 2025 - Modelling the productivity of opportunity crops across Africa under climate change in support of the.pdf,SSP1-2.6,C3,~900 Gt CO2,900.0,unit-bound scalar,~,,False
"Medrano-Vizcaino和Gutierrez-Salazar - 2020 - Current and future suitable habitat areas for Nasuella olivacea (Gray, 1865) in Colombia and.pdf",RCP 2.6,C3 (RCP equivalent),~900 Gt CO2,900.0,unit-bound scalar,~,,False
Li 等 - 2024 - Real-world time-travel experiment shows ecosystem collapse due to anthropogenic climate change.pdf,SSP2-4.5,C3,1200-1400 GtCO₂ from 2020,1300.0,unit-bound range midpoint,,,False
"Selbig - 2015 - Simulating the effect of climate change on stream temperature in the Trout Lake Watershed, Wisconsin.pdf",A2,C6,102.7723603383973,102.7723603383973,field-only scalar,,,True
"Selbig - 2015 - Simulating the effect of climate change on stream temperature in the Trout Lake Watershed, Wisconsin.pdf",B1,C5,652.4725285661066,652.4725285661066,field-only scalar,,,False
Liu 等 - 2020 - Planning sustainable urban landscape under the stress of climate change in the drylands of northern.pdf,Business as Usual (BAU) for Urban Land Development,C7: limit warming to 4°C (>50%),4421.106912693341,4421.106912693341,field-only scalar,,,False
Livingston 等 - 2021 - Hydrologic impacts of climate change in relation to Ontario's source water protection planning progr.pdf,RCP 2.6,C1,~1000 Gt CO2,1000.0,unit-bound scalar,~,,False
Sopniewski 等 - 2022 - Predicting the distribution of Australian frogs and their overlap with Batrachochytrium dendrobat.pdf,SSP126,C1,942.4855433794125,942.4855433794125,field-only scalar,,,False
Gattuso 等 - 2015 - Contrasting futures for ocean and society from different anthropogenic CO2 emissions scen.pdf,RCP2.6,C1,~900 Gt CO2,900.0,unit-bound scalar,~,,False
Zhang和Zhao - 2017 - Ensemble yield simulations Using heat-tolerant and later-maturing varieties to adapt to climate war.pdf,RCP4.5,C3 (Below 2°C),1200-1400 GtCO₂,1300.0,unit-bound range midpoint,,,False
Lin 等 - 2023 - Projecting future aboveground carbon sequestration rate of alpine forest on the eastern Tibetan Plat.pdf,RCP2.6,C1,~900 Gt CO2,900.0,unit-bound scalar,~,,False
Muhammetoglu 等 - 2023 - Assessment of energy performance and GHG emissions for the urban water cycle toward sustainability.pdf,Baseline scenario,C7,4067.198904304981,4067.198904304981,field-only scalar,,,False
Bonsoms 等 - 2024 - Impact of climate change on snowpack dynamics in coastal Central-Western Greenland.pdf,SSP2–4.5: Intermediate greenhouse gas emissions scenario with moderate climate change impacts,C5,2744.812344177873,2744.812344177873,field-only scalar,,,False
Zhou 等 - 2014 - Modeling the effect of climate change on U.S. state-level buildings energy demands in an integrated.pdf,A2 - High Population Growth and Fragmented Economic Development,C5,102.7723603383973,102.7723603383973,field-only scalar,,,True
Rezaei和Webber - 2022 - Processing tomatoes under climate change.pdf,SSP2-4.5,C2,2744 GtCO₂ from 2020,2744.0,unit-bound scalar,,,True
Yanez 等 - 2017 - Modelling climate change impacts on anchovy and sardine landings in northern Chile using ANNs.pdf,A2 climate change scenario (2015-2065),C5,1793.871566014591,1793.871566014591,field-only scalar,,,False
Cao 等 - 2024 - Assessment and Prediction of Future Climate Change in the Kaidu River Basin of Xinjiang under Shared.pdf,SSP1-2.6,C1,940 GtCO₂,940.0,unit-bound scalar,,,False
Cao 等 - 2024 - Assessment and Prediction of Future Climate Change in the Kaidu River Basin of Xinjiang under Shared.pdf,SSP2-4.5,C2,2744.812344177873,2744.812344177873,field-only scalar,,,True
"Nemeth 等 - 2012 - Multi-variable verification of hydrological processes in the upper North Saskatchewan River basin, A.pdf",1961-1990 Baseline,C7: limit warming to 4°C (>50%),4067.198904304981,4067.198904304981,field-only scalar,,,False
Zhang 等 - 2020 - Shifts in potential geographical distribution of Pterocarya stenoptera under climate change s.pdf,RCP 2.6,C1 (SSP1-2.6 equivalent),~900 Gt CO2,900.0,unit-bound scalar,~,,False
"Li 等 - 2022 - Dynamical Projections of the Mean and Extreme Wave Climate in the Bohai Sea, Yellow Sea and East Chi.pdf",RCP2.6,C1,~500 Gt CO2,500.0,unit-bound scalar,~,,False
Zhao 等 - 2022 - Predicting potential distribution of Ziziphus spinosa (Bunge) HH Hu ex FH Chen in China under.pdf,SSP1-2.6,C1,942.4855433794125,942.4855433794125,field-only scalar,,,False
Zhao 等 - 2022 - Predicting potential distribution of Ziziphus spinosa (Bunge) HH Hu ex FH Chen in China under.pdf,SSP2-4.5,C3,1150 GtCO₂ from 2020,1150.0,unit-bound scalar,,,False
Skagen和Adams - 2012 - Weather effects on avian breeding performance and implications of climate change.pdf,Future climate scenarios with temperature increases of 2°C and 3°C,C5: limit warming to 2.5°C (>50%),1793.871566014591,1793.871566014591,field-only scalar,,,False
Zhao 等 - 2025 - Unveiling the Impact of Climatic Factors on the Distribution Patterns of Caragana spp. in Chi.pdf,SSP126-2030s,C1,942.4855433794125 GtCO₂,942.4855433794125,unit-bound scalar,,,False
Zhao 等 - 2025 - Unveiling the Impact of Climatic Factors on the Distribution Patterns of Caragana spp. in Chi.pdf,SSP585-2030s,C8,Exceeded (high emissions pathway),,excluded,,no unambiguous carbon-budget value,False
Glade 等 - 2025 - Comparing future projections of warm spells and their characteristics under climate change and strat.pdf,SSP2-4.5,C5,2744.812344177873 GtCO₂,2744.812344177873,unit-bound scalar,,,False
Glade 等 - 2025 - Comparing future projections of warm spells and their characteristics under climate change and strat.pdf,SAI deployment under SSP2-4.5,C3: below 3°C (>67%),2512.8,2512.8,field-only scalar,,,False
Santos 等 - 2023 - Modelling the influence of climate change on characterization factors for copper terrestrial ecotoxi.pdf,RCP2.6,C1 (RCP equivalent),~500 Gt CO₂,500.0,unit-bound scalar,~,,False
Lan 等 - 2023 - Suitable Area of Invasive Species Alexandrium under Climate Change Scenarios in China Sea Are.pdf,RCP8.5,C8,Exceeded,,excluded,,no unambiguous carbon-budget value,False
Lan 等 - 2023 - Suitable Area of Invasive Species Alexandrium under Climate Change Scenarios in China Sea Are.pdf,RCP2.6,C1 (Below 1.5°C),~400-500 Gt CO2,450.0,unit-bound range midpoint,~,,False
"Zamani 等 - 2017 - Risk assessment of agricultural water requirement based on a multi-model ensemble framework, southwe.pdf",A2,C5,102.7723603383973,102.7723603383973,field-only scalar,,,True
"Zamani 等 - 2017 - Risk assessment of agricultural water requirement based on a multi-model ensemble framework, southwe.pdf","B1 scenario assumes a convergent world with a global population that reaches a peak in mid-century and thereafter declines. It emphasizes rapid changes in economic structures towards a service and information economy, with reductions in material intensity and the introduction of clean and resource-efficient technologies.",C5,652.4725285661066,652.4725285661066,field-only scalar,,,False
Jantz 等 - 2014 - Carbon stock corridors to mitigate climate change and promote biodiversity in the tropics.pdf,BAU,C7: limit warming to 4°C (>50%),4421.106912693341,4421.106912693341,field-only scalar,,,False
Saari 等 - 2020 - Predicting iron transport in boreal agriculture-dominated catchments under a changing climate.pdf,RCP4.5,C3 (SSP2-4.5),~1150 GtCO₂ from 2020,1150.0,unit-bound scalar,~,,False
"Yan 等 - 2016 - Modeling the combined impact of future climate and land use changes on streamflow of Xinjiang Basin,.pdf",RCP2.6,C1 (RCP equivalent),~400-500 Gt CO2 from 2020,450.0,unit-bound range midpoint,~,,False
"Malakar 等 - 2025 - Farmers' perceptions of future risks and opportunities, and their expected future use of climate pro.pdf",RCP4.5,C3,~1500 GtCO₂ from 2020,1500.0,unit-bound scalar,~,,False
"Luo 等 - 2019 - Identifying climate change impacts on water resources in Xinjiang, China.pdf",RCP8.5,C8,~1150 GtCO2 from 2020,1150.0,unit-bound scalar,~,,False
Bienvenido-Huertas 等 - 2020 - Influence of future climate changes scenarios on the feasibility of the adaptive comfort model in Ja.pdf,A2,C5,102.7723603383973,102.7723603383973,field-only scalar,,,True
Bienvenido-Huertas 等 - 2020 - Influence of future climate changes scenarios on the feasibility of the adaptive comfort model in Ja.pdf,B1,C4,652.4725285661066,652.4725285661066,field-only scalar,,,False
Fraga 等 - 2025 - Best- and Worst-Case Scenarios for the Douro Winemaking Region Dynamic Crop Modelling and Ensemble.pdf,SSP1-2.6,C3,~900 Gt CO2,900.0,unit-bound scalar,~,,False
Fordham 等 - 2013 - Population dynamics can be more important than physiological limits for determining range shifts und.pdf,Reference Emission Scenario,C5,6016.054280938453,6016.054280938453,field-only scalar,,,False
Addo-Danso 等 - 2025 - Paddock Tree Arrangement and Pasture Photosynthetic Heat Tolerance in a Temperate Tree-Pasture Grazi.pdf,SSP1-2.6,C1,~400-500 Gt CO₂ from 2020,450.0,unit-bound range midpoint,~,,False
Bienvenido-Huertas 等 - 2021 - Potential of applying adaptive strategies in buildings to reduce the severity of fuel poverty accord.pdf,RCP 2.6,C1 (Very low GHG emissions),~400-500 Gt CO₂ from 2020,450.0,unit-bound range midpoint,~,,False
Zhang 等 - 2014 - The impacts of climate change on water diversion strategies for a water deficit reservoir.pdf,A2,C5,102.7723603383973,102.7723603383973,field-only scalar,,,True
Zhang 等 - 2014 - The impacts of climate change on water diversion strategies for a water deficit reservoir.pdf,B1,C5,652.4725285661066,652.4725285661066,field-only scalar,,,False
Li 等 - 2023 - SPATIOTEMPORAL VARIATIONS AND FUTURE PROJECTIONS OF EXTREME PRECIPITATION EVENTS IN SOUTHWESTERN CHI.pdf,SSP2-4.5,C3,1150,1150.0,field-only scalar,,,False
Sridharan 等 - 2019 - Resilience of the Eastern African electricity sector to climate driven changes in hydropower generat.pdf,Baseline,C7: limit warming to 4°C (>50%),4067.198904304981,4067.198904304981,field-only scalar,,,False
Zhuo 等 - 2016 - Consumptive water footprint and virtual water trade scenarios for China - With a focus on crop produ.pdf,"S1 - Low Population Growth, Less-Meat Diet, High Yield Increases",C1,893.060956844902,893.060956844902,field-only scalar,,,False
Zhuo 等 - 2016 - Consumptive water footprint and virtual water trade scenarios for China - With a focus on crop produ.pdf,Scenario S2: Medium Population Growth with Current Trend Diet and Medium Yield Increases,C3,1447.733517816087,1447.733517816087,field-only scalar,,,False
Satriagasa 等 - 2023 - Assessing the Implication of Climate Change to Forecast Future Flood Using SWAT and HEC-RAS Model un.pdf,RCP8.5,SSP5-8.5,Approx. 11500 GtCO₂ from 2015,,excluded,,no unambiguous carbon-budget value,False
Bastola - 2013 - Hydrologic impacts of future climate change on Southeast US watersheds.pdf,RCP2.6,C1 (Likely below 1.5°C with no or limited overshoot),~500 Gt CO₂,500.0,unit-bound scalar,~,,False
"Willuweit 等 - 2016 - Simulating the effects of climate change, economic and urban planning scenarios on urban runoff patt.pdf",A2,C6,102.7723603383973,102.7723603383973,field-only scalar,,,True
"Willuweit 等 - 2016 - Simulating the effects of climate change, economic and urban planning scenarios on urban runoff patt.pdf",B1,C6,652.4725285661066,652.4725285661066,field-only scalar,,,False
St-Onge 等 - 2025 - Hercules in peril modelling the present distribution and future impacts of climate change on the He.pdf,SSP1-2.6,C3,~900 Gt CO2,900.0,unit-bound scalar,~,,False
St-Onge 等 - 2025 - Hercules in peril modelling the present distribution and future impacts of climate change on the He.pdf,SSP2-4.5,C5,1150-2050 GtCO₂ from 2020,1600.0,unit-bound range midpoint,,,False
Li 等 - 2021 - Contrasting effects of climate and LULC change on blue water resources at varying temporal and spati.pdf,S1: Land use of 1980 and climate conditions from 1980 to 1989,C3: limit warming to 2°C (>67%),893.060956844902,893.060956844902,field-only scalar,,,False
Ortiz-Bobea 等 - 2019 - Unpacking the climatic drivers of US agricultural yields.pdf,RCP2.6,C3 (RCP equivalent),~900 Gt CO2,900.0,unit-bound scalar,~,,False
Sfetsos 等 - 2021 - Assessing the Effects of Forest Fires on Interconnected Critical Infrastructures under Climate Chang.pdf,RCP8.5,C7-C8 (High GHG emissions),Very low probability of limiting warming to 1.5°C or 2°C,,excluded,,no unambiguous carbon-budget value,False
Shakeel 等 - 2025 - Adaptive ensemble weighting for GCMs to enhance future drought characterization under various climat.pdf,SSP1-2.6,C3,942.4855433794125,942.4855433794125,field-only scalar,,,False
Shakeel 等 - 2025 - Adaptive ensemble weighting for GCMs to enhance future drought characterization under various climat.pdf,SSP2-4.5,C3,2744.812344177873,2744.812344177873,field-only scalar,,,False
Yuh 等 - 2024 - Monitoring forest cover and land use change in the Congo Basin under IPCC climate change scenarios.pdf,SSP1-2.6,C3,~900 Gt CO2,900.0,unit-bound scalar,~,,False
Yuh 等 - 2024 - Monitoring forest cover and land use change in the Congo Basin under IPCC climate change scenarios.pdf,SSP2-4.5,C5,2744.812344177873,2744.812344177873,field-only scalar,,,False
Yuh 等 - 2024 - Monitoring forest cover and land use change in the Congo Basin under IPCC climate change scenarios.pdf,SSP5-8.5,C8,Exhausted/High,,excluded,,no unambiguous carbon-budget value,False
Daru和Rock - 2023 - Reorganization of seagrass communities in a changing climate.pdf,RCP 2.6,C3 (RCP equivalent),~500 Gt CO2 from 2020,500.0,unit-bound scalar,~,,False
"Koch 等 - 2018 - Analyzing the relationship between urbanization, food supply and demand, and irrigation requirements.pdf",FS2,C5,659.8473547915862,659.8473547915862,field-only scalar,,,False
Beltran-Pena 等 - 2020 - Global food self-sufficiency in the 21st century under sustainable intensification of agriculture.pdf,"Sustainability RCP2.6, SSP1, Low Pop Variant",C3 (RCP equivalent),~900 Gt CO2,900.0,unit-bound scalar,~,,False
Zhu 等 - 2023 - Predicting impacts of climate change on the biogeographic patterns of representative species richnes.pdf,RCP 2.6,C2,~900 Gt CO2,900.0,unit-bound scalar,~,,False
Pokhrel 等 - 2021 - Global terrestrial water storage and drought severity under climate change.pdf,RCP2.6,C1 (RCP equivalent),~900 Gt CO2,900.0,unit-bound scalar,~,,False
Yeo和Lim - 2022 - Can Forest Restoration Enhance the Water Supply to Respond to Climate Change-The Case of North Kore.pdf,Reforestation Level 3,C7: limit warming to 4°C (>50%),4631.628201551354,4631.628201551354,field-only scalar,,,False
Behera 等 - 2020 - Integrated GIS-based RUSLE approach for quantification of potential soil erosion under future climat.pdf,RCP2.6,C1 (SSP1-2.6 equivalent),~900 Gt CO2,900.0,unit-bound scalar,~,,False
Sun 等 - 2020 - An Ensemble Climate-Hydrology Modeling System for Long-Term Streamflow Assessment in a Cold-Arid Wat.pdf,RCP2.6,C1 (RCP equivalent),~500 Gt CO2,500.0,unit-bound scalar,~,,False
"Zhu 等 - 2025 - Assessment of drought hazard change in China under 2°C, 3°C and 4°C temperature rise scenarios based.pdf",2°C temperature rise scenario,C4,≈1150 Gt CO₂ from 2020 (for a 66 % chance),1150.0,unit-bound scalar,≈,,False
Alimohammadi 等 - 2020 - Mitigating the Impacts of Climate Change on the Performance of Multi-Purpose Reservoirs by Changing.pdf,RCP2.6,C1 (RCP equivalent),~500 Gt CO2,500.0,unit-bound scalar,~,,False
Bangash 等 - 2013 - Ecosystem services in Mediterranean river basin Climate change impact on water provisioning and ero.pdf,A2,C5,102.7723603383973,102.7723603383973,field-only scalar,,,True
Bangash 等 - 2013 - Ecosystem services in Mediterranean river basin Climate change impact on water provisioning and ero.pdf,B1,C4,652.4725285661066,652.4725285661066,field-only scalar,,,False
Khazaei 等 - 2024 - Consideration of climate change impacts on a hydropower scheme in Iran.pdf,RCP2.6,C1 (SSP1-2.6),~1150 Gt CO2 from 2020,1150.0,unit-bound scalar,~,,False
Li 等 - 2022 - PREDICTING POTENTIAL DISTRIBUTION OF STELLERA CHAMAEJASME UNDER GLOBAL CLIMATE CHANGE IN CHIN.pdf,2050_RCP2.6,C1,~550 Gt CO2,550.0,unit-bound scalar,~,,False
Schroeder 等 - 2024 - Combined effects of climate change and agricultural intensification on soil erosion in uphill shifti.pdf,SSP126,C3,~900 Gt CO2,900.0,unit-bound scalar,~,,False
Odom和Ford - 2020 - Assessing the Vulnerability of Military Installations in the Coterminous United States to Potential.pdf,B1,C3,~900 Gt CO2,900.0,unit-bound scalar,~,,False
Odom和Ford - 2020 - Assessing the Vulnerability of Military Installations in the Coterminous United States to Potential.pdf,A2,C8,102.7723603383973,102.7723603383973,field-only scalar,,,True
Emmerling 等 - 2024 - A multi-model assessment of inequality and climate change.pdf,Paris,C1,~650 Gt CO2,650.0,unit-bound scalar,~,,False
Emmerling 等 - 2024 - A multi-model assessment of inequality and climate change.pdf,Paris with EPC,C3,~900 Gt CO2,900.0,unit-bound scalar,~,,False
Hinz 等 - 2020 - Agricultural Development and Land Use Change in India A Scenario Analysis of Trade-Offs Between UN.pdf,REF_HGEM,C8,4631.628201551354,4631.628201551354,field-only scalar,,,False
Hinz 等 - 2020 - Agricultural Development and Land Use Change in India A Scenario Analysis of Trade-Offs Between UN.pdf,REF_NoCC,C7,4631.628201551354,4631.628201551354,field-only scalar,,,False
Hinz 等 - 2020 - Agricultural Development and Land Use Change in India A Scenario Analysis of Trade-Offs Between UN.pdf,MED,C5,447.7135307485477,447.7135307485477,field-only scalar,,,True
Hinz 等 - 2020 - Agricultural Development and Land Use Change in India A Scenario Analysis of Trade-Offs Between UN.pdf,HIGH+RE,C8,685.1820297843902,685.1820297843902,field-only scalar,,,False
Sun 等 - 2024 - Genomic insights into local adaptation and vulnerability of Quercus longinux to climate chang.pdf,RCP2.6,Representative Concentration Pathway,~900 Gt CO2,900.0,unit-bound scalar,~,,False
Bonan 等 - 2025 - Observational constraints imply limited future Atlantic meridional overturning circulation weakening.pdf,SSP1-2.6,C3,~900 Gt CO2,900.0,unit-bound scalar,~,,False
Meinshausen 等 - 2011 - The RCP greenhouse gas concentrations and their extensions from 1765 to 2300.pdf,RCP2.6,C1 (SSP1-2.6 equivalent),~900 Gt CO,3297.6,unit-bound scalar,~,,True
Bhering 等 - 2024 - Groundwater Model for Karst and Pelitic Aquifer Systems from a Semi-Arid Region Under Climate Change.pdf,Scenario 2,C8,Unconstrained high-emissions pathway,,excluded,,no unambiguous carbon-budget value,False
Gonzalez-Trujillo 等 - 2024 - Reshuffling of Azorean Coastal Marine Biodiversity Amid Climate Change.pdf,SSP1-1.9,C3,~900 Gt CO2,900.0,unit-bound scalar,~,,False
Thompson 等 - 2013 - Assessment of uncertainty in river flow projections for the Mekong River using multiple GCMs and hyd.pdf,2 °C increase using seven GCMs,C5: limit warming to 2.5°C (>50%),1793.871566014591,1793.871566014591,field-only scalar,,,False
Sutcu - 2024 - Parameter uncertainties in evaluating climate policies with dynamic integrated climate-economy model.pdf,Limit 2°C Scenario,C4,1793.871566014591,1793.871566014591,field-only scalar,,,False
Hamon 等 - 2021 - Future Socio-political Scenarios for Aquatic Resources in Europe An Operationalized Framework for M.pdf,Global Sustainability,C1,1000 GtCO2 from 2020,1000.0,unit-bound scalar,,,False
Hamon 等 - 2021 - Future Socio-political Scenarios for Aquatic Resources in Europe An Operationalized Framework for M.pdf,Local Stewardship,C3,1200-1400 GtCO₂ from 2020,1300.0,unit-bound range midpoint,,,False
Sun 等 - 2019 - Impacts of future climate and agricultural land-use changes on regional agricultural water use in a.pdf,A2,C5,102.7723603383973,102.7723603383973,field-only scalar,,,True
Sun 等 - 2019 - Impacts of future climate and agricultural land-use changes on regional agricultural water use in a.pdf,B2,C5,835.4639342141137,835.4639342141137,field-only scalar,,,False
Gao 等 - 2024 - A Morphing-Based Future Scenario Generation Method for Stochastic Power System Analysis.pdf,SSP1-2.6,C3,~900 Gt CO2,900.0,unit-bound scalar,~,,False
Gao 等 - 2024 - A Morphing-Based Future Scenario Generation Method for Stochastic Power System Analysis.pdf,SSP2-4.5,C5,2744.812344177873 Gt CO₂,2744.812344177873,unit-bound scalar,,,False
Fotso-Kamga 等 - 2023 - Projected changes in extreme precipitation and temperature events over Central Africa from COSMO-CLM.pdf,RCP8.5,C8,Exceeded,,excluded,,no unambiguous carbon-budget value,False
Nguyen 等 - 2025 - Impacts of climate change and sea-level rise on the coastal geological environment of Quang Nam prov.pdf,RCP 4.5 with controlled flood discharge,C4 (RCP 4.5 ≈ SSP2-4.5),~3000 GtCO₂ from 2015 (67% chance <2.7°C),3000.0,unit-bound scalar,~,,False
"Alsalal 等 - 2024 - Temperature and precipitation changes under CMIP6 projections in the Mujib Basin, Jordan.pdf",SSP2-4.5,C2,2744.812344177873,2744.812344177873,field-only scalar,,,True
O'Sullivan 等 - 2022 - Process-oriented analysis of dominant sources of uncertainty in the land carbon sink.pdf,S3,C3,~900 Gt CO2,900.0,unit-bound scalar,~,,False
"Gondim 等 - 2008 - Climate change and impacts on water requirement of permanent crops in the Jaguaribe Basin, Ceara, Br.pdf",A2,C5,102.7723603383973,102.7723603383973,field-only scalar,,,True
"Gondim 等 - 2008 - Climate change and impacts on water requirement of permanent crops in the Jaguaribe Basin, Ceara, Br.pdf",B2,C5,835.4639342141137,835.4639342141137,field-only scalar,,,False
Ayugi 等 - 2021 - Future Changes in Precipitation Extremes over East Africa Based on CMIP6 Models.pdf,SSP2-4.5,C3,2744.812344177873,2744.812344177873,field-only scalar,,,False
Sperlich 等 - 2024 - Aiming at a moving target economic evaluation of adaptation strategies under the uncertainty of cli.pdf,RCP2.6,C3 (Approximate RCP2.6 equivalent),~1000 Gt CO2 from 2011 (for 66% chance <2°C),1000.0,unit-bound scalar,~,,False
Ward和Mahowald - 2015 - Local sources of global climate forcing from different categories of land use activities.pdf,RCP2.6,C1 (Below 1.5°C),~400-500 Gt CO2,450.0,unit-bound range midpoint,~,,False
"Kuprin 等 - 2024 - Modelling Distribution of an Endangered Longhorn Beetle, Callipogon relictus (Coleoptera Cer.pdf",RCP2.6,C3 (RCP equivalent),~900 Gt CO2,900.0,unit-bound scalar,~,,False
Splawinski 等 - 2019 - Analyzing risk of regeneration failure in the managed boreal forest of northwestern Quebec.pdf,Baseline scenario representing the current fire cycle (1972-2009),C7,4067.198904304981,4067.198904304981,field-only scalar,,,False
Splawinski 等 - 2019 - Analyzing risk of regeneration failure in the managed boreal forest of northwestern Quebec.pdf,Projected scenario (RCP 8.5),SSP5-8.5,~1150-1400 GtCO₂ from 2020,1275.0,unit-bound range midpoint,~,,False
Bu 等 - 2025 - Hydrological response and soil water soluble antimony and arsenic transport under climate change usi.pdf,SSP126,C1,~500 Gt CO₂,500.0,unit-bound scalar,~,,False
Bu 等 - 2025 - Hydrological response and soil water soluble antimony and arsenic transport under climate change usi.pdf,SSP245,C5,2744.812344177873,2744.812344177873,field-only scalar,,,False
Fuessel - 2010 - Modeling impacts and adaptation in global IAMs.pdf,AD-DICE,C1,~500 Gt CO2,500.0,unit-bound scalar,~,,False
Zhang 等 - 2008 - Impacts of regional climate change on biogenic emissions and air quality.pdf,JJA2051 baseline,C5,4067.198904304981,4067.198904304981,field-only scalar,,,False
Wu 等 - 2017 - Predicting the shift of threatened ungulates' habitats with climate change in Altun Mountain Nationa.pdf,RCP2.6,N/A (RCP2.6 is a CMIP5/AR5 scenario and not directly mappable to AR6 SSP categories),~1000 Gt CO₂ from 2020,1000.0,unit-bound scalar,~,,False
Yin 等 - 2025 - Predicting the habitat suitability of Ilex verticillata (Aquifoliaceae) in China with field-t.pdf,SSP1-2.6,C1,~500 GtCO₂,500.0,unit-bound scalar,~,,False
Yin 等 - 2025 - Predicting the habitat suitability of Ilex verticillata (Aquifoliaceae) in China with field-t.pdf,SSP2-4.5,C5,2744.812344177873 GtCO2,2744.812344177873,unit-bound scalar,,,False
Yu和Jung - 2022 - Flood Risk Assessment to Enable Improved Decision-Making for Climate Change Adaptation Strategies by.pdf,RCP8.5,C8 (SSP5-8.5),Large remaining budget (SSP5-8.5),,excluded,,no unambiguous carbon-budget value,False
Roelfsema 等 - 2022 - Developing scenarios in the context of the Paris Agreement and application in the integrated assessm.pdf,2°C scenario,C3,1000 GtCO2,1000.0,unit-bound scalar,,,False
Roelfsema 等 - 2022 - Developing scenarios in the context of the Paris Agreement and application in the integrated assessm.pdf,1.5°C scenario,C1,400 GtCO2,400.0,unit-bound scalar,,,False
Watene 等 - 2021 - Spatial-Temporal Variability of Future Rainfall Erosivity and Its Impact on Soil Loss Risk in Kenya.pdf,RCP2.6,C3 (RCP equivalent),~900 Gt CO2,900.0,unit-bound scalar,~,,False
Abbasnia 等 - 2016 - Assessment of future changes in the maximum temperature at selected stations in Iran based on HADCM3.pdf,A2,C5,102.7723603383973,102.7723603383973,field-only scalar,,,True
Abbasnia 等 - 2016 - Assessment of future changes in the maximum temperature at selected stations in Iran based on HADCM3.pdf,B1,C4,652.4725285661066,652.4725285661066,field-only scalar,,,False
Fernandes 等 - 2024 - Challenges to Viticulture in Montenegro under Climate Change.pdf,SSP1-2.6,C1,~400-500 Gt CO₂ from 2020 (IPCC AR6 WGIII SPM),450.0,unit-bound range midpoint,~,,False
"Abubaira 等 - 2023 - Future Implications of Climate Change on Arum palaestinum Boiss Drought Tolerance, Growth and Produ.pdf",SSP2-4.5,C3,2744.812344177873,2744.812344177873,field-only scalar,,,False
Batool和Taqui - 2024 - Evaluating climate change for the early 21st century in the Potwar Region of Pakistan using CMIP6 si.pdf,SSP2-4.5,C3,~500 GtCO₂ from 2020,500.0,unit-bound scalar,~,,False
"Boberg 等 - 2018 - 21st-century climate change around Kangerlussuaq, west Greenland From the ice sheet to the shores o.pdf",RCP8.5,High GHG emissions (SSP5-8.5),No carbon budget limit in 21st century,,excluded,,no unambiguous carbon-budget value,False
Minarik 等 - 2025 - From Optimism to Risk The Impact of Climate Change on Temperature Sums in Central Europe.pdf,+1.5°C,C3,~900 Gt CO2,900.0,unit-bound scalar,~,,False
Fan 等 - 2017 - Environmental and economic risks assessment under climate changes for three land uses scenarios anal.pdf,Baseline,C7: limit warming to 4°C (>50%),4067.198904304981,4067.198904304981,field-only scalar,,,False
Suh 等 - 2016 - Projections of high resolution climate changes for South Korea using multiple-regional climate model.pdf,RCP2.6,C3 (RCP equivalent),~900 Gt CO2,900.0,unit-bound scalar,~,,False
Wunderlin 等 - 2024 - Side Effects of Sulfur-Based Geoengineering Due To Absorptivity of Sulfate Aerosols.pdf,G6,C5,258.025628347716,258.025628347716,field-only scalar,,,True
Rovithakis 等 - 2025 - Estimating future wildfire burnt area over Greece using the JULES-INFERNO model.pdf,SSP126,C1,942.4855433794125,942.4855433794125,field-only scalar,,,False
Moallemi 等 - 2022 - Diversifying models for analysing global change scenarios and sustainability pathways.pdf,SSP1-2.6,C1,1150 GtCO2 from 2020 (median),1150.0,unit-bound scalar,,,False
Moallemi 等 - 2022 - Diversifying models for analysing global change scenarios and sustainability pathways.pdf,SSP2-4.5,C3,2744.81 GtCO₂ from 2020,2744.81,unit-bound scalar,,,False
Zango 等 - 2022 - Impacts of urbanization and climate change on water quantity and quality in the Carp River watershed.pdf,S0M45,C4,~1000-1150 Gt CO₂ from 2020,1075.0,unit-bound range midpoint,~,,False
Zango 等 - 2022 - Impacts of urbanization and climate change on water quantity and quality in the Carp River watershed.pdf,S1M85,C8,>1400 GtCO2 from 2020,1400.0,unit-bound scalar,>,,False
Maldonado和Moglen - 2013 - Low-Flow Variations in Source Water Supply for the Occoquan Reservoir System Based on a 100-Year Cli.pdf,S1,C3: limit warming to 2°C (>67%),893.060956844902,893.060956844902,field-only scalar,,,False
Maldonado和Moglen - 2013 - Low-Flow Variations in Source Water Supply for the Occoquan Reservoir System Based on a 100-Year Cli.pdf,S2,C4: limit warming to 2°C (>50%),1447.733517816087,1447.733517816087,field-only scalar,,,False
Fischer 等 - 2012 - Climate change projections for Switzerland based on a Bayesian multi-model approach.pdf,A2,C5,102.7723603383973,102.7723603383973,field-only scalar,,,True
Oggioni 等 - 2026 - Simulating silver fir provenance responses to climate change A forest modelling approach in the Nor.pdf,RCP 2.6,C3 (RCP equivalent),~900 Gt CO2,900.0,unit-bound scalar,~,,False
"Robinson 等 - 2015 - Disease Risk in a Dynamic Environment The Spread of Tick-Borne Pathogens in Minnesota, USA.pdf",CClow,C3,~900 Gt CO2,900.0,unit-bound scalar,~,,False
Wei 等 - 2018 - An integrated assessment of INDCs under Shared Socioeconomic Pathways an implementation of C3.pdf,SSP1,C7,942.4855433794125,942.4855433794125,field-only scalar,,,False
Wei 等 - 2018 - An integrated assessment of INDCs under Shared Socioeconomic Pathways an implementation of C3.pdf,SSP2,C6,325.2897925777136,325.2897925777136,field-only scalar,,,True
Wei 等 - 2018 - An integrated assessment of INDCs under Shared Socioeconomic Pathways an implementation of C3.pdf,SSP3,C6,5565.348400074735,5565.348400074735,field-only scalar,,,False
Wang 等 - 2022 - Critical mineral constraints in global renewable scenarios under 1.5 °C target.pdf,SSP1-1.9,C1,~500 Gt CO2,500.0,unit-bound scalar,~,,False
Wiley 等 - 2010 - A multi-modeling approach to evaluating climate and land use change impacts in a Great Lakes River B.pdf,BAU,C7: limit warming to 4°C (>50%),4421.106912693341,4421.106912693341,field-only scalar,,,False
Mander 等 - 2025 - Human-Impacted Natural Ecosystems Drive Climate Warming.pdf,SSP5-8.5 - Low-Ambition - N,C8,Exceeded for 1.5°C/2°C limits,,excluded,,no unambiguous carbon-budget value,False
van Vuuren 等 - 2011 - RCP2.6 exploring the possibility to keep global mean temperature increase below 2°C.pdf,RCP2.6,C3 (RCP equivalent),~500-600 Gt CO₂ (2020-2100),550.0,unit-bound range midpoint,~,,False
England 等 - 2009 - Constraining future greenhouse gas emissions by a cumulative target.pdf,Scenario 4,C4,170 PgC post-2000,622.88,unit-bound scalar,,,False
Kwon 等 - 2024 - Adapting to Climate Change Reducing Nonpoint Source Pollution in Agriculture A Case Study in Gyese.pdf,SSP2-4.5,C3,2744.812344177873,2744.812344177873,field-only scalar,,,False
Wang 等 - 2025 - Predicted suitable habitat distribution of major Larix species in the Northern Hemisphere und.pdf,SSP126 - Moderate Climate Change Pathway,C4,942.4855433794125,942.4855433794125,field-only scalar,,,False
"Moghadam 等 - 2023 - Investigating the performance of data mining, lumped, and distributed models in runoff projected und.pdf",RCP2.6,RCP2.6,~900 Gt CO2,900.0,unit-bound scalar,~,,False
Zhan 等 - 2024 - Response of Streamflow to Future Land Use and Cover Change and Climate Change in the Source Region o.pdf,S1_SSP1–2.6,C1,~500 Gt CO₂ from 2020,500.0,unit-bound scalar,~,,False
Zhan 等 - 2024 - Response of Streamflow to Future Land Use and Cover Change and Climate Change in the Source Region o.pdf,S1_SSP2–4.5,C3,1150 GtCO₂,1150.0,unit-bound scalar,,,False
Fredriksen 等 - 2020 - How Does El Nino-Southern Oscillation Change Under Global Warming-A First Look at CMIP6.pdf,SSP1-26,C1,~500 Gt CO2 from 2020,500.0,unit-bound scalar,~,,False
Fredriksen 等 - 2020 - How Does El Nino-Southern Oscillation Change Under Global Warming-A First Look at CMIP6.pdf,SSP2-45,C5,2750 GtCO₂,2750.0,unit-bound scalar,,,False
Lemesios 等 - 2024 - Effects of Climate Change on the Future Attractiveness of Tourist Destinations in Greece.pdf,RCP2.6,C1,~500 Gt CO2 from 2020,500.0,unit-bound scalar,~,,False
Strom 等 - 2011 - Hydrologic effects on riparian vegetation in a boreal river an experiment testing climate change pr.pdf,A2,C5,102.7723603383973,102.7723603383973,field-only scalar,,,True
Yu 等 - 2025 - Modeling Climate Refugia for Chengiodendron marginatum Insights for Future Conservation Plan.pdf,SSP126,C1,500.0,500.0,field-only scalar,,,False
Vazquez-Patino 等 - 2020 - A causal flow approach for the evaluation of global climate models.pdf,RCP2.6,C3 (~1.8°C),~900 Gt CO2,900.0,unit-bound scalar,~,,False
Feng 等 - 2024 - Long-term changes of wind resources and its impact on wind power development under climate change in.pdf,CMIP6 SSP126 trend,C1,~500 Gt CO2 (from 2020 for 1.5°C with 50% probability),500.0,unit-bound scalar,~,,False
Feng 等 - 2024 - Long-term changes of wind resources and its impact on wind power development under climate change in.pdf,CMIP6 SSP245 trend,Intermediate,2744.812344177873,2744.812344177873,field-only scalar,,,False
Ayala 等 - 2020 - Simulations of future changes in thermal structure of Lake Erken proof of concept for ISIMIP2b lake.pdf,RCP2.6,C1 (RCP equivalent),~900 Gt CO2,900.0,unit-bound scalar,~,,False
Annan和Hargreaves - 2011 - On the generation and interpretation of probabilistic estimates of climate sensitivity.pdf,2×CO2 scenario,C5: limit warming to 2.5°C (>50%),1793.871566014591,1793.871566014591,field-only scalar,,,False
Wynants 等 - 2024 - How to Achieve a 50% Reduction in Nutrient Losses From Agricultural Catchments Under Different Clima.pdf,RCP2.6,C1 (Low GHG emissions),~500 Gt CO2 from 2020 for 1.5°C with 50% probability,500.0,unit-bound scalar,~,,False
Svancara 等 - 2019 - Modeling Current and Future Potential Distributions of Milkweeds and the Monarch Butterfly in Idaho.pdf,RCP4.5,C4 (RCP equivalent),"~1,000–1,200 Gt CO₂ from 2020",1100.0,unit-bound range midpoint,~,,False
Baumbach 等 - 2023 - Co-occurrence of climate-change induced and anthropogenic pressures in Central American key biodiver.pdf,SSP1-2.6,C1,~500 Gt CO2,500.0,unit-bound scalar,~,,False
Wang 等 - 2022 - Different Radial Growth Responses to Climate Change of Three Dominant Conifer Species in Temperate F.pdf,RCP2.6,C1 (Likely below 2°C),~500 Gt CO2,500.0,unit-bound scalar,~,,False
Strassmann 等 - 2008 - Simulating effects of land use changes on carbon fluxes past contributions to atmospheric CO2.pdf,A2,C7,102.7723603383973,102.7723603383973,field-only scalar,,,True
Strassmann 等 - 2008 - Simulating effects of land use changes on carbon fluxes past contributions to atmospheric CO2.pdf,B1,C6,652.4725285661066,652.4725285661066,field-only scalar,,,False
Strassmann 等 - 2008 - Simulating effects of land use changes on carbon fluxes past contributions to atmospheric CO2.pdf,B2,C7,835.4639342141137,835.4639342141137,field-only scalar,,,False
Zhao 等 - 2023 - Warming may offset impact of precipitation changes on riverine nitrogen loading.pdf,SSP126,C1,400-500 Gt CO2 from 2020,450.0,unit-bound range midpoint,,,False
Zhao 等 - 2023 - Warming may offset impact of precipitation changes on riverine nitrogen loading.pdf,SSP245,Intermediate,2744.812344177873,2744.812344177873,field-only scalar,,,False
Lee. Jaeho 等 - 2024 - Climate Change Impacts on the Potential Distribution of Camellia japonica in South Korea under SSP S.pdf,SSP1-2.6,C3,~900 Gt CO2,900.0,unit-bound scalar,~,,False
Lee. Jaeho 等 - 2024 - Climate Change Impacts on the Potential Distribution of Camellia japonica in South Korea under SSP S.pdf,SSP2-4.5,C3,2744.812344177873,2744.812344177873,field-only scalar,,,False
Ashiq 等 - 2010 - GIS-based high-resolution spatial interpolation of precipitation in mountain-plain areas of Upper Pa.pdf,B2,C5,835.4639342141137,835.4639342141137,field-only scalar,,,False
Melnikova 等 - 2022 - Impact of bioenergy crop expansion on climate-carbon cycle feedbacks in overshoot scenarios.pdf,SSP5-3.4-OS,C3,1150 GtCO₂ from 2020,1150.0,unit-bound scalar,,,False
"Morel 等 - 2021 - Quantification of the Impact of Temperature, CO2, and Rainfall Changes on Swedish Annual.pdf",RCP8.5,C8 (RCP equivalent),1150-1400 GtCO₂ (from 2020),1275.0,unit-bound range midpoint,,,False
Habeeb和Bastidas-Arteaga - 2023 - Assessment of the impact of climate change and flooding on bridges and surrounding area.pdf,RCPs 2.6,C3,~900 Gt CO2,900.0,unit-bound scalar,~,,False
Habeeb和Bastidas-Arteaga - 2023 - Assessment of the impact of climate change and flooding on bridges and surrounding area.pdf,RCP 4.5,C4,1000-1500 GtCO₂ from 2020,1250.0,unit-bound range midpoint,,,False
Gelan和Atkinson - 2022 - Climate change and food security Assessing the prospect for Kuwait using an economy-wide model.pdf,SSP1: Sustainability – taking the green road (low challenges to mitigation and adaptation),C3,942.4855433794125,942.4855433794125,field-only scalar,,,False
Gelan和Atkinson - 2022 - Climate change and food security Assessing the prospect for Kuwait using an economy-wide model.pdf,SSP5-8.5,C8,325.3951167461587,325.3951167461587,field-only scalar,,,True
Kendon 等 - 2014 - Heavier summer downpours with climate change revealed by weather forecast resolution model.pdf,RCP8.5,High (SSP5-8.5),Not specified,,excluded,,no unambiguous carbon-budget value,False
Smith 等 - 2005 - Future sulfur dioxide emissions.pdf,A1C,C1,~500 Gt CO2,500.0,unit-bound scalar,~,,False
Smith 等 - 2005 - Future sulfur dioxide emissions.pdf,B1,C4,652.4725285661066,652.4725285661066,field-only scalar,,,False
"Baer 等 - 2023 - All scenarios are wrong, but some are useful-Toward a framework for assessing and using current cl.pdf",NGFS 1.5°C Scenario,C1,~500 Gt CO2,500.0,unit-bound scalar,~,,False
Mishra 等 - 2020 - Bias-corrected climate projections for South Asia from Coupled Model Intercomparison Project-6.pdf,SSP126,C1,~500 Gt CO2,500.0,unit-bound scalar,~,,False
Mishra 等 - 2020 - Bias-corrected climate projections for South Asia from Coupled Model Intercomparison Project-6.pdf,SSP245,C3,2744.812344177873,2744.812344177873,field-only scalar,,,False
Charlton 等 - 2018 - Mapping eutrophication risk from climate change Future phosphorus concentrations in English rivers.pdf,Future Flows Hydrology (FFH) scenarios,C7: limit warming to 4°C (>50%),4631.628201551354,4631.628201551354,field-only scalar,,,False
Mchugh 等 - 2023 - Using Large Ensembles to Examine Historical and Projected Changes in Record-Breaking Summertime Temp.pdf,SSP2-4.5,C2,1150-1350 GtCO2,1250.0,unit-bound range midpoint,,,False
Chen 等 - 2020 - Increased population exposure to precipitation extremes under future warmer climates.pdf,1.5°C warmer climate,C3,~500 Gt CO2,500.0,unit-bound scalar,~,,False
Wijekoon 等 - 2024 - Climate-driven water stress and hydrological drought vulnerability in the dry zone basins in Sri Lan.pdf,SSP1-2.6,C3,~900 Gt CO2,900.0,unit-bound scalar,~,,False
Li 等 - 2024 - Distribution patterns and potential suitable habitat prediction of Ceracris kiangsu (Orthopte.pdf,SSP1-26,C1,300-900 GtCO2 (range),600.0,unit-bound range midpoint,,,False
Byers 等 - 2025 - Fast climate impact emulation for global temperature scenarios with the rapid impact model emulator.pdf,Shifting Pathways scenario,C1,~500 Gt CO2,500.0,unit-bound scalar,~,,False
Stone 等 - 2019 - Experiment design of the International CLIVAR C20C+ Detection and Attribution project.pdf,All-Hist/est1,C3,~900 Gt CO2,900.0,unit-bound scalar,~,,False
Gebreegziabher 等 - 2020 - Crop-Livestock Inter-linkages and Climate Change Implications for Ethiopia's Agriculture A Ricardia.pdf,+2.5°C temperature increase,C5,2619.964986816399,2619.964986816399,field-only scalar,,,False
Liu 等 - 2023 - Investigating Whether the Ensemble Average of Multi-Global-Climate-Models Can Necessarily Better Pro.pdf,SSP126,C3,~900 Gt CO2,900.0,unit-bound scalar,~,,False
Liu 等 - 2023 - Investigating Whether the Ensemble Average of Multi-Global-Climate-Models Can Necessarily Better Pro.pdf,SSP245,C5,2744.812344177873,2744.812344177873,field-only scalar,,,False
Wenz 等 - 2017 - North-south polarization of European electricity consumption under future warming.pdf,RCP-2.6,C3 (RCP equivalent),~900 Gt CO2,900.0,unit-bound scalar,~,,False
Mahapatra和Jha - 2025 - Climate Change Impacts on Long-Term Streamflow Sustainability in a Regulated River of Eastern India.pdf,SSP2-4.5 (Near Future),C5,2744.812344177873,2744.812344177873,field-only scalar,,,False
Korn - 2025 - A framework for optimal portfolios with sustainable assets and climate scenarios.pdf,Scenario SC1: K(6)>1.5°C,C4,271.9704635822378,271.9704635822378,field-only scalar,,,False
Carrera 等 - 2007 - Scenarios of future climate and land-management effects on carbon stocks in northern Patagonian shru.pdf,A2,C5,102.7723603383973,102.7723603383973,field-only scalar,,,True
Carrera 等 - 2007 - Scenarios of future climate and land-management effects on carbon stocks in northern Patagonian shru.pdf,B2,C5,835.4639342141137,835.4639342141137,field-only scalar,,,False
Zampieri 等 - 2021 - Rise and fall of vegetation annual primary production resilience to climate variability projected by.pdf,ssp126,C1,~400 Gt CO2 from 2020,400.0,unit-bound scalar,~,,False
Wu 等 - 2012 - Hydrological effects of the increased CO2 and climate change in the Upper Mississippi Riv.pdf,A2,C5,102.7723603383973,102.7723603383973,field-only scalar,,,True
Wu 等 - 2012 - Hydrological effects of the increased CO2 and climate change in the Upper Mississippi Riv.pdf,B1,C4,652.4725285661066,652.4725285661066,field-only scalar,,,False
Thor 等 - 2023 - An inconsistency in aviation emissions between CMIP5 and CMIP6 and the implications for short-lived.pdf,SSP2-4.5,C5,2744.812344177873,2744.812344177873,field-only scalar,,,False
"Strefler 等 - 2024 - Technology availability, sector policies and behavioral change are complementary strategies for achi.pdf",S1,C5,893.060956844902,893.060956844902,field-only scalar,,,False
"Strefler 等 - 2024 - Technology availability, sector policies and behavioral change are complementary strategies for achi.pdf",S2,C5,1447.733517816087,1447.733517816087,field-only scalar,,,False
Wen 等 - 2018 - Future changes in Yuan River ecohydrology Individual and cumulative impacts of climates change and.pdf,RCP2.6,RCP2.6,~900 Gt CO2,900.0,unit-bound scalar,~,,False
Boonman 等 - 2025 - High tree diversity exposed to unprecedented macroclimatic conditions even under minimal anthropogen.pdf,SSP1 RCP2.6,C1,~500 Gt CO2,500.0,unit-bound scalar,~,,False
Geraldi 等 - 2020 - A framework for experimental scenarios of global change in marine systems using coral reefs as a cas.pdf,RCP2.6,C1 (low emissions),~900 Gt CO2,900.0,unit-bound scalar,~,,False
Zeng 等 - 2020 - The total suitability of water yield and carbon sequestration under multi-scenario simulations in th.pdf,Scenario 1: RCP2.6 with carbon tax and no birth control,C3 (RCP equivalent),~900 Gt CO2,900.0,unit-bound scalar,~,,False
Weber 等 - 2020 - Analysis of Compound Climate Extremes and Exposed Population in Africa Under Two Different Emission.pdf,RCP2.6/SSP1,C1 (very low GHG emissions),~400-500 Gt CO2,450.0,unit-bound range midpoint,~,,False
Pittalis 等 - 2025 - Climate action and energy access in Sub-Saharan Africa insights from Covenant of Mayors signatories.pdf,Baseline Emissions Inventory (BEI),C7: limit warming to 4°C (>50%),4067.198904304981,4067.198904304981,field-only scalar,,,False
Voelz 等 - 2024 - Learning About Sea Level Rise Uncertainty Improves Coastal Adaptation Decisions.pdf,SSP1-2.6,C3,942.4855433794125,942.4855433794125,field-only scalar,,,False
Abrishamchi 等 - 2012 - Climate Change and Hydropower in Irans Karkheh River Basin.pdf,A2,C6,102.7723603383973,102.7723603383973,field-only scalar,,,True
Abrishamchi 等 - 2012 - Climate Change and Hydropower in Irans Karkheh River Basin.pdf,B1,C4,652.4725285661066,652.4725285661066,field-only scalar,,,False
Stocker 等 - 2013 - Multiple greenhouse-gas feedbacks from the land biosphere under future climate change scenarios.pdf,RCP2.6,C3 (RCP equivalent),~900 Gt CO2,900.0,unit-bound scalar,~,,False
Armain 等 - 2021 - Climate change impact under CanESM2 on future rainfall in the state of Kelantan using Artificial Neu.pdf,RCP 2.6,C1 (Below 1.5°C with no or limited overshoot),~900 Gt CO2,900.0,unit-bound scalar,~,,False
Bienvenido-Huertas 等 - 2022 - Using adaptive strategies of natural ventilation with tolerances applied to the upper limit to impro.pdf,A2,C2: return warming to 1.5°C (>50%) after a high overshoot,102.7723603383973,102.7723603383973,field-only scalar,,,False
"Gamal 等 - 2024 - Assessing Future Precipitation Patterns, Extremes and Variability in Major Nile Basin Cities An Ens.pdf",RCP2.6,Approx. C1-C2 (RCP2.6),~600 Gt CO2 from 2011-2100,600.0,unit-bound scalar,~,,False
"Wolf 等 - 2015 - Combined analysis of climate, technological and price changes on future arable farming systems in Eu.pdf",B1 (baseline),C7,4067.198904304981,4067.198904304981,field-only scalar,,,False
Sandstad 等 - 2025 - METEORv1.0.1 a novel framework for emulating multi-timescale regional climate responses.pdf,SSP2-4.5,C3,2744.812344177873,2744.812344177873,field-only scalar,,,False
Hakala 等 - 2020 - Risks and opportunities for a Swiss hydroelectricity company in a changing climate.pdf,RCP8.5,C8 (RCP equivalent),Approx. 7000 GtCO2 from 2015-2100 (SSP5-8.5),7000.0,unit-bound scalar,,,False
Yao 等 - 2017 - Climate projections of spatial variations in coastal storm surges along the Gulf of Mexico and US ea.pdf,Pre-Industrial (PI),C1,~500 Gt CO2,500.0,unit-bound scalar,~,,False
Minev-Benzecry和Daru - 2024 - Climate change alters the future of natural floristic regions of deep evolutionary origins.pdf,SSP126,C1,~400-500 Gt CO2 from 2020,450.0,unit-bound range midpoint,~,,False
Ford 等 - 2019 - A multi-scale urban integrated assessment framework for climate change studies A flooding applicati.pdf,Baseline,C7: limit warming to 4°C (>50%),4067.198904304981,4067.198904304981,field-only scalar,,,False
Peleg 等 - 2020 - Downscaling climate projections over large and data sparse regions Methodological application in th.pdf,RCP4.5,C5 (RCP equivalent),~3000 GtCO₂ from 1850-2100,3000.0,unit-bound scalar,~,,False
"Asselin 等 - 2024 - Blue in green forestation turns blue water green, mitigating heat at the expense of water availabil.pdf",SSP1-2.6 with forestation,C3,942.4855433794125,942.4855433794125,field-only scalar,,,False
Xu 等 - 2024 - Study on the Annual Runoff Change and Its Relationship with Fractional Vegetation Cover and Climate.pdf,SSP245,C3,2744.812344177873,2744.812344177873,field-only scalar,,,False
Xu 等 - 2024 - Study on the Annual Runoff Change and Its Relationship with Fractional Vegetation Cover and Climate.pdf,SSP585,C8,>1150 GtCO₂ from 2020,1150.0,unit-bound scalar,>,,False
"Huang 等 - 2025 - Solving the robustness puzzle The joint impact of optimization approach, robustness metrics, and sc.pdf",RCP2.6,C3 (RCP equivalent),~400 Gt CO2,400.0,unit-bound scalar,~,,False
"Huang 等 - 2025 - Solving the robustness puzzle The joint impact of optimization approach, robustness metrics, and sc.pdf",RCP4.5,C3,Not specified in paper,,excluded,,no unambiguous carbon-budget value,False
Serur和Sarma - 2018 - Current and projected water demand and water availability estimates under climate change scenarios i.pdf,RCP2.6,C3 (RCP equivalent),~900 Gt CO2,900.0,unit-bound scalar,~,,False
Saran和Sandeep - 2025 - Increasing uncertainty in large flood and drought projections over central India.pdf,SSP126,C1,300-500 GtCO₂ from 2020,400.0,unit-bound range midpoint,,,False
Sun 等 - 2025 - Distribution Range and Richness of Plant Species Are Predicted to Increase by 2100 due to a Warmer a.pdf,SSP1-2.6,C3,~900 Gt CO2,900.0,unit-bound scalar,~,,False
Sun 等 - 2025 - Distribution Range and Richness of Plant Species Are Predicted to Increase by 2100 due to a Warmer a.pdf,SSP2-4.5,C3,1050 GtCO₂,1050.0,unit-bound scalar,,,False
Fagundes 等 - 2020 - Downscaling global ocean climate models improves estimates of exposure regimes in coastal environmen.pdf,RCP 2.6,C1 (RCP equivalent),~420 Gt CO2,420.0,unit-bound scalar,~,,False
Fagundes 等 - 2020 - Downscaling global ocean climate models improves estimates of exposure regimes in coastal environmen.pdf,RCP 8.5,C8,Not applicable,,excluded,,no unambiguous carbon-budget value,False
Gai 等 - 2025 - Catchments Amplify Reservoir Thermal Response to Climate Warming.pdf,RCP2.6,C1,~900 Gt CO2,900.0,unit-bound scalar,~,,False
Zhang 等 - 2023 - Soil Organic Carbon Dynamics and Influencing Factors in the Zoige Alpine Wetland from the 1980s to 2.pdf,1.5°C warming,C4,272,272.0,field-only scalar,,,False
Zhang 等 - 2023 - Soil Organic Carbon Dynamics and Influencing Factors in the Zoige Alpine Wetland from the 1980s to 2.pdf,2°C warming,C5,1793.871566014591,1793.871566014591,field-only scalar,,,False
Bal 等 - 2025 - Changing climate and its impacts on the dynamics of future malaria transmission over certain endemic.pdf,SSP5-8.5,C8,Not applicable (no net zero target),,excluded,,no unambiguous carbon-budget value,False
Brown和Mote - 2009 - The Response of Northern Hemisphere Snow Cover to a Changing Climate.pdf,A2: High population growth and regionally fragmented economic development leading to heavy reliance on fossil fuels.,C5,102.7723603383973,102.7723603383973,field-only scalar,,,True
Gustafson 等 - 2021 - Nitrogen restricts future sub-arctic treeline advance in an individual-based dynamic vegetation mode.pdf,RCP2.6,C1 (Low GHG emissions),~900 Gt CO2,900.0,unit-bound scalar,~,,False
Wojtowicz和Wojtowicz - 2020 - The Effect of Climate Change on Linolenic Fatty Acid in Oilseed Rape.pdf,RCP2.6,C3 (RCP equivalent),~900 Gt CO2,900.0,unit-bound scalar,~,,False
Bosson 等 - 2023 - Future emergence of new ecosystems caused by glacial retreat.pdf,SSP1-1.9,C1,~500 Gt CO2,500.0,unit-bound scalar,~,,False
Awasthi 等 - 2023 - Implications of climate change on surface temperature in North Indian states evidence from CMIP6 mo.pdf,1.5°C Scenario,C4,271.9704635822378,271.9704635822378,field-only scalar,,,False
Naskar 等 - 2023 - CMIP6 projections of spatiotemporal changes in rainfall and droughts over India.pdf,SSP2-4.5,C5,2700 GtCO2,2700.0,unit-bound scalar,,,False
Hadi 等 - 2024 - Analysis of Climate Change Scenarios Using the LARS-WG 8 Model Based on Precipitation and Temperatur.pdf,SSP-245,C3,1200 GtCO₂,1200.0,unit-bound scalar,,,False
Stadtbaeumer 等 - 2022 - Climate change scenarios in Zambia modeling farmers' adaptation.pdf,Baseline scenario,C7: limit warming to 4°C (>50%),4067.198904304981,4067.198904304981,field-only scalar,,,False
Marrah 等 - 2023 - Numerical simulation of ground thermal response in Canadian seasonal frost regions to climate warmin.pdf,RCP2.6,C3 (RCP equivalent),~900 Gt CO2,900.0,unit-bound scalar,~,,False
Merino-Benitez 等 - 2024 - Navigating climate change complexity and deep uncertainty approach for building socio-ecological re.pdf,RCP4.5,C4 (approximate equivalent to RCP4.5),N/A (not calculated for RCP scenarios),,excluded,,explicitly missing/unspecified,False
Johnson 等 - 2010 - Climatic warming disrupts recurrent Alpine insect outbreaks.pdf,Temperature increase of +2°C,C5,1793.871566014591,1793.871566014591,field-only scalar,,,False
Lekarkar 等 - 2024 - Localizing agricultural impacts of 21st century climate pathways in data scarce catchment.pdf,RCP4.5,C2 - Below 2°C,1200 [900-1400] GtCO₂ from 2020,,excluded,,no unambiguous carbon-budget value,False
Streletskiy 等 - 2023 - The costs of Arctic infrastructure damages due to permafrost degradation.pdf,SSP245,C5,2744.812344177873,2744.812344177873,field-only scalar,,,False
Streletskiy 等 - 2023 - The costs of Arctic infrastructure damages due to permafrost degradation.pdf,SSP585,C8,SSP5-8.5 budget (low ~ 2000 Gt CO₂),2000.0,unit-bound scalar,~,,False
"Huttunen 等 - 2021 - Agricultural nutrient loading under alternative climate, societal and manure recycling scenarios.pdf","SSP1, Had-R, RCP2.6",C1 (RCP equivalent),~900 Gt CO2,900.0,unit-bound scalar,~,,False
Metehan 等 - 2025 - Adapting to Climate Change Assessing Future Residential Energy Demands for Different Climate and Oc.pdf,RCP2.6,C3 (Below 2°C),N/A (not explicitly provided in paper),,excluded,,explicitly missing/unspecified,False
Baisero 等 - 2020 - Projected Global Loss of Mammal Habitat Due to Land-Use and Climate Change.pdf,SSP1-RCP2.6,C1 (RCP equivalent),~300-500 Gt CO2,400.0,unit-bound range midpoint,~,,False
Lin 等 - 2025 - Age inequality in temperature-related fall mortality among old people in China in a warming climate.pdf,SSP1-2.6,C1,~450 Gt CO2,450.0,unit-bound scalar,~,,False
Fordham 等 - 2012 - Strengthening forecasts of climate change impacts with multi-model ensemble averaged projections usi.pdf,MiniCAM Ref.,C5,4631.628201551354,4631.628201551354,field-only scalar,,,False
Chen 等 - 2017 - An assessment of climate change impacts on maize yields in Hebei Province of China.pdf,RCP2.6,C3 (RCP equivalent),~900 Gt CO2,900.0,unit-bound scalar,~,,False
van Vuuren 等 - 2017 - The Shared Socio-economic Pathways Trajectories for human development and global environmental chan.pdf,SSP1,C3,942.4855433794125,942.4855433794125,field-only scalar,,,False
Wijngaard 等 - 2019 - Modeling the Response of the Langtang Glacier and the Hintereisferner to a Changing Climate Since th.pdf,FULL,C5: limit warming to 2.5°C (>50%),1535.389671758057,1535.389671758057,field-only scalar,,,False
"Xiong 等 - 2022 - Global evaluation of the dry gets drier, and wet gets wetter paradigm from a terrestrial water sto.pdf",SSP126,C3,~900 Gt CO2,900.0,unit-bound scalar,~,,False
"Xiong 等 - 2022 - Global evaluation of the dry gets drier, and wet gets wetter paradigm from a terrestrial water sto.pdf",SSP245,C4,1150-1400 GtCO₂,1275.0,unit-bound range midpoint,,,False
Hatton 等 - 2024 - Assessing the impact of climate change on the cost of production of green ammonia from offshore wind.pdf,RCP8.5,C8 (RCP equivalent),Very high cumulative emissions (exceeds 4000 GtCO2),4000.0,unit-bound scalar,,,False
Bian 等 - 2021 - Projecting Hydrological Responses to Climate Change Using CMIP6 Climate Scenarios for the Upper Huai.pdf,SSP245,C3,2744.812344177873,2744.812344177873,field-only scalar,,,False
Zuquim 等 - 2020 - The importance of soils in predicting the future of plant habitat suitability in a tropical forest.pdf,RCP4.5,C5 (RCP equivalent),~1950 GtCO₂ from 2011,1950.0,unit-bound scalar,~,,False
Layritz 等 - 2025 - Disentangling future effects of climate change and forest disturbance on vegetation composition and.pdf,SSP1-RCP2.6,C1 (Below 1.5°C with no or limited overshoot),~300 Gt CO₂,300.0,unit-bound scalar,~,,False
Li 等 - 2022 - Evaluation of Future Maize Yield Changes and Adaptation Strategies in China.pdf,RCP4.5,C3 (Below 3°C),1200-1400 GtCO2 from 2020,1300.0,unit-bound range midpoint,,,False
Sun 等 - 2021 - Predicting the Potential Habitat of Three Endangered Species of Carpinus Genus under Climate.pdf,RCP2.6,C1 (RCP equivalent),~400 Gt CO2,400.0,unit-bound scalar,~,,False
Sun 等 - 2021 - Predicting the Potential Habitat of Three Endangered Species of Carpinus Genus under Climate.pdf,RCP8.5,C8 (RCP equivalent),Very low/negative remaining carbon budget,,excluded,,no unambiguous carbon-budget value,False
Zhou 等 - 2024 - Responses of Ecosystem Productivity to Anthropogenic Ozone and Aerosols at the 2060.pdf,SSP1-2.6,C3,~900 Gt CO2,900.0,unit-bound scalar,~,,False
Campos 等 - 2019 - Addressing Long-Term Operational Risk Management in Port Docks under Climate Change Scenarios-A Span.pdf,RCP8.5,C8 (SSP5-8.5),~7000 GtCO2 (2015-2100),7000.0,unit-bound scalar,~,,False
Sen - 2023 - Determining the Changing Irrigation Demands of Maize Production in the Cukurova Plain under Climate.pdf,RCP8.5,C8 (High GHG emissions),N/A (exceeded),,excluded,,explicitly missing/unspecified,False
Michailidou 等 - 2021 - Temperature and Prey Species Richness Drive the Broad-Scale Distribution of a Generalist Predator.pdf,SSP2-4.5,C3,2744.812344177873,2744.812344177873,field-only scalar,,,False
Zhao和Wu - 2014 - Responses of vegetation distribution to climate change in China.pdf,"A2 - High emissions scenario characterized by self-reliance and local identities, with continuous population increases and regionally oriented economic development.",C5,102.7723603383973,102.7723603383973,field-only scalar,,,True
Zhao和Wu - 2014 - Responses of vegetation distribution to climate change in China.pdf,B2,C5,835.4639342141137,835.4639342141137,field-only scalar,,,False
Wu 等 - 2021 - Estimating the distribution and productivity characters of Larix kaempferi in response to cli.pdf,RCP2.6,C1 (SSP1-2.6),~400-500 Gt CO2,450.0,unit-bound range midpoint,~,,False
Druge 等 - 2021 - Future evolution of aerosols and implications for climate change in the Euro-Mediterranean region us.pdf,SSP1-1.9,C1,~500 Gt CO2,500.0,unit-bound scalar,~,,False
Arnell - 2005 - Implications of climate change for freshwater inflows to the Arctic Ocean - art. no. D07105.pdf,A2,C5,102.7723603383973,102.7723603383973,field-only scalar,,,True
Arnell - 2005 - Implications of climate change for freshwater inflows to the Arctic Ocean - art. no. D07105.pdf,B2,C5,835.4639342141137,835.4639342141137,field-only scalar,,,False
"Ekholm 等 - 2025 - SuCCESs - a global IAM for exploring the interactions between energy, materials, land use, and clima.pdf",RCP2.6,C3 (RCP equivalent),~900 Gt CO2,900.0,unit-bound scalar,~,,False
"Ekholm 等 - 2025 - SuCCESs - a global IAM for exploring the interactions between energy, materials, land use, and clima.pdf",SuCCESs Baseline Scenario,C7: limit warming to 4°C (>50%),4067.198904304981,4067.198904304981,field-only scalar,,,False
Wang 等 - 2025 - Streamflow changes and warming climate-induced flood risks for 1960-2016 in the Nenjiang River Basin.pdf,SSP2-4.5 - Moderate Mitigation Pathway,C3,2744.812344177873,2744.812344177873,field-only scalar,,,False
Wang 等 - 2025 - Streamflow changes and warming climate-induced flood risks for 1960-2016 in the Nenjiang River Basin.pdf,SSP1-1.9,C1,~500 Gt CO2,500.0,unit-bound scalar,~,,False
Ficklin 等 - 2022 - Hydrological Intensification Will Increase the Complexity of Water Resource Management.pdf,SSP2-4.5,C5,2744.812344177873,2744.812344177873,field-only scalar,,,False
Majidi 等 - 2024 - Comprehensive analysis of the impacts of climate and land use changes on flood damage (Case study A.pdf,SSP126,C1,~500 Gt CO2,500.0,unit-bound scalar,~,,False
Wessels 等 - 2021 - Climate change risk to southern African wild food plants.pdf,RCP2.6,C1 (Below 1.5°C),~400-500 Gt CO2 from 2020,450.0,unit-bound range midpoint,~,,False
Barria 等 - 2021 - Water management or megadrought what caused the Chilean Aculeo Lake drying.pdf,Scenario 1: MD and LULC of year 2006,C3,~900 Gt CO2,900.0,unit-bound scalar,~,,False
"Havens和Steinman - 2015 - Ecological Responses of a Large Shallow Lake (Okeechobee, Florida) to Climate Change and Potential F.pdf",Future base conditions plus a 1.5°C rise in temperature and an associated rise in ET,C1: limit warming to 1.5°C (>50%) with no or limited overshoot,271.9704635822378,271.9704635822378,field-only scalar,,,False
Grosser和Schmalz - 2023 - Projecting Hydroclimatic Extremes Climate Change Impacts on Drought in a German Low Mountain Range.pdf,RCP8.5,C8,Exceeded,,excluded,,no unambiguous carbon-budget value,False
Grosser和Schmalz - 2023 - Projecting Hydroclimatic Extremes Climate Change Impacts on Drought in a German Low Mountain Range.pdf,RCP2.6,C3 (RCP equivalent),~900 Gt CO2,900.0,unit-bound scalar,~,,False
Marty 等 - 2017 - How much can we save Impact of different emission scenarios on future snow cover in the Alps.pdf,A2,C7,102.7723603383973,102.7723603383973,field-only scalar,,,True
Zeng 等 - 2012 - Impacts of climate change on water resources in the Luan River basin in North China.pdf,A2,C6,102.7723603383973,102.7723603383973,field-only scalar,,,True
Zeng 等 - 2012 - Impacts of climate change on water resources in the Luan River basin in North China.pdf,B1,C4,652.4725285661066,652.4725285661066,field-only scalar,,,False
Yang 等 - 2020 - Linking climate change and socioeconomic development to urban land use simulation Analysis of their.pdf,S1 - Low Population Growth and High-Quality Urbanization,C1,~300-500 Gt CO₂ from 2020,400.0,unit-bound range midpoint,~,,False
Yang 等 - 2020 - Linking climate change and socioeconomic development to urban land use simulation Analysis of their.pdf,Scenario S2: Moderate Economic Growth and Low Population Growth,C2,1447.733517816087,1447.733517816087,field-only scalar,,,False
Lambert 等 - 2014 - Cetacean range and climate in the eastern North Atlantic future predictions and implications for co.pdf,A2,C5,102.7723603383973,102.7723603383973,field-only scalar,,,True
Lambert 等 - 2014 - Cetacean range and climate in the eastern North Atlantic future predictions and implications for co.pdf,B1,C5,652.4725285661066,652.4725285661066,field-only scalar,,,False
Ying 等 - 2025 - Will climate change inevitably disrupt the cryospheric budget dynamics of the Third Pole.pdf,SSP126 (SSP1-RCP2.6),C1,~500 Gt CO2,500.0,unit-bound scalar,~,,False
Liu 等 - 2020 - Global Socioeconomic Risk of Precipitation Extremes Under Climate Change.pdf,RCP2.6-SSP1,SSP1-2.6 (closest AR6 analogue),~900 Gt CO2,900.0,unit-bound scalar,~,,False
Staid 等 - 2014 - Simulation of tropical cyclone impacts to the US power system under climate change scenarios.pdf,Baseline,C7: limit warming to 4°C (>50%),4067.198904304981,4067.198904304981,field-only scalar,,,False
Mazziotta 等 - 2015 - Applying a framework for landscape planning under climate change for the conservation of biodiversit.pdf,B1,C5,652.4725285661066,652.4725285661066,field-only scalar,,,False
Mazziotta 等 - 2015 - Applying a framework for landscape planning under climate change for the conservation of biodiversit.pdf,A2,C6,102.7723603383973,102.7723603383973,field-only scalar,,,True
Zhang 等 - 2017 - Abrupt North Atlantic circulation changes in response to gradual CO2 forcing in a glacial.pdf,LGM_0.15_CO2,C1: limit warming to 1.5°C (>50%) with no or limited overshoot,271.9704635822378,271.9704635822378,field-only scalar,,,False
Srivastava 等 - 2019 - Quantitative Approaches in Adaptation Strategies to Cope with Increased Temperatures Following Clima.pdf,Increment of 2°C on current climate conditions,C5: limit warming to 2.5°C (>50%),1793.871566014591,1793.871566014591,field-only scalar,,,False
Verniest 等 - 2022 - Coupling future climate and land-use projections reveals where to strengthen the protection of Medit.pdf,SSP1-2.6,C1,~1150 Gt CO2,1150.0,unit-bound scalar,~,,False
Verniest 等 - 2022 - Coupling future climate and land-use projections reveals where to strengthen the protection of Medit.pdf,SSP2-4.5,C5,2744.812344177873,2744.812344177873,field-only scalar,,,False
Verniest 等 - 2022 - Coupling future climate and land-use projections reveals where to strengthen the protection of Medit.pdf,SSP5-8.5,C8,Exhausted pre-2020,,excluded,,no unambiguous carbon-budget value,False
Haertl 等 - 2016 - Multifunctionality in European mountain forests - an optimization under changing climatic conditions.pdf,Baseline (BL),C7,4067.198904304981,4067.198904304981,field-only scalar,,,False
Daher和Kirtman - 2025 - Future climate assessment in the Mediterranean region using downscaled CMIP6 data.pdf,SSP2-4.5,C3,2744.812344177873,2744.812344177873,field-only scalar,,,False
Serpa 等 - 2017 - Impacts of climate and land use changes on the water quality of a small Mediterranean catchment with.pdf,B1,C5,652.4725285661066,652.4725285661066,field-only scalar,,,False
Bay-Sahin 等 - 2025 - Evaluating Natural Ventilation in Historic Buildings across US Climates Using CFD for Future Scenari.pdf,2080 Future Climate Scenario,SSP5-8.5,none,,excluded,,explicitly missing/unspecified,False
Ryan和Stewart - 2017 - Cost-benefit analysis of climate change adaptation for power pole networks.pdf,RCP4.5,C3 (Below 2°C),~1000-2000 GtCO₂ from 2020,1500.0,unit-bound range midpoint,~,,False
Hayat 等 - 2023 - Assessing the Global Pest Risk of Aeolesthes sarta with Regards to the Host Specie Populus.pdf,A2,C5,102.7723603383973,102.7723603383973,field-only scalar,,,True
Qiao 等 - 2022 - Soil quality both increases crop production and improves resilience to climate change.pdf,RCP 8.5,High emissions,Not specified in paper,,excluded,,no unambiguous carbon-budget value,False
Qiao 等 - 2022 - Soil quality both increases crop production and improves resilience to climate change.pdf,RCP 2.6,C3 (RCP equivalent),~900 Gt CO2,900.0,unit-bound scalar,~,,False
Liu 等 - 2025 - Optimized MaxEnt model predicts potential suitable habitats of Bidens bipinnata in China unde.pdf,SSP1-2.6,C3,~900 Gt CO2,900.0,unit-bound scalar,~,,False
Yao 等 - 2018 - Future biomass carbon sequestration capacity of Chinese forests.pdf,RCP2.6,N/A (CMIP5 RCP scenario),~900 Gt CO2,900.0,unit-bound scalar,~,,False
"Chen 等 - 2021 - Projection of future temperature extremes, related mortality, and adaptation due to climate and popu.pdf",RCP2.6,C1 (RCP equivalent),~500 Gt CO2 (from 2020),500.0,unit-bound scalar,~,,False
Langhorst 等 - 2024 - Inertia of Technology Stocks A Technology-Explicit Model for the Transition toward a Low-Carbon Glo.pdf,S1,C7,893.060956844902,893.060956844902,field-only scalar,,,False
Creutzig 等 - 2012 - Decarbonizing urban transport in European cities four cases show possibly high co-benefits.pdf,S1,C3: limit warming to 2°C (>67%),893.060956844902,893.060956844902,field-only scalar,,,False
Fromm 等 - 2024 - Warming effects on lizard gut microbiome depend on habitat connectivity.pdf,2°C warmer climate,C3,1793.871566014591,1793.871566014591,field-only scalar,,,False
Yuan 等 - 2021 - Projecting Future Vegetation Change for Northeast China Using CMIP6 Model.pdf,SSP245,C3,2744.812344177873,2744.812344177873,field-only scalar,,,False
Yigzaw和Hossain - 2016 - Water sustainability of large cities in the United States from the perspectives of population increa.pdf,RCP2.6,C3 (RCP equivalent),~900 Gt CO2,900.0,unit-bound scalar,~,,False
Lopez-Marti 等 - 2025 - Future changes in compound explosive cyclones and atmospheric rivers in the North Atlantic.pdf,SSP1-2.6,C3,~900 Gt CO2,900.0,unit-bound scalar,~,,False
Lopez-Marti 等 - 2025 - Future changes in compound explosive cyclones and atmospheric rivers in the North Atlantic.pdf,SSP2-4.5,C5,2744.812344177873,2744.812344177873,field-only scalar,,,False
Abubakari 等 - 2018 - Streamflow response under different climate change scenarios in data-scarce White Volta basin of Wes.pdf,B1,C5,652.4725285661066,652.4725285661066,field-only scalar,,,False
Yang 等 - 2024 - Climate Change May Increase the Impact of Coastal Flooding on Carbon Storage in China's Coastal Terr.pdf,SSP1-26,C1,500.0,500.0,field-only scalar,,,False
Yang 等 - 2024 - Climate Change May Increase the Impact of Coastal Flooding on Carbon Storage in China's Coastal Terr.pdf,SSP2-45,C3,2700 Gt CO₂-eq,2700.0,unit-bound scalar,,,False
Yang 等 - 2024 - Climate Change May Increase the Impact of Coastal Flooding on Carbon Storage in China's Coastal Terr.pdf,SSP5-8.5,C8,Exhausted,,excluded,,no unambiguous carbon-budget value,False
Papadimitriou 等 - 2019 - Cross-sectoral and trans-national interactions in national-scale climate change impacts assessment-t.pdf,RCP2.6,C1 (RCP equivalent),~500 Gt CO₂ from 2020,500.0,unit-bound scalar,~,,False
Papadimitriou 等 - 2019 - Cross-sectoral and trans-national interactions in national-scale climate change impacts assessment-t.pdf,SSP1-RCP2.6,C3: limit warming to 2°C (>67%),942.4855433794125,942.4855433794125,field-only scalar,,,False
Bell和van Vuuren - 2022 - The impact of climate risk on corporate credit risk.pdf,"High-warming scenario (+2°C by 2050, >4°C by 2100)",C7,1793.871566014591,1793.871566014591,field-only scalar,,,False
Bell和van Vuuren - 2022 - The impact of climate risk on corporate credit risk.pdf,Low-warming scenario (below +2°C),C2,1793.871566014591,1793.871566014591,field-only scalar,,,False
He 等 - 2016 - SWITCH-China A Systems Approach to Decarbonizing China's Power System.pdf,IPCCTarget,C4,~900 Gt CO2,900.0,unit-bound scalar,~,,False
"Allred 等 - 2014 - The interaction of climate change, land cover, and political representation in the USA.pdf",A2,C5,102.7723603383973,102.7723603383973,field-only scalar,,,True
"Smith 等 - 2005 - Projected changes in mineral soil carbon of European croplands and grasslands, 1990-2080.pdf",B1,C4,652.4725285661066,652.4725285661066,field-only scalar,,,False
Nordling 等 - 2025 - Climate variability can outweigh the influence of climate mean changes for extreme precipitation und.pdf,SSP1-2.6,C1,~500 Gt CO2 from 2020,500.0,unit-bound scalar,~,,False
Nordling 等 - 2025 - Climate variability can outweigh the influence of climate mean changes for extreme precipitation und.pdf,SSP2-4.5,C5,2744.812344177873,2744.812344177873,field-only scalar,,,False
Abedin 等 - 2025 - Future of snakebite risk in India Consequence of climate change and the shifting habitats of the bi.pdf,SSP245,C3,2744.812344177873,2744.812344177873,field-only scalar,,,False
Yaduvanshi 等 - 2021 - Temperature and rainfall extremes change under current and future global warming levels across India.pdf,Baseline scenario,C7: limit warming to 4°C (>50%),4067.198904304981,4067.198904304981,field-only scalar,,,False
Guzman-Luna 等 - 2022 - Quantifying current and future raw milk losses due to bovine mastitis on European dairy farms under.pdf,RCP2.6,C1 (Below 1.5°C with no or limited overshoot),~300-500 Gt CO2 (from 2020),400.0,unit-bound range midpoint,~,,False
Bacca 等 - 2023 - Uncertainty in land-use adaptation persists despite crop model projections showing lower impacts und.pdf,SSP1-RCP2.6,C1 (Below 1.5 °C),~900 Gt CO2,900.0,unit-bound scalar,~,,False
Li 等 - 2019 - Prediction of CH4 emissions from potential natural wetlands on the Tibetan Plateau during.pdf,RCP2.6,C1,~1000 Gt CO2,1000.0,unit-bound scalar,~,,False
Loaiciga - 2009 - Long-term climatic change and sustainable ground water resources management.pdf,2 × CO2 climate scenario,C5,1793.871566014591,1793.871566014591,field-only scalar,,,False
Habeeb和Bastidas-Arteaga - 2022 - Climate change indicators dataset for coastal locations of the European Atlantic area.pdf,RCP 2.6,C3 (RCP equivalent),~900 Gt CO2,900.0,unit-bound scalar,~,,False
Exley 等 - 2025 - Modelling of the potential of floating photovoltaics for mitigating climate change impacts on reserv.pdf,RCP2.6 2040–2069,C3 (RCP equivalent),~900 Gt CO2,900.0,unit-bound scalar,~,,False
Zhang 等 - 2025 - Prediction of potential suitable habitats of Malania oleifera under future climate scenarios.pdf,SSP126,C1,400-500 GtCO₂,450.0,unit-bound range midpoint,,,False
Yamamoto 等 - 2021 - Evaluation of flood damage reduction throughout Japan from adaptation measures taken under a range o.pdf,RCP2.6,C1 (RCP equivalent),~500 Gt CO2 from 2020,500.0,unit-bound scalar,~,,False
Wu - 2021 - The risk of forfeiting the ranges of reptiles under nonrandom and stochastic scenarios of moving cli.pdf,RCP2.6,C3 (RCP equivalent),~900 Gt CO2,900.0,unit-bound scalar,~,,False
Attema 等 - 2014 - Extreme precipitation response to climate perturbations in an atmospheric mesoscale model.pdf,Emin,C3,4130.786098570118,4130.786098570118,field-only scalar,,,False
Attema 等 - 2014 - Extreme precipitation response to climate perturbations in an atmospheric mesoscale model.pdf,EC,C3,440.0556818855494,440.0556818855494,field-only scalar,,,False
Engels和Marotzke - 2023 - Assessing the plausibility of climate futures.pdf,Deep Decarbonization by 2050,C1,~500 Gt CO2,500.0,unit-bound scalar,~,,False
Agudo-Dominguez 等 - 2022 - Climate-sensitive hydrological drought insurance for irrigated agriculture under deep uncertainty. I.pdf,RCP 2.6,SSP1-2.6,~1000 Gt CO2 (from 2011),1000.0,unit-bound scalar,~,,False
Arturo Garcia-Dominguez 等 - 2014 - Present and future potential distribution of the endemic Perote ground squirrel (Xerospermophilus.pdf,B2,C5,835.4639342141137,835.4639342141137,field-only scalar,,,False
Babin和Bell - 2023 - The effects of climate change on cytotype distributions of endemic genera in the North American Coas.pdf,SSP1-2.6,C1,1150,1150.0,field-only scalar,,,False
Babin和Bell - 2023 - The effects of climate change on cytotype distributions of endemic genera in the North American Coas.pdf,SSP5-8.5,High GHG emissions,Exhausted by ~2030 under median climate response,,excluded,,no unambiguous carbon-budget value,False
Dakhlaoui 等 - 2019 - A bootstrap-based differential split-sample test to assess the transferability of conceptual rainfal.pdf,RCP4.5,C5,Cumulative CO2 emissions: ~850-1250 GtCO2 from 2011 (based on literature),1050.0,unit-bound range midpoint,~,,False
Guerreiro 等 - 2023 - Future distribution patterns of nine cuttlefish species under climate change.pdf,RCP 2.6,C1 (RCP equivalent),~300-500 Gt CO2 from 2020,400.0,unit-bound range midpoint,~,,False
Zhang 等 - 2024 - A Warmer and Wetter World Would Aggravate GHG Emissions Intensity in China's Cropland.pdf,RCP2.6,C3 (~1.8°C),~900 Gt CO2,900.0,unit-bound scalar,~,,False
Baradevanal 等 - 2021 - Assessing the risk of mango quarantine pest Deanolis sublimbalis Snellen under different clim.pdf,RCP 2.6,C1 (Below 1.5°C & 1.5°C with no or limited overshoot),~900 Gt CO2,900.0,unit-bound scalar,~,,False
Alinezhad 等 - 2021 - A probabilistic Bayesian framework to deal with the uncertainty in hydro-climate projection of Zayan.pdf,RCP2.6,C1,~500 Gt CO2,500.0,unit-bound scalar,~,,False
Alinezhad 等 - 2021 - A probabilistic Bayesian framework to deal with the uncertainty in hydro-climate projection of Zayan.pdf,RCP4.5,C3-Low (SSP2-4.5 equivalent),650 GtCO₂ remaining from 2020 for 67% chance of limiting to 2.7°C,650.0,unit-bound scalar,,,False
Meyer 等 - 2023 - Climate warming causes photobiont degradation and carbon starvation in a boreal climate sentinel lic.pdf,+2.25°C warming,C3,2619.964986816399,2619.964986816399,field-only scalar,,,False
Boettcher 等 - 2013 - Future GHG emissions more efficiently controlled by land-use policies than by bioenergy sustainabili.pdf,Reference scenario,C8: exceed warming of 4°C (>=50%),6016.054280938453,6016.054280938453,field-only scalar,,,False
"Aslam 等 - 2017 - Vulnerability and impact assessment of extreme climatic event A case study of southern Punjab, Paki.pdf",A2,C5,102.7723603383973,102.7723603383973,field-only scalar,,,True
"Heath 等 - 2025 - Climate change, urbanisation and transmission potential Aedes aegypti mosquito projections f.pdf",SSP1-2.6,C3,~900 Gt CO2,900.0,unit-bound scalar,~,,False
Bergengren 等 - 2001 - Modeling global climate-vegetation interactions in a doubled CO2 world.pdf,2×CO2 Interactive,C3,1793.871566014591,1793.871566014591,field-only scalar,,,False
Bergengren 等 - 2001 - Modeling global climate-vegetation interactions in a doubled CO2 world.pdf,2×CO2 Non-Interactive,C3,1793.871566014591,1793.871566014591,field-only scalar,,,False
Zai 等 - 2024 - Impact of climate change and genetic development on Iowa corn yield.pdf,SSP2-4.5,C3,2744.812344177873,2744.812344177873,field-only scalar,,,False
Wynne 等 - 2023 - Uncertainty in projections of future lake thermal dynamics is differentially driven by lake and glob.pdf,RCP 2.6,C1 (RCP equivalent),~300-900 Gt CO2,600.0,unit-bound range midpoint,~,,False
Moore和Schindler - 2022 - Getting ahead of climate change for ecological adaptation and resilience.pdf,SSP1-2.6,C3,950-1100 Gt CO2 from 2020,1025.0,unit-bound range midpoint,,,False
Moore和Schindler - 2022 - Getting ahead of climate change for ecological adaptation and resilience.pdf,SSP2-4.5,C3,1150 ± 220 GtCO₂ from 2020,220.0,unit-bound scalar,,,False
Audzijonyte 等 - 2023 - Changes in sea floor productivity are crucial to understanding the impact of climate change in tempe.pdf,Baseline,C7: limit warming to 4°C (>50%),4067.198904304981,4067.198904304981,field-only scalar,,,False
"Van Huijgevoort 等 - 2020 - Influence of Climate and Land Use Change on the Groundwater System of the Veluwe, The Netherlands A.pdf",G_H,C3: limit warming to 2°C (>67%),685.1820297843902,685.1820297843902,field-only scalar,,,False
Nemeckova 等 - 2011 - CLIMATE CHANGE IMPACT ASSESSMENT ON VARIOUS COMPONENTS OF THE HYDROLOGICAL REGIME OF THE MALE RIVER.pdf,B1,C3: limit warming to 2°C (>67%),652.4725285661066,652.4725285661066,field-only scalar,,,False
Nemeckova 等 - 2011 - CLIMATE CHANGE IMPACT ASSESSMENT ON VARIOUS COMPONENTS OF THE HYDROLOGICAL REGIME OF THE MALE RIVER.pdf,A2,C2: return warming to 1.5°C (>50%) after a high overshoot,102.7723603383973,102.7723603383973,field-only scalar,,,False
Hussain 等 - 2025 - Assessment of watershed hydrological responses under climate change scenarios a case study of Hunza.pdf,SSP2-4.5,C5,2744.812344177873,2744.812344177873,field-only scalar,,,False
Li 等 - 2025 - Global 1-km habitat distribution for endangered species and its spatial changes under future warming.pdf,SSP126,C1,≈460 Gt CO₂,460.0,unit-bound scalar,≈,,False
Li 等 - 2025 - Global 1-km habitat distribution for endangered species and its spatial changes under future warming.pdf,SSP245,C5,2744.812344177873,2744.812344177873,field-only scalar,,,False
Roukounis 等 - 2025 - Agent-Based Modeling Under Climate Uncertainties The Coastal Resilience (CRes-ABM) Model.pdf,"GR-SSP5 x RCP8.5 ""For Whom the Storm Tolls""",C8,"~7000 GtCO2 (2015-2100, 50% probability)",7000.0,unit-bound scalar,~,,False
Morgan 等 - 2020 - Projections of coral cover and habitat change on turbid reefs under future sea-level rise.pdf,RCP8.5,C8 (RCP equivalent),Very high (>2 000 GtCO₂ from 2020),,excluded,,no unambiguous carbon-budget value,False
"Arifullah 等 - 2025 - Drivers and Future Risks of Groundwater Projection in Tangshan, China Integrating SHAP, Geographica.pdf",RCP8.5,C8,~7000 GtCO2 from 2015,7000.0,unit-bound scalar,~,,False
Stevenson 等 - 2006 - Multimodel ensemble simulations of present-day and near-future tropospheric ozone.pdf,S2 CLE,C5,1793.871566014591,1793.871566014591,field-only scalar,,,False
Somers 等 - 2019 - Groundwater Buffers Decreasing Glacier Melt in an Andean Watershed-But Not Forever.pdf,RCP4.5,C3 (SSP2-4.5),~1150-1350 GtCO₂ from 2020,1250.0,unit-bound range midpoint,~,,False
Melnikova 等 - 2023 - Assessing carbon cycle projections from complex and simple models under SSP scenarios.pdf,SSP1-1.9,C1,Remaining carbon budget from 2020 for 1.5°C with 50% likelihood: ~500 GtCO₂,500.0,unit-bound scalar,~,,False
Melnikova 等 - 2023 - Assessing carbon cycle projections from complex and simple models under SSP scenarios.pdf,SSP1-2.6,C1,~500 Gt CO2 from 2020,500.0,unit-bound scalar,~,,False
Kraaijenbrink 等 - 2021 - Climate change decisive for Asia's snow meltwater supply.pdf,SSP1-2.6,C1,~900 Gt CO2,900.0,unit-bound scalar,~,,False
"Harrison 等 - 2015 - Cross-sectoral impacts of climate change and socio-economic change for multiple, European land- and.pdf",We are the World (WRW),C1,~500 Gt CO2,500.0,unit-bound scalar,~,,False
Tian 等 - 2016 - Climate System Responses to a Common Emission Budget of Carbon Dioxide.pdf,LH,C3: limit warming to 2°C (>67%),645.1920308578049,645.1920308578049,field-only scalar,,,False
Tian 等 - 2016 - Climate System Responses to a Common Emission Budget of Carbon Dioxide.pdf,HL,C3: limit warming to 2°C (>67%),726.7928387369113,726.7928387369113,field-only scalar,,,False
Bhattacharya 等 - 2025 - Optimal life-cycle adaptation of coastal infrastructure under climate change.pdf,SSP2-4.5,C3,2744.812344177873,2744.812344177873,field-only scalar,,,False
Angelotti 等 - 2017 - Climate change and the occurrence of downy mildew in Brazilian grapevines.pdf,A2,C7,102.7723603383973,102.7723603383973,field-only scalar,,,True
Angelotti 等 - 2017 - Climate change and the occurrence of downy mildew in Brazilian grapevines.pdf,B1,C6,652.4725285661066,652.4725285661066,field-only scalar,,,False
Alves-Ferreira 等 - 2025 - Climate change is projected to shrink phylogenetic endemism of Neotropical frogs.pdf,SSP245,C3,~1150 GtCO₂ remaining from 2020 for 2°C target with 50% probability,1150.0,unit-bound scalar,~,,False
Zhang 等 - 2022 - Twenty-first century drought analysis across China under climate change.pdf,SSP2-4.5,C3,2744.812344177873,2744.812344177873,field-only scalar,,,False
Tong 等 - 2020 - Dynamic projection of anthropogenic emissions in China methodology and 2015-2050 emission pathways.pdf,SSP1-2.6-BHE,C1,942.4855433794125,942.4855433794125,field-only scalar,,,False
Tian 等 - 2022 - Dynamic Simulation of Land UseCover Change and Assessment of Forest Ecosystem Carbon Storage under.pdf,SSP126,C1,~1150 Gt CO2,1150.0,unit-bound scalar,~,,False
Tian 等 - 2022 - Dynamic Simulation of Land UseCover Change and Assessment of Forest Ecosystem Carbon Storage under.pdf,SSP245,C3,2744.812344177873,2744.812344177873,field-only scalar,,,False
Kharin和Zwiers - 2005 - Estimating extremes in transient climate change simulations.pdf,A2,C5,102.7723603383973,102.7723603383973,field-only scalar,,,True
Kharin和Zwiers - 2005 - Estimating extremes in transient climate change simulations.pdf,B2,C5,835.4639342141137,835.4639342141137,field-only scalar,,,False
Xie Ya-Lin 等 - 2017 - Effects of climate change on net primary productivity in Larix olgensis plantations based on.pdf,RCP 2.6,C1 (SSP1-2.6),~900 Gt CO2,900.0,unit-bound scalar,~,,False
Rogelj 等 - 2012 - Global warming under old an new scenarios using IPCC climate sensitivity range estimates.pdf,SRES B1,C1,~500 Gt CO2,500.0,unit-bound scalar,~,,False
Ayzel和Izhitskiy - 2019 - Climate Change Impact Assessment on Freshwater Inflow into the Small Aral Sea.pdf,RCP2.6,C3 (RCP equivalent),~400-500 Gt CO2,450.0,unit-bound range midpoint,~,,False
Tariq 等 - 2017 - A climate stress test of Los Angeles' water quality plans.pdf,Baseline,C7: limit warming to 4°C (>50%),4067.198904304981,4067.198904304981,field-only scalar,,,False
Fragkos 等 - 2024 - Analysing the Transformative Changes of Nationally Determined Contributions and Long-Term Targets.pdf,NDC_LTT,C3,~500 Gt CO2,500.0,unit-bound scalar,~,,False
Good 等 - 2015 - Nonlinear regional warming with increasing CO2 concentrations.pdf,abrupt2×CO2,C3,1793.871566014591,1793.871566014591,field-only scalar,,,False
Lai和Dzombak - 2021 - Assessing the Effect of Changing Ambient Air Temperature on Water Temperature and Quality in Drinkin.pdf,RCP8.5,SSP5-8.5,N/A (exceeds budget),,excluded,,explicitly missing/unspecified,False
Bateman 等 - 2020 - Risk to North American birds from climate change-related threats.pdf,1.5°C warming scenario,C1,~500 Gt CO2,500.0,unit-bound scalar,~,,False
Aryal 等 - 2023 - INTRAGRO A machine learning approach to predict future growth of trees under climate change.pdf,SSP126,C1,approximately 500 GtCO₂,500.0,unit-bound scalar,,,False
Ayala 等 - 2024 - Climate Change Impacts on Surface Heat Fluxes in a Deep Monomictic Lake.pdf,RCP 2.6,SSP1-2.6,~900 Gt CO2,900.0,unit-bound scalar,~,,False
Anataba Kyorku Dzikunu-Bansah 等 - 2025 - Climate change trends as measured by the Thornthwaite Moisture Index maps for Ghana.pdf,SSP126,C1,400-500 GtCO2,450.0,unit-bound range midpoint,,,False
Anataba Kyorku Dzikunu-Bansah 等 - 2025 - Climate change trends as measured by the Thornthwaite Moisture Index maps for Ghana.pdf,SSP245,C3,2744.812344177873,2744.812344177873,field-only scalar,,,False
Singh 等 - 2025 - Impact assessment of climate change and adaptation measures through different RCPs scenarios using C.pdf,RCP 2.6,C3 (RCP equivalent),~900 Gt CO2,900.0,unit-bound scalar,~,,False
Singh 等 - 2025 - Impact assessment of climate change and adaptation measures through different RCPs scenarios using C.pdf,RCP 4.5,C5 (RCP equivalent),Not provided,,excluded,,no unambiguous carbon-budget value,False
Dirnaichner 等 - 2022 - Life-cycle impacts from different decarbonization pathways for the European car fleet.pdf,ConvSyn,C4,725.616858484212,725.616858484212,field-only scalar,,,False
Dirnaichner 等 - 2022 - Life-cycle impacts from different decarbonization pathways for the European car fleet.pdf,ElecPush,C3,~900 Gt CO2,900.0,unit-bound scalar,~,,False
"Bretschger 等 - 2025 - Boosting Sluggish Climate Policy Endogenous Substitution, Learning, and Energy Efficiency Improveme.pdf",Baseline scenario with 40% target,C7: limit warming to 4°C (>50%),4067.198904304981,4067.198904304981,field-only scalar,,,False
Morales-Castilla 等 - 2020 - Diversity buffers winegrowing regions from climate change losses.pdf,+2°C warming,C4,1793.871566014591,1793.871566014591,field-only scalar,,,False
Xing 等 - 2019 - Assessing impacts of climate change on habitat suitability of Coregonus ussuriensis and other.pdf,RCP4.5,C4 (moderate action),≈1200–1400 GtCO₂ from 2020,1300.0,unit-bound range midpoint,≈,,False
Boldizsar 等 - 2025 - Examining the Application Possibilities and Economic Issues of an Alternative Drive Chain in Hungary.pdf,Scenario 2: Changes in Tolls for Battery Electric Trucks in Hungary,C5: limit warming to 2.5°C (>50%),1793.871566014591,1793.871566014591,field-only scalar,,,False
Dunn 等 - 2018 - Projections of historical and 21st century fluvial sediment delivery to the Ganges-Brahmaputra-Meghn.pdf,RCP2.6 + SSP1,C1 (Low),~300-500 Gt CO2,400.0,unit-bound range midpoint,~,,False
An 等 - 2022 - Assessment of Future Drought Index Using SSP Scenario in Rep. of Korea.pdf,SSP1-2.6,C3,~900 Gt CO2,900.0,unit-bound scalar,~,,False
Zhi 等 - 2022 - Effects of Sea Level Rise on Land Use and Ecosystem Services in the Liaohe Delta.pdf,0.5 m SLR,C3,~900 Gt CO2,900.0,unit-bound scalar,~,,False
Zhi 等 - 2022 - Effects of Sea Level Rise on Land Use and Ecosystem Services in the Liaohe Delta.pdf,1.0 m SLR,C3,~900 Gt CO2,900.0,unit-bound scalar,~,,False
Zhi 等 - 2022 - Effects of Sea Level Rise on Land Use and Ecosystem Services in the Liaohe Delta.pdf,1.5 m SLR,C3,~900 Gt CO2,900.0,unit-bound scalar,~,,False
Zhi 等 - 2022 - Effects of Sea Level Rise on Land Use and Ecosystem Services in the Liaohe Delta.pdf,2.0 m SLR,C3,~900 Gt CO2,900.0,unit-bound scalar,~,,False
Goulart 等 - 2023 - Increase of Simultaneous Soybean Failures Due To Climate Change.pdf,SSP1-2.6,C3,~900 Gt CO2,900.0,unit-bound scalar,~,,False
Adao 等 - 2023 - Relocation of bioclimatic suitability of Portuguese grapevine varieties under climate change scenari.pdf,RCP4.5,C5 (RCP equivalent),~1000 GtCO₂ from 2020,1000.0,unit-bound scalar,~,,False
"Zhang 等 - 2024 - The climate opportunities and risks of improving building envelopes across 1,677 Chinese cities.pdf",S1 reference SSP1-2.6,C3,~900 Gt CO2,900.0,unit-bound scalar,~,,False
"Zhang 等 - 2024 - The climate opportunities and risks of improving building envelopes across 1,677 Chinese cities.pdf",S4 moderate SSP1-2.6,C3,~900 Gt CO2,900.0,unit-bound scalar,~,,False
"Zhang 等 - 2024 - The climate opportunities and risks of improving building envelopes across 1,677 Chinese cities.pdf",S7 radical SSP1-2.6,C1,~400-500 Gt CO2,450.0,unit-bound range midpoint,~,,False
Alexander 等 - 2023 - Mapping the shared socio-economic pathways onto the Nature Futures Framework at the global scale.pdf,SSP1 with RCP4.5,C6 (CSA),Not specified in paper,,excluded,,no unambiguous carbon-budget value,False
Harmsen 等 - 2020 - Taking some heat off the NDCs The limited potential of additional short-lived climate forcers' miti.pdf,NDC+2degC+SLCF,C4,Not reported in source,,excluded,,no unambiguous carbon-budget value,False
Zhu 等 - 2025 - Rainfall Erosivity Projection in South-East Australia Using the Improved Regional Climate Simulation.pdf,RCP4.5,C3 (RCP equivalent),"~1950 GtCO2 from 2011 (median, likely range)",1950.0,unit-bound scalar,~,,False
Garcia-Valdes 等 - 2015 - Evaluating the combined effects of climate and land-use change on tree species distributions.pdf,Baseline scenario,C7: limit warming to 4°C (>50%),4067.198904304981,4067.198904304981,field-only scalar,,,False
Amani-Male 等 - 2022 - A model-based evaluation of farmers' income variability under climate change (case study autumn cro.pdf,RCP2.6,C3 (RCP equivalent),~900 Gt CO2,900.0,unit-bound scalar,~,,False
Alqahtani 等 - 2025 - Evaluation of ecological consequences on the global distribution of Staphylococcus aureus Ros.pdf,RCP 2.6,C3 (~1.8°C),~400-500 Gt CO2 from 2020,450.0,unit-bound range midpoint,~,,False
Xin和Tao - 2020 - Developing climate-smart agricultural systems in the North China Plain.pdf,RCP2.6,C3 (RCP equivalent),~900 Gt CO2,900.0,unit-bound scalar,~,,False
"Kim 等 - 2017 - Assessing climate change impacts, benefits of mitigation, and uncertainties on major global forest r.pdf",REF,C8a,4631.628201551354,4631.628201551354,field-only scalar,,,False
Alfocea-Roig 等 - 2024 - Life cycle assessment of the climate change impact of magnesium phosphate cements formulated with tu.pdf,SSP2-RCP1.9,C1,~500 Gt CO2,500.0,unit-bound scalar,~,,False
Dantas 等 - 2025 - Projections of extreme weather events according to climate change scenarios and populations at-risk.pdf,SSP2-4.5,C4,2744.812344177873,2744.812344177873,field-only scalar,,,False
Zhao 等 - 2025 - Spatial distribution changes and habitat conservation of medicinal plant diversity in the Yinshan Mo.pdf,SSP245,C3,2744.812344177873,2744.812344177873,field-only scalar,,,False
Weiss 等 - 2022 - Modeling Coastal Environmental Change and the Tsunami Hazard.pdf,RCP2.6,C1 (Low GHG emissions),500 Gt CO2 from 2020,500.0,unit-bound scalar,,,False
"Atkinson 等 - 2022 - A tool for air pollution scenarios (TAPS v1.0) to enable global, long-term, and flexible study of cl.pdf",Paris Forever,C3a,3766.778545171488,3766.778545171488,field-only scalar,,,False
"Atkinson 等 - 2022 - A tool for air pollution scenarios (TAPS v1.0) to enable global, long-term, and flexible study of cl.pdf",Paris 2°C,C5,1793.871566014591,1793.871566014591,field-only scalar,,,False
"Atkinson 等 - 2022 - A tool for air pollution scenarios (TAPS v1.0) to enable global, long-term, and flexible study of cl.pdf",Paris 1.5°C,C1,~500 Gt CO2,500.0,unit-bound scalar,~,,False
"Zhang和McBean - 2014 - Adaptation Investigations to Respond to Climate Change Projections in Gansu Province, Northern China.pdf",A2,C2: return warming to 1.5°C (>50%) after a high overshoot,102.7723603383973,102.7723603383973,field-only scalar,,,False
"Zhang和McBean - 2014 - Adaptation Investigations to Respond to Climate Change Projections in Gansu Province, Northern China.pdf",B1,C3: limit warming to 2°C (>67%),652.4725285661066,652.4725285661066,field-only scalar,,,False
"Lei 等 - 2016 - Potential effects of future climate change on suitable habitat of Muntiacus crinifrons, an en.pdf",RCP2.6,C3 (RCP equivalent),~900 Gt CO2,900.0,unit-bound scalar,~,,False
Bas 等 - 2024 - Fish and tips Historical and projected changes in commercial fish species' habitat suitability in t.pdf,SSP1–2.6,C1,~400-500 Gt CO₂,450.0,unit-bound range midpoint,~,,False
Yang和Yang - 2021 - Exploration of the dynamic water resource carrying capacity of the Keriya River Basin on the souther.pdf,RCP2.6,C1 (RCP equivalent),~1000 Gt CO2,1000.0,unit-bound scalar,~,,False
Segurado 等 - 2016 - Sensitivity of river fishes to climate change The role of hydrological stressors on habitat range s.pdf,RCP8.5,C8 (High GHG emissions),>3000 GtCO2 from 2020,3000.0,unit-bound scalar,>,,False
Matsumoto - 2019 - Climate change impacts on socioeconomic activities through labor productivity changes considering in.pdf,2°C scenario (S2) aimed at controlling emissions to limit global warming to 2°C by 2100,C3,1793.871566014591,1793.871566014591,field-only scalar,,,False
Achour和Kalboussi - 2020 - Modelling and mapping the current and future potential habitats of the Algero-Tunisian endemic newt.pdf,RCP2.6,C1,~500 Gt CO2,500.0,unit-bound scalar,~,,False
Li和Huang - 2022 - Multi-Directional Rather Than Unidirectional Northward-Dominant Range Shifts Predicted under Climate.pdf,RCP2.6,C1 (Below 1.5°C),~1000 Gt CO2,1000.0,unit-bound scalar,~,,False
Li和Huang - 2022 - Multi-Directional Rather Than Unidirectional Northward-Dominant Range Shifts Predicted under Climate.pdf,RCP8.5,SSP5-8.5,~4000 GtCO₂ from 2020,4000.0,unit-bound scalar,~,,False
Wolfram 等 - 2016 - Carbon footprint scenarios for renewable electricity in Australia.pdf,Business-as-Usual (BAU) Scenario for Electricity Demand in Australia,C3: limit warming to 2°C (>67%),893.060956844902,893.060956844902,field-only scalar,,,False
Wolfram 等 - 2016 - Carbon footprint scenarios for renewable electricity in Australia.pdf,Scenario S2: 96% Renewable Electricity Supply,C4: limit warming to 2°C (>50%),1447.733517816087,1447.733517816087,field-only scalar,,,False
"Lane 等 - 2015 - Climate change impacts on freshwater fish, coral reefs, and related ecosystem services in the United.pdf",REF,C7,4631.628 GtCO₂,4631.628,unit-bound scalar,,,False
Al-Bakri 等 - 2021 - Assessment of Climate Changes and Their Impact on Barley Yield in Mediterranean Environment Using NE.pdf,RCP8.5,C8,~7000 GtCO₂ from 2015-2100,7000.0,unit-bound scalar,~,,False
Fonseca 等 - 2021 - Climate-Induced Tradeoffs in Planning and Operating Costs of a Regional Electricity System.pdf,planforCC/CCeffects,C3,~3000 GtCO₂ from 2015,3000.0,unit-bound scalar,~,,False
Xia 等 - 2023 - Spatio-temporal changes of hydrothermal conditions and suitable habitat of Citrus medica L. var. sar.pdf,SSP1-2.6,C3,~900 Gt CO2,900.0,unit-bound scalar,~,,False
Rohat 等 - 2021 - Assessing urban heat-related adaptation strategies under multiple futures for a major US city.pdf,H-SSP5*RCP8.5,SSP5-8.5,3700 Gt CO₂,3700.0,unit-bound scalar,,,False
Shaw和Miyawaki - 2024 - Fast upper-level jet stream winds get faster under climate change.pdf,SSP2-4.5,C2,1150-1350 GtCO₂ from 2020,1250.0,unit-bound range midpoint,,,False
Munoz-Mas 等 - 2018 - Combining literature-based and data-driven fuzzy models to predict brown trout (Salmo trutta.pdf,RCP4.5,C3 (Below 3°C),1200-1400 GtCO₂ from 2020,1300.0,unit-bound range midpoint,,,False
"Mosammam 等 - 2016 - Analyzing the potential impacts of climate change on rainfed wheat production in Hamedan Province, I.pdf",SRES A1FI,not_applicable,not_applicable,,excluded,,no unambiguous carbon-budget value,False
Burke 等 - 2018 - Large potential reduction in economic damages under UN mitigation targets.pdf,RCP2.6,C1 (Below 1.5 °C),~500 Gt CO2,500.0,unit-bound scalar,~,,False
Kozarcanin 等 - 2019 - 21st Century Climate Change Impacts on Key Properties of a Large-Scale Renewable-Based Electricity S.pdf,RCP2.6,C1.2,~900 Gt CO2,900.0,unit-bound scalar,~,,False
Zeydalinejad 等 - 2025 - Evaluating climate change impacts on snow cover and karst spring discharge in a data-scarce region.pdf,SSP2-4.5,C3,2744.812344177873,2744.812344177873,field-only scalar,,,False
Han和Bocchiola - 2025 - Analysis of future climate variability under CMIP6 scenarios based on a downscaling method consideri.pdf,SSP126,C1,~500 Gt CO2,500.0,unit-bound scalar,~,,False
Han和Bocchiola - 2025 - Analysis of future climate variability under CMIP6 scenarios based on a downscaling method consideri.pdf,SSP245,C5,2744.812344177873,2744.812344177873,field-only scalar,,,False
Adnan 等 - 2021 - Prediction of changes in water balance of Nam Co Lake under projected climate change scenarios.pdf,RCP4.5 - Projected climate change impacts on Nam Co Lake,SSP2-4.5,~1200-1400 GtCO₂ from 2020 (standard RCP4.5 value),1300.0,unit-bound range midpoint,~,,False
Zhang 等 - 2016 - Numerical modeling and prediction of future response of permafrost to different climate change scena.pdf,RCP2.6,SSP1-2.6 (analogous to RCP2.6),~500 Gt CO2,500.0,unit-bound scalar,~,,False
Kassahun 等 - 2024 - Assessing the current and future trends of climate extremes at Zarima subbasin North Western Ethiopi.pdf,RCP8.5,C8 (RCP equivalent),Not applicable (no budget constraint),,excluded,,no unambiguous carbon-budget value,False
Zhang 等 - 2025 - Temperature-driven cotton verticillium wilt a beta model for risk assessment from laboratory insigh.pdf,SSP1-2.6,C1,~1150 Gt CO2,1150.0,unit-bound scalar,~,,False
Kallas 等 - 2025 - Modeling the Hydrological Regime of Litani River Basin in Lebanon for the Period 2009-2019 and Asses.pdf,RCP2.6,C3 (RCP equivalent),~900 Gt CO2,900.0,unit-bound scalar,~,,False
Palacios-Abrantes 等 - 2025 - Climate change drives shifts in straddling fish stocks in the world's ocean.pdf,SSP1-2.6,C3,~900 Gt CO2,900.0,unit-bound scalar,~,,False
Lorenz 等 - 2013 - How Important is Vegetation Phenology for European Climate and Heat Waves.pdf,Soil Moisture Dynamics (SM),C7: limit warming to 4°C (>50%),4612.484632266418,4612.484632266418,field-only scalar,,,False
Li 等 - 2023 - Modeling Ecological Resilience of Alpine Forest under Climate Change in Western Sichuan.pdf,RCP2.6,C3 (RCP equivalent),~900 Gt CO2,900.0,unit-bound scalar,~,,False
Parkpoom和Harrison - 2008 - Analyzing the impact of climate change on future electricity demand in Thailand.pdf,SRES A1,C1,~500 Gt CO2,500.0,unit-bound scalar,~,,False
"Xiong 等 - 2010 - Climate change, water availability and future cereal production in China.pdf",A2,C5,102.7723603383973,102.7723603383973,field-only scalar,,,True
"Xiong 等 - 2010 - Climate change, water availability and future cereal production in China.pdf",B2,C5,835.4639342141137,835.4639342141137,field-only scalar,,,False
McKay 等 - 2021 - Resolving ecological feedbacks on the ocean carbon sink in Earth system models.pdf,RCP4.5,RCP4.5,~1350 Gt CO₂,1350.0,unit-bound scalar,~,,False
Gagne 等 - 2015 - Impact of aerosol emission controls on future Arctic sea ice cover.pdf,RCP2.6,C1 (RCP/SSP1-2.6 equivalent),~300 Gt CO2 from 2020,300.0,unit-bound scalar,~,,False
Zhang 等 - 2023 - Enhancing daily streamflow simulation using the coupled SWAT-BiLSTM approach for climate change impa.pdf,SSP1-2.6,C3,~900 Gt CO2,900.0,unit-bound scalar,~,,False
Zhang 等 - 2023 - Enhancing daily streamflow simulation using the coupled SWAT-BiLSTM approach for climate change impa.pdf,SSP2-4.5,C5,~1350 GtCO₂,1350.0,unit-bound scalar,~,,False
Zhao 等 - 2018 - PredictingWetland Distribution Changes under Climate Change and Human Activities in a Mid- and High-.pdf,RCP2.6,C3 (RCP equivalent),~900 Gt CO2,900.0,unit-bound scalar,~,,False
Bevacqua 等 - 2021 - Larger Spatial Footprint of Wintertime Total Precipitation Extremes in a Warmer Climate.pdf,1.5 °C warming scenario,C1,400-500 Gt CO2,450.0,unit-bound range midpoint,,,False
Mogos 等 - 2021 - Climate Change and Health Protection in European Union.pdf,scenario no. 2 – climate mitigation is done,C1,~500 Gt CO2,500.0,unit-bound scalar,~,,False
Rusinamhodzi 等 - 2025 - Modelling the climate change adaptation potential of no-tillage maize systems in southern Africa.pdf,RCP2.6,C3 (RCP equivalent),~900 Gt CO2,900.0,unit-bound scalar,~,,False
Andimuthu 等 - 2024 - Multivariate drought risk assessment of tropical river basin in South India under SSP scenarios.pdf,SSP245,C3,1200 GtCO₂ (2020-2100),1200.0,unit-bound scalar,,,False
Andimuthu 等 - 2024 - Multivariate drought risk assessment of tropical river basin in South India under SSP scenarios.pdf,SSP585,C8,1150 GtCO₂ from 2020 for 66 % chance ≥2 °C,1150.0,unit-bound scalar,,,False
Betts 等 - 2000 - Simulated responses of potential vegetation to doubled-CO2 climate change and feedbacks o.pdf,2 · CO2 climate with physiological and structural feedbacks (RPS),C5: limit warming to 2.5°C (>50%),1793.871566014591,1793.871566014591,field-only scalar,,,False
Sirri - 2024 - The impacts of climate change on habitat suitability of Prosopis farcta (Banks & Sol.).pdf,SSP1-2.6,Below 2°C,942.4855433794125,942.4855433794125,field-only scalar,,,False
Bala 等 - 2013 - An estimate of equilibrium sensitivity of global terrestrial carbon cycle using NCAR CCSM4.pdf,2×CO2,C5,1793.871566014591,1793.871566014591,field-only scalar,,,False
Xu 等 - 2025 - Future Scenarios of Global Urban Expansion and Carbon Emissions with National Heterogeneity A Mixed.pdf,SSP1-2.6,C1,~900 Gt CO2,900.0,unit-bound scalar,~,,False
Xu 等 - 2025 - Future Scenarios of Global Urban Expansion and Carbon Emissions with National Heterogeneity A Mixed.pdf,SSP2-4.5,C5,2744.812344177873,2744.812344177873,field-only scalar,,,False
Xu 等 - 2025 - Future Scenarios of Global Urban Expansion and Carbon Emissions with National Heterogeneity A Mixed.pdf,SSP3-6.0,C7,3731.208353710709,3731.208353710709,field-only scalar,,,False
Xu 等 - 2025 - Future Scenarios of Global Urban Expansion and Carbon Emissions with National Heterogeneity A Mixed.pdf,SSP4-6.0,C6,1150 GtCO2 from 2020,1150.0,unit-bound scalar,,,False
Young 等 - 2009 - Modeling the Hydrology of Climate Change in California's Sierra Nevada for Subwatershed Scale Adapta.pdf,"Temperature Increase Scenarios (2°C, 4°C, 6°C)",C5: limit warming to 2.5°C (>50%),1793.871566014591,1793.871566014591,field-only scalar,,,False
Yan和Zhang - 2022 - Predicting the Potential Distribution of Endangered Parrotia subaequalis in China.pdf,RCP2.6,C1 (RCP equivalent),~900 Gt CO2,900.0,unit-bound scalar,~,,False
Yan和Zhang - 2022 - Predicting the Potential Distribution of Endangered Parrotia subaequalis in China.pdf,RCP4.5,C5 (RCP equivalent),~1000 GtCO₂ from 2020,1000.0,unit-bound scalar,~,,False
Zahoor 等 - 2021 - Projected shifts in the distribution range of Asiatic black bear (Ursus thibetanus) in the Hindu Kus.pdf,RCP4.5,C4 (SSP2-4.5),~1150 Gt CO₂ from 2020,1150.0,unit-bound scalar,~,,False
Singh 等 - 2023 - Morpho-physiological and demographic responses of three threatened Ilex species to changing c.pdf,RCP 2.6,C1 (RCP equivalent),~500 Gt CO2,500.0,unit-bound scalar,~,,False
Singh 等 - 2023 - Morpho-physiological and demographic responses of three threatened Ilex species to changing c.pdf,RCP 4.5,C4 (Below 2°C),~1000-1400 GtCO₂ from 2020,1200.0,unit-bound range midpoint,~,,False
Singh 等 - 2023 - Morpho-physiological and demographic responses of three threatened Ilex species to changing c.pdf,RCP 8.5,C8,~2000 GtCO2 (2011-2100),2000.0,unit-bound scalar,~,,False
Whateley 等 - 2016 - Selecting Stochastic Climate Realizations to Efficiently Explore a Wide Range of Climate Risk to Wat.pdf,Baseline Method: Full Climate Stress Test,C7: limit warming to 4°C (>50%),4067.198904304981,4067.198904304981,field-only scalar,,,False
Liang 等 - 2024 - Impacts of climate change on crop production and soil carbon stock in a continuous wheat cropping sy.pdf,RCP2.6,C3 (~1.8°C),~400-500 Gt CO2,450.0,unit-bound range midpoint,~,,False
Liang 等 - 2024 - Impacts of climate change on crop production and soil carbon stock in a continuous wheat cropping sy.pdf,RCP4.5,C2 (RCP4.5 equivalent),650–850 GtCO₂,750.0,unit-bound range midpoint,,,False
Zhu 等 - 2025 - Potential Distribution and Response of Camphora longepaniculata Gamble (Lauraceae) to Climate.pdf,SSP1-2.6,C1a-C2,942.4855433794125,942.4855433794125,field-only scalar,,,False
Zhu 等 - 2025 - Potential Distribution and Response of Camphora longepaniculata Gamble (Lauraceae) to Climate.pdf,SSP5-8.5,C7,≈2200 Gt CO₂-eq,2200.0,unit-bound scalar,≈,,False
Jiang 等 - 2023 - Precipitation regime changes in High Mountain Asia driven by cleaner air.pdf,SSP2-4.5,C3,1150,1150.0,field-only scalar,,,False
White 等 - 2006 - Extreme heat reduces and shifts United States premium wine production in the 21st century.pdf,A2,C5,102.7723603383973,102.7723603383973,field-only scalar,,,True
Atmianlu 等 - 2025 - Prediction of surface runoff quality and quantity using an integrated model and machine learning und.pdf,SSP2-4.5,C3,2744.812344177873,2744.812344177873,field-only scalar,,,False
Wright 等 - 2012 - Estimated effects of climate change on flood vulnerability of U.S. bridges.pdf,A2,C7,102.7723603383973,102.7723603383973,field-only scalar,,,True
Wright 等 - 2012 - Estimated effects of climate change on flood vulnerability of U.S. bridges.pdf,B1,C3,652.4725285661066,652.4725285661066,field-only scalar,,,False
"Balk 等 - 2022 - Frameworks to envision equitable urban futures in a changing climate A multi-level, multidisciplina.pdf",SSP1-2.6,C1,~400 Gt CO2 from 2020,400.0,unit-bound scalar,~,,False
Ayzel - 2021 - Machine Learning Reveals a Significant Shift in Water Regime Types Due to Projected Climate Change.pdf,RCP26,C1 (1.5°C with no or limited overshoot),~400-500 Gt CO2,450.0,unit-bound range midpoint,~,,False
Mandal 等 - 2022 - Habitat suitability mapping for a high-value non-timber forest product A case study of Rauvolfia se.pdf,CCSM4 RCP2.6,C1 (RCP equivalent),~500 Gt CO2,500.0,unit-bound scalar,~,,False
Eichinger 等 - 2019 - The influence of mixing on the stratospheric age of air changes in the 21st century.pdf,CCMI-1 REF-C2,C5,4631.628201551354,4631.628201551354,field-only scalar,,,False
Bao 等 - 2025 - Climate Warming Increases the Voltinism of Pine Caterpillar (Dendrolimus spectabilis Butler).pdf,SSP2-4.5,Intermediate scenario,2744.812344177873,2744.812344177873,field-only scalar,,,False
Zhu和Zhuang - 2016 - Relative importance between biogeochemical and biogeophysical effects in regulating terrestrial ecos.pdf,RCP2.6,SSP1-2.6,~900 Gt CO2,900.0,unit-bound scalar,~,,False
Hepting 等 - 2020 - Climate impact of German air traffic A scenario approach.pdf,Reference,C8: exceed warming of 4°C (>=50%),6016.054280938453,6016.054280938453,field-only scalar,,,False
Muselli 等 - 2023 - Climate Change Impacts on Gaseous Hydrogen (H2) Potential Produced by Photovoltaic Electr.pdf,RCP2.6,C3,~900 Gt CO2,900.0,unit-bound scalar,~,,False
Benchana 等 - 2025 - Predicting the potential distribution of two North African Porcellio species under climate ch.pdf,RCP 2.6,C2,~900 Gt CO2,900.0,unit-bound scalar,~,,False
Benchana 等 - 2025 - Predicting the potential distribution of two North African Porcellio species under climate ch.pdf,RCP 8.5,C8,1150-1400 GtCO₂ from 2020,1275.0,unit-bound range midpoint,,,False
Abbott 等 - 2023 - Accelerating the Renewable Energy Revolution to Get Back to the Holocene.pdf,CE1,C8,298.9017422679738,298.9017422679738,field-only scalar,,,True
Abbott 等 - 2023 - Accelerating the Renewable Energy Revolution to Get Back to the Holocene.pdf,CE2,C1,~500 Gt CO2,500.0,unit-bound scalar,~,,False
Trail 等 - 2015 - Impacts of Potential CO2-Reduction Policies on Air Quality in the United States.pdf,BE,C5,440.0556818855494,440.0556818855494,field-only scalar,,,True
Peeters 等 - 2019 - Desirable tourism transport futures.pdf,Reference Scenario,C5,6016.054280938453,6016.054280938453,field-only scalar,,,False
"Vollmer和Eberhardt - 2024 - A simple model for the prediction of CO2 concentrations in the atmosphere, depending on g.pdf",SSP1-2.6,C1,~900 Gt CO2,900.0,unit-bound scalar,~,,False
"Vollmer和Eberhardt - 2024 - A simple model for the prediction of CO2 concentrations in the atmosphere, depending on g.pdf",SSP2-4.5,C3,1150-1400 GtCO2 from 2020,1275.0,unit-bound range midpoint,,,False
Hong-Wa和Arroyo - 2012 - Climate-induced range contraction in the Malagasy endemic plant genera Mediusella and Xero.pdf,A2,C5,102.7723603383973,102.7723603383973,field-only scalar,,,True
Hong-Wa和Arroyo - 2012 - Climate-induced range contraction in the Malagasy endemic plant genera Mediusella and Xero.pdf,B2,C4,835.4639342141137,835.4639342141137,field-only scalar,,,False
Lynn 等 - 2007 - An analysis of the potential for extreme temperature change based on observations and model simulati.pdf,A2 climate change scenario,C5,1793.871566014591,1793.871566014591,field-only scalar,,,False
Rodriguez-Caballero 等 - 2018 - Dryland photoautotrophic soil surface communities endangered by global change.pdf,RCP2.6,C1,~500 Gt CO2,500.0,unit-bound scalar,~,,False
Seo 等 - 2025 - Hourly extreme rainfall projections over South Korea using convection permitting climate simulations.pdf,SSP1-2.6,C3,~500 Gt CO2,500.0,unit-bound scalar,~,,False
Leung 等 - 2022 - CO2 fertilization of crops offsets yield losses due to future surface ozone damage and cl.pdf,RCP2.6,C1 (SSP1-2.6),~900 Gt CO2,900.0,unit-bound scalar,~,,False
Leung 等 - 2022 - CO2 fertilization of crops offsets yield losses due to future surface ozone damage and cl.pdf,RCP8.5,High GHG emissions (SSP5-8.5),Very large (exceeds 3000 GtCO2 from 2020),3000.0,unit-bound scalar,,,False
Jenkins 等 - 2018 - A Probabilistic Analysis of Surface Water Flood Risk in London.pdf,Baseline,C7: limit warming to 4°C (>50%),4067.198904304981,4067.198904304981,field-only scalar,,,False
Song 等 - 2025 - Weakened future surface warming in China due to national planned afforestation through biophysical f.pdf,SSP2-4.5,C5,2744.812344177873,2744.812344177873,field-only scalar,,,False
Bagdadee 等 - 2025 - Assessing the feasibility of climate change-induced energy consumption in the industrial sector of B.pdf,Baseline energy consumption,C7: limit warming to 4°C (>50%),4067.198904304981,4067.198904304981,field-only scalar,,,False
Al-Safi和Sarukkalige - 2018 - Evaluation of the impacts of future hydrological changes on the sustainable water resources manageme.pdf,RCP2.6,C1a,~900 Gt CO2,900.0,unit-bound scalar,~,,False
Stanzel和Nachtnebel - 2010 - Potential climate change impact on Austria's water balance and hydro-power industry.pdf,A2,C5,102.7723603383973,102.7723603383973,field-only scalar,,,True
Stanzel和Nachtnebel - 2010 - Potential climate change impact on Austria's water balance and hydro-power industry.pdf,B1,C5,652.4725285661066,652.4725285661066,field-only scalar,,,False
Sutton 等 - 2022 - Reduced range size and Important Bird and Biodiversity Area coverage for the Harpy Eagle (Harpia.pdf,SSP245,C5,2744.812344177873,2744.812344177873,field-only scalar,,,False
Ashraf 等 - 2015 - Estimation of potential impacts of climate change on growth and yield of temperate tree species.pdf,A2,C7,102.7723603383973,102.7723603383973,field-only scalar,,,True
Ashraf 等 - 2015 - Estimation of potential impacts of climate change on growth and yield of temperate tree species.pdf,B1,C5,652.4725285661066,652.4725285661066,field-only scalar,,,False
"Adem 等 - 2016 - Climate Change Impact on Stream Flow in the Upper Gilgel Abay Catchment, Blue Nile basin, Ethiopia.pdf",A2,C5,102.7723603383973,102.7723603383973,field-only scalar,,,True
"Adem 等 - 2016 - Climate Change Impact on Stream Flow in the Upper Gilgel Abay Catchment, Blue Nile basin, Ethiopia.pdf",B2,C5,835.4639342141137,835.4639342141137,field-only scalar,,,False
van Vuuren 等 - 2012 - A proposal for a new scenario framework to support research and assessment in different climate rese.pdf,RCP2.6,C1 (Below 2°C),~900 Gt CO2,900.0,unit-bound scalar,~,,False
Strandberg 等 - 2024 - Plant pathogen infection risk and climate change in the Nordic and Baltic countries.pdf,RCP2.6,C1 (RCP equivalent),~300 Gt CO2,300.0,unit-bound scalar,~,,False
"Sugihardjo 等 - 2018 - Dynamic models of farmers adaptation to climate change (case of rice farmers in Cemoro Watershed, Ce.pdf",Scenario 1,N/A - Not applicable as this scenario does not align with specific AR6 categories related to climate targets or carbon budgets.,N/A - This scenario does not relate to carbon budget assessments.,,excluded,,explicitly missing/unspecified,False
Rakhmatova 等 - 2024 - Assessing the Potential Impacts of Climate Change on Drought in Uzbekistan Findings from RCP and SS.pdf,SSP1-2.6,C1,~400-500 Gt CO2 from 2020,450.0,unit-bound range midpoint,~,,False
Rakhmatova 等 - 2024 - Assessing the Potential Impacts of Climate Change on Drought in Uzbekistan Findings from RCP and SS.pdf,SSP2-4.5,C5,2744.812344177873,2744.812344177873,field-only scalar,,,False
Muri - 2018 - The role of large-scale BECCS in the pursuit of the 1.5°C target an Earth system model perspective.pdf,RCP2.6,C1 (RCP equivalent),~900 Gt CO2,900.0,unit-bound scalar,~,,False
Muri - 2018 - The role of large-scale BECCS in the pursuit of the 1.5°C target an Earth system model perspective.pdf,AbanCCS,C1,~1150 Gt CO2 from 2020 for a 50% chance at 1.5°C,1150.0,unit-bound scalar,~,,False
Muri - 2018 - The role of large-scale BECCS in the pursuit of the 1.5°C target an Earth system model perspective.pdf,DeforCCS,C3,~900 Gt CO2,900.0,unit-bound scalar,~,,False
Valentin 等 - 2025 - Impact of climate and land use change on the distribution of orchids in Estonia.pdf,SSP245,C3,1150 GtCO₂,1150.0,unit-bound scalar,,,False
Valentin 等 - 2025 - Impact of climate and land use change on the distribution of orchids in Estonia.pdf,SSP585,C8,~7000 GtCO2,7000.0,unit-bound scalar,~,,False
Ury 等 - 2025 - Addressing methane emission feedbacks from global wetlands.pdf,SSP2-4.5,C5,2744.812344177873,2744.812344177873,field-only scalar,,,False
Ury 等 - 2025 - Addressing methane emission feedbacks from global wetlands.pdf,SSP1-1.9,C1,~500 Gt CO2,500.0,unit-bound scalar,~,,False
Vergara 等 - 2025 - Current and Future Spatial Distribution of the Aedes aegypti in Peru Based on Topoclimatic An.pdf,SSP245,C2,2744.812344177873,2744.812344177873,field-only scalar,,,True
Mathis 等 - 2018 - Which complexity of regional climate system models is essential for downscaling anthropogenic climat.pdf,RCP8.5,C8,For 1.5°C: <500 GtCO₂ (from 2020); For 2°C: <1350 GtCO₂ (from 2020),,excluded,,multiple distinct unit-bound budgets,False
Lozano-Garcia 等 - 2017 - Climate and land use changes effects on soil organic carbon stocks in a Mediterranean semi-natural a.pdf,A2,C7,102.7723603383973,102.7723603383973,field-only scalar,,,True
Lozano-Garcia 等 - 2017 - Climate and land use changes effects on soil organic carbon stocks in a Mediterranean semi-natural a.pdf,B2,C3: limit warming to 2°C (>67%),835.4639342141137,835.4639342141137,field-only scalar,,,False
Sander-Titgemeyer 等 - 2023 - Applying an iterative prospective LCA approach to emerging wood-based technologies three German cas.pdf,SSP2-RCP2.6,C3 (RCP equivalent),~900 Gt CO,3297.6,unit-bound scalar,~,,False
Sander-Titgemeyer 等 - 2023 - Applying an iterative prospective LCA approach to emerging wood-based technologies three German cas.pdf,SSP2 Baseline,C6,4746.249416364161,4746.249416364161,field-only scalar,,,False
Alves和Sanches - 2022 - Potential Effects of Spatio-Temporal Temperature Variation for Monitoring Coffee Leaf Rust Progress.pdf,SSP126,C3,~900 Gt CO2,900.0,unit-bound scalar,~,,False
Wu 等 - 2015 - Prediction of extreme floods based on CMIP5 climate models a case study in the Beijiang River basin.pdf,RCP2.6,C3 (RCP equivalent),~900 Gt CO2,900.0,unit-bound scalar,~,,False
"Yang 等 - 2012 - Statistical downscaling of extreme daily precipitation, evaporation, and temperature and constructio.pdf",A2,C5,102.7723603383973,102.7723603383973,field-only scalar,,,True
"Yang 等 - 2012 - Statistical downscaling of extreme daily precipitation, evaporation, and temperature and constructio.pdf",B2,C5,835.4639342141137,835.4639342141137,field-only scalar,,,False
Gu 等 - 2020 - Responses of Precipitation and Runoff to Climate Warming and Implications for Future Drought Changes.pdf,RCP8.5,C8,N/A (pathway exceeds budget),,excluded,,explicitly missing/unspecified,False
Kern和Characklis - 2017 - Evaluating the Financial Vulnerability of a Major Electric Utility in the Southeastern US to Drought.pdf,Baseline portfolio,C7,4067.198904304981,4067.198904304981,field-only scalar,,,False
Mumo 等 - 2021 - Assessing changes in climate suitability and yields of maize and sorghum crops over Kenya in the twe.pdf,RCP8.5,C5 (High GHG emissions),"~7000 GtCO₂ (2015-2100, SSP5-8.5)",7000.0,unit-bound scalar,~,,False
Wells 等 - 2023 - Understanding pattern scaling errors across a range of emissions pathways.pdf,SSP1-1.9,C1,~500 Gt CO2,500.0,unit-bound scalar,~,,False
Wells 等 - 2023 - Understanding pattern scaling errors across a range of emissions pathways.pdf,SSP5-8.5,C8,>4000 GtCO2,4000.0,unit-bound scalar,>,,False
Bloomfield 等 - 2016 - Quantifying the increasing sensitivity of power systems to climate variability.pdf,LOW,C5,440.0556818855494,440.0556818855494,field-only scalar,,,True
Bloomfield 等 - 2016 - Quantifying the increasing sensitivity of power systems to climate variability.pdf,HIGH,C5,685.1820297843902,685.1820297843902,field-only scalar,,,False
Ho 等 - 2023 - Apply MIKE models to study the impacts of climate change on flooding and design adaptation measures.pdf,RCP 2.6,C3 (RCP equivalent),~900 Gt CO2,900.0,unit-bound scalar,~,,False
"Wei 等 - 2022 - Attribution Assessment and Prediction of Runoff Change in the Han River Basin, China.pdf",SSP126 with LUCC2040,C1,942.4855433794125,942.4855433794125,field-only scalar,,,False
"Wei 等 - 2022 - Attribution Assessment and Prediction of Runoff Change in the Han River Basin, China.pdf",SSP245,C2,"~1000–1300 GtCO₂ (from 2020, 50% probability)",1150.0,unit-bound range midpoint,~,,False
"Wei 等 - 2022 - Attribution Assessment and Prediction of Runoff Change in the Han River Basin, China.pdf",SSP585,C7,N/A (Not applicable),,excluded,,explicitly missing/unspecified,False
Pearson 等 - 2014 - Life history and spatial traits predict extinction risk due to climate change.pdf,Reference scenario,C8,6016.054280938453,6016.054280938453,field-only scalar,,,False
Schurgers 等 - 2018 - Climate Sensitivity Controls Uncertainty in Future Terrestrial Carbon Sink.pdf,RCP8.5,C8 (High GHG emissions),Exceeded before 2020,,excluded,,no unambiguous carbon-budget value,False
Wu 等 - 2025 - Climate change amplifies neurotoxic methylmercury threat to Asian fish consumers.pdf,SSP2-4.5,C5,approximately 2900 GtCO₂-eq,2900.0,unit-bound scalar,,,False
Barilari 等 - 2025 - Climate Risk and Vulnerability Assessment in the Province of Almeria (Spain) Under Different Climate.pdf,SSP1-2.6,C1,~500 Gt CO2,500.0,unit-bound scalar,~,,False
Barilari 等 - 2025 - Climate Risk and Vulnerability Assessment in the Province of Almeria (Spain) Under Different Climate.pdf,SSP2-4.5,C5,~1400-2400 GtCO₂,1900.0,unit-bound range midpoint,~,,False
Haghani 等 - 2024 - Adaptive distributional changes of Aegithalos caudatus in the Palearctic region during the Ic.pdf,SSP126 (optimistic scenario),C1,942.4855433794125,942.4855433794125,field-only scalar,,,False
Haghani 等 - 2024 - Adaptive distributional changes of Aegithalos caudatus in the Palearctic region during the Ic.pdf,SSP585 (pessimistic scenario),C8,Exceeded (~-1000 to -2000 GtCO₂),,excluded,,no unambiguous carbon-budget value,False
Tesselaar 等 - 2023 - Flood insurance is a driver of population growth in European floodplains.pdf,SSP2,C5,325.2897925777136,325.2897925777136,field-only scalar,,,True
Zhai和Helman - 2019 - Climate change Projections and implications to building energy use.pdf,RCP2.6,C3 (RCP equivalent),~900 Gt CO2,900.0,unit-bound scalar,~,,False
Fuso 等 - 2021 - Future Hydrology of the Cryospheric Driven Lake Como Catchment in Italy under Climate Change Scenari.pdf,SSP1-2.6,C3,942.4855433794125,942.4855433794125,field-only scalar,,,False
Yu 等 - 2023 - WACCM6 Projections of Polar Mesospheric Cloud Abundance Over the 21st Century.pdf,SSP1-2.6,C1,~500 Gt CO2,500.0,unit-bound scalar,~,,False
Yu 等 - 2023 - WACCM6 Projections of Polar Mesospheric Cloud Abundance Over the 21st Century.pdf,SSP2-4.5,C4,Not provided in source.,,excluded,,no unambiguous carbon-budget value,False
Zhu 等 - 2025 - Future Antarctic amplification from extreme temperature indices for different socioeconomic scenario.pdf,SSP1-2.6,C1,942.4855433794125,942.4855433794125,field-only scalar,,,False
Zhu 等 - 2025 - Future Antarctic amplification from extreme temperature indices for different socioeconomic scenario.pdf,SSP2-4.5,C5,2744.81 GtCO2 (note: this value may vary slightly across different assessments),2744.81,unit-bound scalar,,,False
Hasegawa 等 - 2021 - Extreme climate events increase risk of global food insecurity and adaptation needs.pdf,RCP2.6,C1 (warming limited to 1.5°C with no or limited overshoot),~500 Gt CO2,500.0,unit-bound scalar,~,,False
Hu 等 - 2025 - Impact of future climate trend and fluctuation on winter wheat yield in the North China Plain and ad.pdf,SSP126 - Low Emission Scenario with Strong Mitigation Efforts,C3,~900 Gt CO2,900.0,unit-bound scalar,~,,False
Hu 等 - 2025 - Impact of future climate trend and fluctuation on winter wheat yield in the North China Plain and ad.pdf,SSP245,C5,2745 GtCO2 (model-specific),2745.0,unit-bound scalar,,,False
Tadiello 等 - 2026 - Regenerative practices reduce global warming impact and intensity of maize systems in north-central.pdf,BAU,C7: limit warming to 4°C (>50%),4421.106912693341,4421.106912693341,field-only scalar,,,False
Akpan 等 - 2024 - Towards a Simplified and Integrated Model for Climate-Energy Resources and Systems Planning.pdf,1.5 °C Scenario,C1,500 GtCO₂,500.0,unit-bound scalar,,,False
Merfort 等 - 2023 - Bioenergy-induced land-use-change emissions with sectorally fragmented policies.pdf,UCP,C3,~900 Gt CO2,900.0,unit-bound scalar,~,,False
Young 等 - 2011 - Dendroclimatic relationships and possible implications for mountain birch and Scots pine at treeline.pdf,B1,C4,652.4725285661066,652.4725285661066,field-only scalar,,,False
"Prieto 等 - 2021 - An Approach Concerning Climate Change and Timber Building Resilience Araucania Region, South Chile.pdf",RCP2.6,C1 (RCP equivalent),~300-400 Gt CO2,350.0,unit-bound range midpoint,~,,False
Luo 等 - 2025 - Assessing regional flood risks under climate change a machine learning and spatial clustering appro.pdf,SSP1-2.6,C1,500.0,500.0,field-only scalar,,,False
Maxwell和Kollet - 2008 - Interdependence of groundwater dynamics and land-energy feedbacks under climate change.pdf,H,C2: return warming to 1.5°C (>50%) after a high overshoot,212.8537743020109,212.8537743020109,field-only scalar,,,False
"Takahashi - 2017 - CLIMATE, CRIME, AND SUICIDE EMPIRICAL EVIDENCE FROM JAPAN.pdf",RCP2.6,C3 (RCP equivalent),~900 Gt CO2,900.0,unit-bound scalar,~,,False
Takakura 等 - 2019 - Dependence of economic impacts of climate change on anthropogenically directed pathways.pdf,SSP1-RCP2.6,C3 (SSP1-2.6),~400-500 Gt CO₂ (from 2020),450.0,unit-bound range midpoint,~,,False
Mehrazar 等 - 2020 - Adaptation of Water Resources System to Water Scarcity and Climate Change in the Suburb Area of Mega.pdf,RCP2.6,SSP1-2.6,~900 Gt CO2,900.0,unit-bound scalar,~,,False
Acharya 等 - 2025 - Climate change and its impact on spatial and temporal distribution of visceral leishmaniasis transmi.pdf,SSP245,C4,2744.812344177873,2744.812344177873,field-only scalar,,,False
"Lawrence 等 - 2021 - Divergent, plausible, and relevant climate futures for near- and long-term resource planning.pdf",RCP4.5,C3 (Intermediate),~3000 GtCO₂ from 2020,3000.0,unit-bound scalar,~,,False
Grossi 等 - 2007 - Predicting long term freeze-thaw risks on Europe built heritage and archaeological sites in a changi.pdf,A2 - A heterogeneous world with high population growth and regional cultural identity strengthening,C5,102.7723603383973,102.7723603383973,field-only scalar,,,True
Goharnejad 等 - 2025 - Arctic Wave Climate Including Marginal Ice Zone and Future Climate Scenario.pdf,RCP8.5,High (SSP5-8.5),N/A (exceeds budget),,excluded,,explicitly missing/unspecified,False
Dai 等 - 2021 - Climate and land use changes shift the distribution and dispersal of two umbrella species in the Hin.pdf,RCP2.6,C2 (RCP equivalent),~200-400 Gt CO2,300.0,unit-bound range midpoint,~,,False
"Tan 等 - 2021 - Integrating mechanistic models and climate change projections to predict invasion of the mussel, .pdf",RCP2.6,C2 (SSP1-2.6),~900 Gt CO2,900.0,unit-bound scalar,~,,False
Wu 等 - 2020 - Current and future patterns of forest fire occurrence in China.pdf,RCP2.6,C2,~400-600 Gt CO2,500.0,unit-bound range midpoint,~,,False
Tedesco 等 - 2019 - Sea-ice algal phenology in a warmer Arctic.pdf,RCP8.5,C8,Exceeds 1000 GtCO₂ from 2020,1000.0,unit-bound scalar,,,False
Kikstra 等 - 2021 - The social cost of carbon dioxide under climate-economy feedbacks and temperature variability.pdf,SSP2-4.5,C2,2744.812344177873,2744.812344177873,field-only scalar,,,True
Zelalem和Kasiviswanathan - 2023 - A Bayesian modelling approach for assessing non-stationarity in annual maximum rainfall under a chan.pdf,RCP 8.5,Very high GHG emissions (SSP5-8.5),Approx. 11500 GtCO₂ total 1850-2100,,excluded,,no unambiguous carbon-budget value,False
Soltani 等 - 2024 - Advanced Forecasting of Drought Zones in Canada Using Deep Learning and CMIP6 Projections.pdf,SSP126,C1,942.4855433794125,942.4855433794125,field-only scalar,,,False
Soltani 等 - 2024 - Advanced Forecasting of Drought Zones in Canada Using Deep Learning and CMIP6 Projections.pdf,SSP245,C6,880 GtCO₂,880.0,unit-bound scalar,,,False
Soltani 等 - 2024 - Advanced Forecasting of Drought Zones in Canada Using Deep Learning and CMIP6 Projections.pdf,SSP370,C4,Exceeded,,excluded,,no unambiguous carbon-budget value,False
Karamouz 等 - 2014 - An Evaluation of Climate Change Impacts on Extreme Sea Level Variability Coastal Area of New York C.pdf,A2,C5,102.7723603383973,102.7723603383973,field-only scalar,,,True
Karamouz 等 - 2014 - An Evaluation of Climate Change Impacts on Extreme Sea Level Variability Coastal Area of New York C.pdf,B1,C5,652.4725285661066,652.4725285661066,field-only scalar,,,False
Lowe 等 - 2017 - Avoiding dangerous climate results from the AVOID2 programme.pdf,RCP2.6,C3 (RCP equivalent),~900 Gt CO2,900.0,unit-bound scalar,~,,False
Getahun 等 - 2025 - Comprehensive Hydrologic Modeling for Evaluating Impacts of Future Water Uses and Climate Change on.pdf,RCP2.6,C1,~1000 Gt CO₂ from 2018,1000.0,unit-bound scalar,~,,False
Getahun 等 - 2025 - Comprehensive Hydrologic Modeling for Evaluating Impacts of Future Water Uses and Climate Change on.pdf,RCP4.5,C3,~2760 GtCO₂ (from 2020),2760.0,unit-bound scalar,~,,False
Getahun 等 - 2025 - Comprehensive Hydrologic Modeling for Evaluating Impacts of Future Water Uses and Climate Change on.pdf,RCP8.5,C7 (High GHG emissions),Approx. 7000 GtCO2 (2015-2100),7000.0,unit-bound scalar,,,False
Guo 等 - 2019 - Modeling Climate Change Impacts on Rice Growth and Yield under Global Warming of 1.5 and 2.0 °C in t.pdf,1.5 °C warming scenario,C4,271.9704635822378,271.9704635822378,field-only scalar,,,False
Arnell 等 - 2019 - The global and regional impacts of climate change under representative concentration pathway forcing.pdf,RCP2.6,C3 (RCP equivalent),~900 Gt CO2,900.0,unit-bound scalar,~,,False
Yin 等 - 2021 - Effects of sea surface warming and sea-level rise on tropical cyclone and inundation modeling at Sha.pdf,SST warming of 4.25 °C,C6: limit warming to 3°C (>50%),2619.964986816399,2619.964986816399,field-only scalar,,,False
Yin 等 - 2021 - Effects of sea surface warming and sea-level rise on tropical cyclone and inundation modeling at Sha.pdf,SST warming of 4.25 °C with SLR of 1.22 m,C6: limit warming to 3°C (>50%),2619.964986816399,2619.964986816399,field-only scalar,,,False
Cho 等 - 2024 - Climate-induced distribution dynamics and niche adaptation of South Korean endemic plants across the.pdf,SSP1-2.6,C3,~900 Gt CO2,900.0,unit-bound scalar,~,,False
Le 等 - 2019 - Predicting the direct and indirect impacts of climate change on malaria in coastal Kenya.pdf,S0—baseline,C7: limit warming to 4°C (>50%),4067.198904304981,4067.198904304981,field-only scalar,,,False
Matias 等 - 2023 - The Climate of My Neighborhood Households' Willingness to Adapt to Urban Climate Change.pdf,RCP8.5,C8 (SSP5-8.5),Not applicable (no net zero target),,excluded,,no unambiguous carbon-budget value,False
Kulkarni 等 - 2025 - Towards improved representation of distributional impacts of climate change and mitigation policies.pdf,1.5°C Mitigation Scenario with Uniform Carbon Pricing,C1,~500 Gt CO2,500.0,unit-bound scalar,~,,False
Kulkarni 等 - 2025 - Towards improved representation of distributional impacts of climate change and mitigation policies.pdf,2°C Mitigation Scenario,C4,1793.871566014591,1793.871566014591,field-only scalar,,,False
Ban 等 - 2022 - Tipping points of marine phytoplankton to multiple environmental stressors.pdf,RCP 2.6,C3 (RCP equivalent),~900 Gt CO2,900.0,unit-bound scalar,~,,False
Yang 等 - 2019 - Impact of dam development and climate change on hydroecological conditions and natural hazard risk i.pdf,Baseline Scenario with 6 Dams Operational Before 2007,C7: limit warming to 4°C (>50%),4067.198904304981,4067.198904304981,field-only scalar,,,False
Botequim 等 - 2021 - Combining Tree Species Composition and Understory Coverage Indicators with Optimization Techniques t.pdf,Reference (REF),C5,6016.054280938453,6016.054280938453,field-only scalar,,,False
Bednarz 等 - 2023 - Potential Non-Linearities in the High Latitude Circulation and Ozone Response to Stratospheric Aeros.pdf,SAI1.5,C3,~900 Gt CO2,900.0,unit-bound scalar,~,,False
Lobell - 2007 - Changes in diurnal temperature range and national cereal yields.pdf,A2,C5,102.7723603383973,102.7723603383973,field-only scalar,,,True
Behzadi 等 - 2024 - Flood risk projection in Iran using CMIP6 models and frequency analysis of precipitation.pdf,SSP1-2.6,C1,~500 Gt CO2 from 2020,500.0,unit-bound scalar,~,,False
"Ficklin 等 - 2013 - Effects of climate change on stream temperature, dissolved oxygen, and sediment concentration in the.pdf",A2,C5,102.7723603383973,102.7723603383973,field-only scalar,,,True
Oyama 等 - 2025 - Heat impacts on school sports club activities in Japan under climate change and the effectiveness of.pdf,SSP1-1.9,C1,400,400.0,field-only scalar,,,False
Zhou 等 - 2018 - Future Changes in Precipitation Extremes Over Canada Driving Factors and Inherent Mechanism.pdf,RCP4.5,C5 (RCP equivalent),~1400 GtCO2 from 2020 for 2.6°C with 67% probability,1400.0,unit-bound scalar,~,,False
Zhang 等 - 2017 - Using statistical model to simulate the impact of climate change on maize yield with climate and cro.pdf,RCP2.6,C1,~900 Gt CO2,900.0,unit-bound scalar,~,,False
Thresher 等 - 2015 - Options for managing impacts of climate change on a deep-sea community.pdf,RCP2.6,C3 (RCP equivalent),~900 Gt CO2,900.0,unit-bound scalar,~,,False
Bressler - 2021 - The mortality cost of carbon.pdf,Baseline emissions scenario,C8,4067.198904304981,4067.198904304981,field-only scalar,,,False
Yohe 等 - 2020 - WHAT THE FUTURE MIGHT HOLD DISTRIBUTIONS OF REGIONAL SECTORAL DAMAGES FOR THE UNITED STATES - ESTIM.pdf,1.5 Degrees,C4,~500 Gt CO2,500.0,unit-bound scalar,~,,False
Yohe 等 - 2020 - WHAT THE FUTURE MIGHT HOLD DISTRIBUTIONS OF REGIONAL SECTORAL DAMAGES FOR THE UNITED STATES - ESTIM.pdf,2.0 Degrees,C4,~500 Gt CO2,500.0,unit-bound scalar,~,,False
Yohe 等 - 2020 - WHAT THE FUTURE MIGHT HOLD DISTRIBUTIONS OF REGIONAL SECTORAL DAMAGES FOR THE UNITED STATES - ESTIM.pdf,BAU,C8,4421.106912693341,4421.106912693341,field-only scalar,,,False
Woznicki和Nejadhashemi - 2012 - Sensitivity Analysis of Best Management Practices Under Climate Change Scenarios.pdf,A2,C5,102.7723603383973,102.7723603383973,field-only scalar,,,True
Woznicki和Nejadhashemi - 2012 - Sensitivity Analysis of Best Management Practices Under Climate Change Scenarios.pdf,B1,C5,652.4725285661066,652.4725285661066,field-only scalar,,,False
Alliprandini da Costa和Souza - 2023 - The Gulf toadfish goes south assessing the potential habitat suitability of Opsanus beta in.pdf,RCP 2.6,C3 (RCP equivalent),~900 Gt CO2,900.0,unit-bound scalar,~,,False
Focker 等 - 2023 - Effects of Climate Change on Areas Suitable for Maize Cultivation and Aflatoxin Contamination in Eur.pdf,RCP 4.5,C3 (SSP2-4.5/RCP4.5),~1400 GtCO₂ from 2020,1400.0,unit-bound scalar,~,,False
Zizinga 等 - 2026 - Straw mulching enhances rainfed maize yield under climate change scenarios.pdf,SSP1-2.6,C3,~900 Gt CO2,900.0,unit-bound scalar,~,,False
Boehlert 等 - 2016 - Climate change impacts and greenhouse gas mitigation effects on US hydropower generation.pdf,REF,C8,4631.628201551354,4631.628201551354,field-only scalar,,,False
Ambrose 等 - 2018 - Introducing hydrogen fuel cell vehicles in Malaysia.pdf,Business As Usual (BAU),C7: limit warming to 4°C (>50%),4421.106912693341,4421.106912693341,field-only scalar,,,False
Russell 等 - 2022 - Damage Functions and the Social Cost of Carbon Addressing Uncertainty in Estimating the Economic Co.pdf,RCP2.6,C1 (SSP1-2.6 equivalent),~900 Gt CO2,900.0,unit-bound scalar,~,,False
Russell 等 - 2022 - Damage Functions and the Social Cost of Carbon Addressing Uncertainty in Estimating the Economic Co.pdf,RCP4.5,"C3 (Likely below 3°C, likely below 2.5°C)",~1000-1400 GtCO₂ from 2020 (implied),1200.0,unit-bound range midpoint,~,,False
Aichner 等 - 2019 - Hydroclimate in the Pamirs Was Driven by Changes in Precipitation-Evaporation Seasonality Since theL.pdf,LGM,C3,~900 Gt CO2,900.0,unit-bound scalar,~,,False
Aichner 等 - 2019 - Hydroclimate in the Pamirs Was Driven by Changes in Precipitation-Evaporation Seasonality Since theL.pdf,H1,C3,~900 Gt CO2,900.0,unit-bound scalar,~,,False
"Soleimani 等 - 2017 - Simulating soil organic carbon stock as affected by land cover change and climate change, Hyrcanian.pdf",RCP2.6,C1/C2 (RCP2.6 equivalent),~400-600 Gt CO2,500.0,unit-bound range midpoint,~,,False
Lehneis - 2025 - Effects of Climate Change on Wind Power Generation A Case Study for the German Bight.pdf,RCP2.6,C1 (Below 1.5°C with no or limited overshoot),~500 Gt CO2 from 2020 (for 50% probability of limiting to 1.5°C),500.0,unit-bound scalar,~,,False
Mahmoud 等 - 2024 - Potential benefits of climate change on navigation in the northern sea route by 2050.pdf,SSP2-4.5,C3,2744.812344177873,2744.812344177873,field-only scalar,,,False
Yao 等 - 2025 - Response of thermal stratification in Longyangxia reservoir to climate change and adaptive managemen.pdf,SSP5-8.5,C8,"1150-1350 GtCO₂ (2020 onward, >4 °C)",1250.0,unit-bound range midpoint,,,False
Naumann 等 - 2021 - Increased economic drought impacts in Europe with anthropogenic warming.pdf,1.5 °C GWL,C3,~500 Gt CO2,500.0,unit-bound scalar,~,,False
Zhao 等 - 2015 - A comparison of two downscaling methods for precipitation in China.pdf,RCP2.6,C1 (Below 1.5°C),~500 Gt CO2,500.0,unit-bound scalar,~,,False
Chen 等 - 2025 - Predicting Potential Habitats of the Endangered Mangrove Species Acanthus ebracteatus Under C.pdf,SSP126,C1,400-600 GtCO2,500.0,unit-bound range midpoint,,,False
Chen 等 - 2025 - Predicting Potential Habitats of the Endangered Mangrove Species Acanthus ebracteatus Under C.pdf,SSP245,C5,2744.812344177873,2744.812344177873,field-only scalar,,,False
Konar 等 - 2016 - The water footprint of staple crop trade under climate and policy scenarios.pdf,Baseline,C7: limit warming to 4°C (>50%),4067.198904304981,4067.198904304981,field-only scalar,,,False
Konar 等 - 2016 - The water footprint of staple crop trade under climate and policy scenarios.pdf,Policy,C7: limit warming to 4°C (>50%),4680.996929151199,4680.996929151199,field-only scalar,,,False
Konar 等 - 2016 - The water footprint of staple crop trade under climate and policy scenarios.pdf,All,C2: return warming to 1.5°C (>50%) after a high overshoot,212.8537743020109,212.8537743020109,field-only scalar,,,False
Rash 等 - 2025 - Forecasting LULC Dynamics of Soran under Future Climate Scenarios Using Machine Learning.pdf,SSP126 - Sustainable Development with Minimal Challenges,C3,~900 Gt CO2,900.0,unit-bound scalar,~,,False
Rash 等 - 2025 - Forecasting LULC Dynamics of Soran under Future Climate Scenarios Using Machine Learning.pdf,SSP245,C4,2744.812344177873,2744.812344177873,field-only scalar,,,False
Arguelho 等 - 2025 - Could plant species currently used in the ecological restoration of a comprehensive ecotone in Brazi.pdf,SSP2-4.5,C3,1150 GtCO₂ from 2020,1150.0,unit-bound scalar,,,False
Hauswirth 等 - 2023 - Simulating hydrological extremes for different warming levels-combining large scale climate ensemble.pdf,2 C warming,C5,1793.871566014591,1793.871566014591,field-only scalar,,,False
Lukas 等 - 2025 - Integrating Land UseLand Cover and Climate Change Projections to Assess Future Hydrological Respons.pdf,SSP126,C1,~500 Gt CO2 from 2020,500.0,unit-bound scalar,~,,False
"Anusha 等 - 2024 - Prediction of number of generations of serpentine leaf miner, Liriomyza trifolii (Burg.pdf",RCP 8.5,RCP8.5,Largely exhausted by mid-century,,excluded,,no unambiguous carbon-budget value,False
Cao 等 - 2021 - A framework for projecting future streamflow of the Yalong River basin to climate change.pdf,RCP2.6,SSP1-2.6,~300-500 Gt CO₂,400.0,unit-bound range midpoint,~,,False
Chaturvedi - 2018 - Cost of Inaction on Mitigating Climate Change A Preliminary Analysis.pdf,BAU,C7: limit warming to 4°C (>50%),4421.106912693341,4421.106912693341,field-only scalar,,,False
O'Neill 等 - 2010 - Mitigation implications of midcentury targets that preserve long-term climate policy options.pdf,B2,C5,835.4639342141137,835.4639342141137,field-only scalar,,,False
Yanahan和Moore - 2019 - Impacts of 21st-century climate change on montane habitat in the Madrean Sky Island Archipelago.pdf,RCP 2.6,C1 (Very Low),~900 Gt CO2,900.0,unit-bound scalar,~,,False
Rahimi和Jung - 2024 - A New SDM-Based Approach for Assessing Climate Change Effects on Plant-Pollinator Networks.pdf,SSP585,C8,no-additional-policy,,excluded,,no unambiguous carbon-budget value,False
Grose 等 - 2015 - Comparison of various climate change projections of eastern Australian rainfall.pdf,A2,C2: return warming to 1.5°C (>50%) after a high overshoot,102.7723603383973,102.7723603383973,field-only scalar,,,False
"Araujo 等 - 2024 - Analysis of climate change scenarios using CMIP6 models in Pernambuco, Brazil.pdf",SSP245,C3,2744.812344177873,2744.812344177873,field-only scalar,,,False
Wu - 2020 - The changes in suitable habitats for 114 endemic bird species in China during climate warming will d.pdf,RCP2.6,C3 (RCP equivalent),~900 Gt CO2,900.0,unit-bound scalar,~,,False
Zhang 等 - 2025 - Local and Indirect Water Scarcity Risks Under Climate Change in the Yellow River Basin A Virtual Wa.pdf,SSP1-RCP2.6,C3 (RCP equivalent),~900 Gt CO2,900.0,unit-bound scalar,~,,False
Challinor 等 - 2007 - Adaptation of crops to climate change through genotypic responses to mean and extreme temperatures.pdf,A2,C5,102.7723603383973,102.7723603383973,field-only scalar,,,True
Calel 等 - 2020 - Temperature variability implies greater economic damages from climate change.pdf,RCP2.6,C1 (1.5°C with no or limited overshoot),~900 Gt CO2,900.0,unit-bound scalar,~,,False
Hosseini 等 - 2018 - Cooling and heating energy performance of a building with a variety of roof designs; the effects of.pdf,"A2: The A2 scenario assumes a continuously increasing global population, regionally oriented economic development, and slower technological change, leading to higher greenhouse gas emissions.",C2: return warming to 1.5°C (>50%) after a high overshoot,102.7723603383973,102.7723603383973,field-only scalar,,,False
Yeo 等 - 2022 - An Integrated Extreme Rainfall Modeling Tool (SDExtreme) for Climate Change Impacts and Adaptation.pdf,RCP2.6,C1 (RCP equivalent),~900 Gt CO2,900.0,unit-bound scalar,~,,False
Gao 等 - 2023 - Effects of Climate and Land-Use Change on the Supply and Demand Relationship of Water Provision Serv.pdf,S2,C4: limit warming to 2°C (>50%),1447.733517816087,1447.733517816087,field-only scalar,,,False
Yalcin - 2024 - A CMIP6 multi-model ensemble-based analysis of potential climate change impacts on irrigation water.pdf,SSP245,C3,2744.812344177873,2744.812344177873,field-only scalar,,,False
Fujimori 等 - 2018 - Inclusive climate change mitigation and food security policy under 1.5 °C climate goal.pdf,SSP2,C5,325.2897925777136,325.2897925777136,field-only scalar,,,True
Xiong 等 - 2025 - Assessing land urbanization and ecological planning impact on carbon stock and its economic value fr.pdf,SSP1-2.6,C1,~400-500 Gt CO₂ from 2020,450.0,unit-bound range midpoint,~,,False
Xiong 等 - 2025 - Assessing land urbanization and ecological planning impact on carbon stock and its economic value fr.pdf,SSP2-4.5,C4,2744.812344177873,2744.812344177873,field-only scalar,,,False
Xiong 等 - 2025 - Assessing land urbanization and ecological planning impact on carbon stock and its economic value fr.pdf,SSP5-8.5,C8,N/A (exceeds budget),,excluded,,explicitly missing/unspecified,False
Zhang 等 - 2025 - Climate impacts and future trends of hailstorms in China based on millennial records.pdf,RCP 2.6,C1 (Below 1.5°C),~900 Gt CO2,900.0,unit-bound scalar,~,,False
Zhao 等 - 2021 - Quantifying changes and drivers of runoff in the Kaidu River Basin associated with plausible climate.pdf,RCP2.6,C1,~900 Gt CO2,900.0,unit-bound scalar,~,,False
Zhao 等 - 2021 - Quantifying changes and drivers of runoff in the Kaidu River Basin associated with plausible climate.pdf,SSP5-8.5,C8,Exceeded,,excluded,,no unambiguous carbon-budget value,False
Perret 等 - 2024 - A species' response to spatial climatic variation does not predict its response to climate change.pdf,SSP1-2.6,C3,~900 Gt CO2,900.0,unit-bound scalar,~,,False
Perret 等 - 2024 - A species' response to spatial climatic variation does not predict its response to climate change.pdf,SSP2-4.5,C3,1000 GtCO₂ from 2020 for 67% chance,1000.0,unit-bound scalar,,,False
Perret 等 - 2024 - A species' response to spatial climatic variation does not predict its response to climate change.pdf,SSP5-8.5,C8,Very limited or no remaining carbon budget,,excluded,,no unambiguous carbon-budget value,False
McPherson 等 - 2017 - Expansion of the Lyme Disease Vector Ixodes Scapularis in Canada Inferred from CMIP5 Climate.pdf,RCP2.6,C3 (RCP equivalent),~900 Gt CO2,900.0,unit-bound scalar,~,,False
Sadeghi 等 - 2023 - Effects of Climate Change on Rice Yield in Northern Areas of Iran Humidity as a Large Variability o.pdf,RCP 2.6,C3 (RCP equivalent),~900 Gt CO2,900.0,unit-bound scalar,~,,False
Azad 等 - 2023 - Long-term numerical modeling of nitrate leaching into groundwater under surface drip irrigation of c.pdf,S1,C8,893.060956844902,893.060956844902,field-only scalar,,,False
Azad 等 - 2023 - Long-term numerical modeling of nitrate leaching into groundwater under surface drip irrigation of c.pdf,S2,C8,1447.733517816087,1447.733517816087,field-only scalar,,,False
Zhu 等 - 2022 - Warming reduces global agricultural production by decreasing cropping frequency and yields.pdf,SSP126,C1,500.0,500.0,field-only scalar,,,False
"Holman 等 - 2005 - A regional, multi-sectoral and integrated assessment of the impacts of climate and socio-economic ch.pdf",Global Sustainability socio-economic scenario linked with the UKCIP98 Low-climate scenario,C3,~900 Gt CO2,900.0,unit-bound scalar,~,,False
Hateffard 等 - 2021 - CMIP5 climate projections and RUSLE-based soil erosion assessment in the central part of Iran.pdf,RCP2.6,C3 (RCP equivalent),~900 Gt CO2,900.0,unit-bound scalar,~,,False
"Mourad 等 - 2025 - Hydrological Assessment Under Climatic and Socioeconomic Scenarios Using Remote Sensing, QGIS, and C.pdf",SSP3,C7,5565.348400074735,5565.348400074735,field-only scalar,,,False
"Mourad 等 - 2025 - Hydrological Assessment Under Climatic and Socioeconomic Scenarios Using Remote Sensing, QGIS, and C.pdf",SSP5,C8,325.3951167461587,325.3951167461587,field-only scalar,,,True
Acarer - 2024 - BROWN BEAR ( Ursus Arctos L.) DISTRIBUTION MODEL IN EUROPE CURRENT SITUATION AND THE POTENTI.pdf,SSP126,C1,500 GtCO₂,500.0,unit-bound scalar,,,False
Sun 等 - 2025 - Temporal and spatial variability of landscape ecological risk in the Yangtze River Midstream Urban A.pdf,SSP126,C1,~500 Gt CO₂,500.0,unit-bound scalar,~,,False
Sun 等 - 2025 - Temporal and spatial variability of landscape ecological risk in the Yangtze River Midstream Urban A.pdf,SSP245,C2,1150,1150.0,field-only scalar,,,False
Meier 等 - 2018 - Assessment of Eutrophication Abatement Scenarios for the Baltic Sea by Multi-Model Ensemble Simulati.pdf,REF,C7: limit warming to 4°C (>50%),4631.628201551354,4631.628201551354,field-only scalar,,,False
Wang 等 - 2021 - Simulation of the Potential Distribution of the Glacier Based on Maximum Entropy Model in the Tiansh.pdf,SSP1-2.6,C1,~400-500 Gt CO₂ from 2020,450.0,unit-bound range midpoint,~,,False
Fernandez 等 - 2024 - Impact of Solar Radiation Management on Andean glacier-wide surface mass balance.pdf,SSP245,C6,≈ 2750 Gt CO₂,2750.0,unit-bound scalar,≈,,False
Ferreira 等 - 2016 - A climate change adaptive dynamic programming approach to optimize eucalypt stand management schedul.pdf,"Scenario 1: Cooler temperatures, higher precipitation, and lower frost days for Eucalyptus globulus growth",C3,~900 Gt CO2,900.0,unit-bound scalar,~,,False
Lopez-Moreno和Beniston - 2009 - Daily precipitation intensity projected for the 21st century seasonal changes over the Pyrenees.pdf,A2,C5,102.7723603383973,102.7723603383973,field-only scalar,,,True
Backus 等 - 2025 - Population Decline for Plants in the California Floristic Province Does Demography or Geography Det.pdf,RCP 8.5,C8 - High GHG emissions,Exhausted before 2050 (for 1.5°C with 50% likelihood),,excluded,,no unambiguous carbon-budget value,False
Thackeray 等 - 2022 - Constraining the increased frequency of global precipitation extremes under warming.pdf,SSP2-4.5,C3,1350 GtCO2,1350.0,unit-bound scalar,,,False
Awasthi 等 - 2022 - Projecting Flood Frequency Curves Under Near-Term Climate Change.pdf,RCP8.5,C8 (SSP5-8.5),Exceeds carbon budgets for Paris Agreement targets,,excluded,,no unambiguous carbon-budget value,False
Alavi 等 - 2019 - The response of English yew (Taxus baccata L.) to climate change in the Caspian Hyrcanian Mixed Fore.pdf,RCP2.6,C1 (Below 2°C),~900 Gt CO2,900.0,unit-bound scalar,~,,False
Qin 等 - 2020 - Agricultural risks from changing snowmelt.pdf,2 °C warming scenario,C4,1793.871566014591,1793.871566014591,field-only scalar,,,False
Yohe - 2017 - Characterizing transient temperature trajectories for assessing the value of achieving alternative t.pdf,1.5°C Target,C3,1715 GtCO2,1715.0,unit-bound scalar,,,False
Yohe - 2017 - Characterizing transient temperature trajectories for assessing the value of achieving alternative t.pdf,2.5°C Target,C5,2619.964986816399,2619.964986816399,field-only scalar,,,False
Yohe - 2017 - Characterizing transient temperature trajectories for assessing the value of achieving alternative t.pdf,3.0°C Target with Cumulative Emissions Constraint,C6,4286 GtCO2,4286.0,unit-bound scalar,,,False
Yohe - 2017 - Characterizing transient temperature trajectories for assessing the value of achieving alternative t.pdf,No-Policy Baseline,C7,4067.198904304981,4067.198904304981,field-only scalar,,,False
Yuan 等 - 2016 - China's socioeconomic risk from extreme events in a changing climate a hierarchical Bayesian model.pdf,RCP2.6,C3 (RCP equivalent),~900 Gt CO2,900.0,unit-bound scalar,~,,False
Ghalley 等 - 2024 - Hydrologic alteration by hydropower dams and climate change in the Sesan Basin.pdf,SSP2-4.5,C5,2744.812344177873,2744.812344177873,field-only scalar,,,False
"Masselot 等 - 2025 - Estimating future heat-related and cold-related mortality under climate change, demographic and adap.pdf",SSP1-2.6,C3,~500 Gt CO2,500.0,unit-bound scalar,~,,False
Song 等 - 2024 - Global Future Climate Signal by Latitudes Using CMIP6 GCMs.pdf,SSP1-2.6,C1,~400 Gt CO₂ from 2020,400.0,unit-bound scalar,~,,False
Song 等 - 2024 - Global Future Climate Signal by Latitudes Using CMIP6 GCMs.pdf,SSP2-4.5,C2,2744.812344177873,2744.812344177873,field-only scalar,,,True
Song 等 - 2024 - Global Future Climate Signal by Latitudes Using CMIP6 GCMs.pdf,SSP5-8.5,C8,~7000 GtCO₂ (2015–2100),7000.0,unit-bound scalar,~,,False
"Whitehead 等 - 2018 - Modelling impacts of climate change and socio-economic change on the Ganga, Brahmaputra, Meghna, Hoo.pdf",SSP2,C3: limit warming to 2°C (>67%),325.2897925777136,325.2897925777136,field-only scalar,,,False
Janssens 等 - 2025 - The Influence of Climate Change and Interior Insulation on Salt Damage in Masonry Facades.pdf,RCP 2.6,C1 (RCP equivalent),~900 Gt CO2,900.0,unit-bound scalar,~,,False
Senent-Aparicio 等 - 2021 - A Modelling Approach to Forecast the Effect of Climate Change on the Tagus-Segura Interbasin Water T.pdf,RCP8.5,C7 (Very high GHG emissions),Very high (>3000 GtCO2 from 2020),3000.0,unit-bound scalar,>,,False
Bonazza 等 - 2009 - Climate change impact Mapping thermal stress on Carrara marble in Europe.pdf,A2,C5,102.7723603383973,102.7723603383973,field-only scalar,,,True
"Stone 等 - 2013 - Climate Change Adaptation Through Urban Heat Management in Atlanta, Georgia.pdf",Extensive Reforestation and Deforestation Scenarios,C7: limit warming to 4°C (>50%),4631.628201551354,4631.628201551354,field-only scalar,,,False
Sofi 等 - 2022 - Predicting distribution and range dynamics of Trillium govanianum under climate change and gr.pdf,RCP2.6-2050,C1,~900 Gt CO2,900.0,unit-bound scalar,~,,False
Bhuyan 等 - 2025 - Predicting habitat suitability of Illicium griffithii under climate change scenarios using an.pdf,SSP2-4.5 (2041–2060),Intermediate scenario,N/A (Not a 1.5°C or 2°C mitigation scenario),,excluded,,explicitly missing/unspecified,False
Bhuyan 等 - 2025 - Predicting habitat suitability of Illicium griffithii under climate change scenarios using an.pdf,SSP5-8.5 (2041–2060),High GHG emissions,>1000 GtCO₂ from 2020 for a 50% chance to limit warming to 1.5°C.,1000.0,unit-bound scalar,>,,False
Prajapat 等 - 2020 - A spatiotemporal analysis of Indian warming target using CORDEX-SA experiment data.pdf,RCP4.5,C3 - Below 2°C,~1000 GtCO₂ from 2020,1000.0,unit-bound scalar,~,,False
Wu 等 - 2022 - Reduced global fire activity due to human demography slows global warming by enhanced land carbon up.pdf,RCP2.6 SSP2,C1 (RCP equivalent),~900 Gt CO2,900.0,unit-bound scalar,~,,False
Zhao Dongsheng和Wu Shaohong - 2014 - Vulnerability of natural ecosystem in China under regional climate scenarios An analysis based on e.pdf,A2,C6,102.7723603383973,102.7723603383973,field-only scalar,,,True
Zhao Dongsheng和Wu Shaohong - 2014 - Vulnerability of natural ecosystem in China under regional climate scenarios An analysis based on e.pdf,B2,C5,835.4639342141137,835.4639342141137,field-only scalar,,,False
"Whitman 等 - 2015 - Increasing daily wildfire risk in the Acadian Forest Region of Nova Scotia, Canada, under future cli.pdf",RCP2.6 - Low Radiative Forcing Pathway with Emissions Peaking Mid-Century,C3 (RCP equivalent),~900 Gt CO2,900.0,unit-bound scalar,~,,False
Kamalamma 等 - 2023 - A novel approach to vulnerability assessment for adaptation planning in agriculture An application.pdf,RCP4.5,SSP2-4.5,~1.15 × 10³ Gt CO₂ (2015-2100),,excluded,,no unambiguous carbon-budget value,False
Albrich 等 - 2023 - From sink to source changing climate and disturbance regimes could tip the 21st century.pdf,RCP2.6,"N/A (RCP2.6 is an RCP/CMIP5 scenario, not an SSP/CMIP6 scenario)",~900 Gt CO2,900.0,unit-bound scalar,~,,False
Albrich 等 - 2023 - From sink to source changing climate and disturbance regimes could tip the 21st century.pdf,RCP8.5,High GHG emissions (SSP5-8.5),>7000 GtCO₂ (exceeds typical budget ranges),7000.0,unit-bound scalar,>,,False
"Gough和Wolfe - 2001 - Climate change scenarios for Hudson Bay, Canada, from general circulation models.pdf",2 × CO2,C5: limit warming to 2.5°C (>50%),1793.871566014591,1793.871566014591,field-only scalar,,,False
Spandre 等 - 2019 - Winter tourism under climate change in the Pyrenees and the French Alps relevance of snowmaking as.pdf,RCP2.6,C2,~900 Gt CO2,900.0,unit-bound scalar,~,,False
Le 等 - 2018 - Evaluation of Long-Term SOC and Crop Productivity within Conservation Systems Using GFDL CM2.1 and E.pdf,B1,C5,652.4725285661066,652.4725285661066,field-only scalar,,,False
Le 等 - 2018 - Evaluation of Long-Term SOC and Crop Productivity within Conservation Systems Using GFDL CM2.1 and E.pdf,A2,C8,102.7723603383973,102.7723603383973,field-only scalar,,,True
Arfasa 等 - 2024 - Temperature and precipitation trend analysis using the CMIP6 model in the Upper East region of Ghana.pdf,SSP1-2.6,C1,~500 Gt CO2,500.0,unit-bound scalar,~,,False
Jayasankar 等 - 2021 - Does increasing the spatial resolution in dynamical downscaling impact climate change projection of.pdf,SSP1,C3: limit warming to 2°C (>67%),942.4855433794125,942.4855433794125,field-only scalar,,,False
Jayasankar 等 - 2021 - Does increasing the spatial resolution in dynamical downscaling impact climate change projection of.pdf,SSP2,C3: limit warming to 2°C (>67%),325.2897925777136,325.2897925777136,field-only scalar,,,False
Jayasankar 等 - 2021 - Does increasing the spatial resolution in dynamical downscaling impact climate change projection of.pdf,SSP3,C6: exceed warming of 3°C (>=50%),~3000-3500 GtCO₂,3250.0,unit-bound range midpoint,~,,False
Qiu 等 - 2025 - Predicting forest carbon storage and identifying hotspot in the Loess Plateau under future climate c.pdf,SSP126,C3,942.4855433794125,942.4855433794125,field-only scalar,,,False
Sundquist 等 - 2024 - Integrating remotely sensed imagery in a forest gap model to study North American boreal forests in.pdf,SSP5-8.5,C7,1150 GtCO₂ from 2020,1150.0,unit-bound scalar,,,False
Sundquist 等 - 2024 - Integrating remotely sensed imagery in a forest gap model to study North American boreal forests in.pdf,SSP2-4.5,C3,1150,1150.0,field-only scalar,,,False
Jennings 等 - 2024 - Stakeholder-driven transformative adaptation is needed for climate-smart nutrition security in sub-S.pdf,HT-RCP2.6,C3 (RCP equivalent),1000 Gt CO2,1000.0,unit-bound scalar,,,False
Fungjanthuek 等 - 2022 - Ecological Niche Overlap and Prediction of the Potential Distribution of Two Sympatric Ficus.pdf,RCP2.6,C1 (Below 1.5°C),~1150 Gt CO2 (from 2020),1150.0,unit-bound scalar,~,,False
Pradhan 等 - 2024 - Appraisal of the potential habitat distribution of Madhuca longifolia manifested remarkable r.pdf,RCP2.6,C1 (RCP equivalent),~400 Gt CO2 (from 2020),400.0,unit-bound scalar,~,,False
Wu 等 - 2023 - Uncertainty in US forest carbon storage potential due to climate risks.pdf,SSP2-4.5,C2,3000,3000.0,field-only scalar,,,True
Bachner 等 - 2015 - Economic Evaluation Framework and Macroeconomic Modelling.pdf,Baseline scenario,C7: limit warming to 4°C (>50%),4067.198904304981,4067.198904304981,field-only scalar,,,False
Murakami 等 - 2025 - The vulnerability of orchids in honduras assessing loss and resilience under climate change.pdf,RCP2.6,C1-C2 (RCP equivalent),~300 Gt CO2,300.0,unit-bound scalar,~,,False
Zhang 等 - 2010 - Projected rainfall erosivity changes under climate change from multimodel and multiscenario projecti.pdf,A2,C5,102.7723603383973,102.7723603383973,field-only scalar,,,True
Zhang 等 - 2010 - Projected rainfall erosivity changes under climate change from multimodel and multiscenario projecti.pdf,B1,C5,652.4725285661066,652.4725285661066,field-only scalar,,,False
Drouet 等 - 2021 - Net zero-emission pathways reduce the physical and economic risks of climate change.pdf,Net Zero,C3,600 Gt CO2,600.0,unit-bound scalar,,,False
Drouet 等 - 2021 - Net zero-emission pathways reduce the physical and economic risks of climate change.pdf,End of Century,C5,800 Gt CO2,800.0,unit-bound scalar,,,False
Ustaoglu 等 - 2024 - Design of GIS-Based Spatial Decision Support System For Hazelnut Cultivation A Case Study Part of S.pdf,RCP 2.6,C3 (RCP equivalent),~900 Gt CO2,900.0,unit-bound scalar,~,,False
Gummadi和Rao - 2015 - Addressing the Potential Impacts of Climate Change and Variability on Agricultural Crops and Water R.pdf,A2,C5,102.7723603383973,102.7723603383973,field-only scalar,,,True
Gummadi和Rao - 2015 - Addressing the Potential Impacts of Climate Change and Variability on Agricultural Crops and Water R.pdf,B2,C4,835.4639342141137,835.4639342141137,field-only scalar,,,False
Wilson 等 - 2015 - Potential future land use threats to California's protected areas.pdf,A2,C5,102.7723603383973,102.7723603383973,field-only scalar,,,True
Wang 等 - 2024 - An Assessment of the Tipping Point Behavior for Shoreline Retreat A PCR Model Application at Vung T.pdf,SSP1-2.6,C3,~900 Gt CO2,900.0,unit-bound scalar,~,,False
Wang 等 - 2024 - An Assessment of the Tipping Point Behavior for Shoreline Retreat A PCR Model Application at Vung T.pdf,SSP2-4.5,C5,2744.812344177873 (cumulative CO2 budget from pre-industrial times),,excluded,,no unambiguous carbon-budget value,False
Hasegawa 等 - 2018 - Risk of increased food insecurity under stringent global climate change mitigation policy.pdf,RCP2.6,Very Low (SSP1-2.6),~900 Gt CO2,900.0,unit-bound scalar,~,,False
Goff 等 - 2024 - New York State Climate Impacts Assessment Chapter 01 Introduction.pdf,RCP8.5,RCP8.5 (High emissions pathway),N/A - RCP scenario does not specify carbon budget,,excluded,,explicitly missing/unspecified,False
Ahmed 等 - 2023 - Evaluating Climate Change Impacts on Cotton Phenology and Yield Under Full and Deficit Irrigation Co.pdf,RCP 4.5,C5 (RCP equivalent),Not specified,,excluded,,no unambiguous carbon-budget value,False
Ahmed 等 - 2023 - Evaluating Climate Change Impacts on Cotton Phenology and Yield Under Full and Deficit Irrigation Co.pdf,RCP 8.5,C8,Very high (>3000 GtCO₂),3000.0,unit-bound scalar,>,,False
Singh 等 - 2006 - Effiect of climate change on runoff of a glacierized Himalayan basin.pdf,TC2°C,C5,1793.871566014591,1793.871566014591,field-only scalar,,,False
"Ali 等 - 2022 - Optimizing sowing window, cultivar choice, and plant density to boost maize yield under RCP8.5 clima.pdf",RCP8.5,N/A (CMIP5 RCP),N/A (CMIP5 RCP),,excluded,,explicitly missing/unspecified,False
Xiao 等 - 2024 - Predicting the Potential Distribution of Haloxylon ammodendron under Climate Change Scenarios.pdf,SSP245-2030s,C4,2744.812344177873,2744.812344177873,field-only scalar,,,False
Sawyer 等 - 2018 - Soil carbon in Australian fire-prone forests determined by climate more than fire regimes.pdf,Fire frequency and intensity combinations affecting soil carbon pools in southeastern Australia,C7: limit warming to 4°C (>50%),4631.628201551354,4631.628201551354,field-only scalar,,,False
Ganti 等 - 2024 - Evaluating the near- and long-term role of carbon dioxide removal in meeting global climate objectiv.pdf,C1,C1,~500 Gt CO2,500.0,unit-bound scalar,~,,False
Ganti 等 - 2024 - Evaluating the near- and long-term role of carbon dioxide removal in meeting global climate objectiv.pdf,C3,C3,231.95,231.95,field-only scalar,,,False
"Zhang 等 - 2023 - Future of Carbon Storage in the Yangtze River Basin, China under Alternative Climate and Land-Use Pa.pdf",S1 (SSP1-RCP2.6),C3,~400 Gt CO2 from 2020 (remaining budget for 1.5-2°C),400.0,unit-bound scalar,~,,False
"Zhang 等 - 2023 - Future of Carbon Storage in the Yangtze River Basin, China under Alternative Climate and Land-Use Pa.pdf",S4 (Fossil-fueled development pathway with high emissions),C8 (SSP5-8.5 equivalent),Not applicable (model simulation),,excluded,,no unambiguous carbon-budget value,False
Dong 等 - 2022 - Distributional Response of the Rare and Endangered Tree Species Abies chensiensis to Climate.pdf,RCP2.6-2050s,C1 (SSP1-1.9 equivalent),~500 Gt CO2,500.0,unit-bound scalar,~,,False
Lin和Raza - 2019 - Analysis of energy related CO2 emissions in Pakistan.pdf,BAU (Business as Usual),C7: limit warming to 4°C (>50%),4421.106912693341,4421.106912693341,field-only scalar,,,False
Ruiz 等 - 2020 - Assessment of sustainable land management practices in Mediterranean rural regions.pdf,Reforestation,C7: limit warming to 4°C (>50%),4631.628201551354,4631.628201551354,field-only scalar,,,False
Roy 等 - 2014 - A FRAMEWORK FOR CLIMATE CHANGE AND VULNERABILITY ASSESSMENT IN AN URBANIZED RIVER BASIN THROUGH GEOS.pdf,Baseline Scenario,C7: limit warming to 4°C (>50%),4067.198904304981,4067.198904304981,field-only scalar,,,False
Peng 等 - 2018 - Role contribution of biological nitrogen fixation to future terrestrial net land carbon accumulation.pdf,"S1 - Combined effects of increasing atmospheric CO2 concentration, climate change, biological nitrogen fixation, and atmospheric nitrogen deposition on terrestrial carbon sequestration",C8,893.060956844902,893.060956844902,field-only scalar,,,False
Millot 等 - 2024 - Habitat shifts of the vulnerable crinoid Leptometra phalangium under climate change sc.pdf,RCP2.6,C1 (RCP equivalent),~900 Gt CO2,900.0,unit-bound scalar,~,,False
Farzin和Valikhan Anaraki - 2021 - Modeling and predicting suspended sediment load under climate change conditions a new hybridization.pdf,RCP2.6,C1 (RCP equivalent),~900 Gt CO2,900.0,unit-bound scalar,~,,False
Uwamahoro 等 - 2024 - Climatic and anthropogenic impacts on the water balance of Issyk-Kul Lake through its main catchment.pdf,SSP119,C1,~500 Gt CO2,500.0,unit-bound scalar,~,,False
Pironon 等 - 2019 - Potential adaptive strategies for 29 sub-Saharan crops under future climate change.pdf,RCP8.5,SSP5-8.5 (C8),N/A (not applicable for high-emission scenarios without stabilization),,excluded,,explicitly missing/unspecified,False
Panwar 等 - 2025 - Calculating loss and damage from extreme weather events in Small Island Developing States.pdf,Cumulative climate change-attributable loss and damage in Small Island Developing States under a 2 °C warming scenario,C5,1793.871566014591,1793.871566014591,field-only scalar,,,False
Heinrich 等 - 2023 - Changes in compound flood event frequency in northern and central Europe under climate change.pdf,RCP2.6,C3 (RCP equivalent),~900 Gt CO2,900.0,unit-bound scalar,~,,False
Gudowska 等 - 2025 - Overwintering challenges for solitary bee Osmia bicornis in the face of global warming-induce.pdf,Projected WWS,C8,1150-1400 GtCO₂ (from 2020),1275.0,unit-bound range midpoint,,,False
Martinez 等 - 2024 - Paving Paths to 2050 Mapping the Mexican Power Sector's Potential to Build Sustainable Futures.pdf,BAU,C7: limit warming to 4°C (>50%),4421.106912693341,4421.106912693341,field-only scalar,,,False
Zoraghein和O'Neill - 2020 - US State-level Projections of the Spatial Distribution of Population Consistent with Shared Socioeco.pdf,SSP2,C5,325.2897925777136,325.2897925777136,field-only scalar,,,True
Zoraghein和O'Neill - 2020 - US State-level Projections of the Spatial Distribution of Population Consistent with Shared Socioeco.pdf,SSP3,C7,5565.348400074735,5565.348400074735,field-only scalar,,,False
Zoraghein和O'Neill - 2020 - US State-level Projections of the Spatial Distribution of Population Consistent with Shared Socioeco.pdf,SSP5,C8,325.3951167461587,325.3951167461587,field-only scalar,,,True
Woolway和Merchant - 2019 - Worldwide alteration of lake mixing regimes in response to climate change.pdf,RCP 2.6,C3 (RCP equivalent),~900 Gt CO2,900.0,unit-bound scalar,~,,False
Whitney 等 - 2023 - Considering the implications of climate-induced species range shifts in marine protected areas plann.pdf,RCP 2.6,SSP1-2.6,~900 Gt CO2 (from 2020),900.0,unit-bound scalar,~,,False
Anda和Diossy - 2010 - Simulation in maize-water relations a case study for continental climate (Hungary).pdf,A2,C6,102.7723603383973,102.7723603383973,field-only scalar,,,True
Anda和Diossy - 2010 - Simulation in maize-water relations a case study for continental climate (Hungary).pdf,B2,C4,835.4639342141137,835.4639342141137,field-only scalar,,,False
Yamana 等 - 2016 - Climate change unlikely to increase malaria burden in West Africa.pdf,RCP8.5,C8 (High GHG emissions),Not applicable (exceeds budget for 2°C),,excluded,,no unambiguous carbon-budget value,False
Huang 等 - 2021 - Estimating economic impacts from future energy demand changes due to climate change and economic dev.pdf,SSP126,C1,942.49,942.49,field-only scalar,,,False
Huang 等 - 2021 - Estimating economic impacts from future energy demand changes due to climate change and economic dev.pdf,SSP245,C5,2744.812344177873,2744.812344177873,field-only scalar,,,False
Huang 等 - 2021 - Estimating economic impacts from future energy demand changes due to climate change and economic dev.pdf,SSP460,C4,3780.382844728474,3780.382844728474,field-only scalar,,,False
Anaraki 等 - 2021 - Uncertainty Analysis of Climate Change Impacts on Flood Frequency by Using Hybrid Machine Learning M.pdf,CanESM2 RCP2.6,C1 (Low GHG emissions),~500 Gt CO2,500.0,unit-bound scalar,~,,False
Iles 等 - 2024 - Strong regional trends in extreme weather over the next two decades under high- and low-emissions pa.pdf,SSP1-2.6,C1,500.0,500.0,field-only scalar,,,False
Iles 等 - 2024 - Strong regional trends in extreme weather over the next two decades under high- and low-emissions pa.pdf,SSP5-8.5,C8,Not applicable (exceeds budget),,excluded,,no unambiguous carbon-budget value,False
Harrison 等 - 2019 - Differences between low-end and high-end climate change impacts in Europe across multiple sectors.pdf,RCP2.6,C1 (SSP1-2.6),~500 Gt CO2 from 2020,500.0,unit-bound scalar,~,,False
Harrison 等 - 2019 - Differences between low-end and high-end climate change impacts in Europe across multiple sectors.pdf,RCP8.5,C8,High-emissions pathway (no carbon budget constraint),,excluded,,no unambiguous carbon-budget value,False
"Abdo 等 - 2009 - Assessment of climate change impacts on the hydrology of Gilgel Abay catchment in Lake Tana basin, E.pdf",A2,C5,102.7723603383973,102.7723603383973,field-only scalar,,,True
"Abdo 等 - 2009 - Assessment of climate change impacts on the hydrology of Gilgel Abay catchment in Lake Tana basin, E.pdf",B2,C5,835.4639342141137,835.4639342141137,field-only scalar,,,False
Ma 等 - 2025 - Spatial and temporal evolution of future atmospheric reactive nitrogen deposition in China under dif.pdf,SSP2-4.5,C5,2744.812344177873,2744.812344177873,field-only scalar,,,False
Wan 等 - 2015 - Decadal climate variability and vulnerability of water resources in arid regions of Northwest China.pdf,RCP2.6,C1 (RCP equivalent),~500 Gt CO2 from 2020,500.0,unit-bound scalar,~,,False
Yazdanpanah 等 - 2016 - Effect of climate change impact on tourism A study on climate comfort of Zayandehroud River route f.pdf,B1,C4,652.4725285661066,652.4725285661066,field-only scalar,,,False
Park 等 - 2025 - Association of ambient temperatures with suicide attempts and violence with the future projections u.pdf,SSP2-4.5,C3,1150,1150.0,field-only scalar,,,False
Wang 等 - 2012 - Assessing water resources in China using PRECIS projections and a VIC model.pdf,A2,C4,102.7723603383973,102.7723603383973,field-only scalar,,,False
Wang 等 - 2012 - Assessing water resources in China using PRECIS projections and a VIC model.pdf,B2,C6,835.4639342141137,835.4639342141137,field-only scalar,,,False
Bedair 等 - 2025 - Future Expansion of Sterculia foetida L. (Malvaceae) Predicting Invasiveness in a Changing C.pdf,SSP1-2.6,C1,~900 Gt CO2,900.0,unit-bound scalar,~,,False
"Liu 等 - 2025 - Decoding the Secrets of Agricultural Light, Heat, and Water Resources in Beijing Under Climate Chang.pdf",SSP126,C1,300-500 GtCO₂,400.0,unit-bound range midpoint,,,False
Bouttes 等 - 2025 - Projections of coral reef carbonate production from a global climate-coral reef coupled model.pdf,SSP1-2.6,C3,~900 Gt CO2,900.0,unit-bound scalar,~,,False
Li Zhi 等 - 2010 - Assessing and regulating the impacts of climate change on water resources in the Heihe watershed on.pdf,A2,C5,102.7723603383973,102.7723603383973,field-only scalar,,,True
Li Zhi 等 - 2010 - Assessing and regulating the impacts of climate change on water resources in the Heihe watershed on.pdf,B2,C5,835.4639342141137,835.4639342141137,field-only scalar,,,False
Jeong 等 - 2014 - A copula-based multivariate analysis of Canadian RCM projected changes to flood characteristics for.pdf,A2,C7,102.7723603383973,102.7723603383973,field-only scalar,,,True
Mandel 等 - 2025 - Mapping global financial risks under climate change.pdf,RCP 2.6 2020-2100,"C1 (SSP1-2.6, likely limit warming to 1.5 °C (>50%) with no or limited overshoot)",~900 Gt CO2,900.0,unit-bound scalar,~,,False
Zampieri 等 - 2012 - Regional climate change in the Northern Adriatic.pdf,A2,C6,102.7723603383973,102.7723603383973,field-only scalar,,,True
Basen 等 - 2022 - Suitability of Natura 2000 sites for threatened freshwater species under projected climate change.pdf,SSP126,C1,500-900 Gt CO₂,700.0,unit-bound range midpoint,,,False
Liu 等 - 2019 - Water Productivity Evaluation under Multi-GCM Projections of Climate Change in Oases of the Heihe Ri.pdf,RCP2.6,C1 (Low GHG emissions),~500 Gt CO2 from 2020,500.0,unit-bound scalar,~,,False
Badora 等 - 2023 - Modelling 2050 Water Retention Scenarios for Irrigated and Non-Irrigated Crops for Adaptation to Cli.pdf,RCP4.5,C3 (Below 2°C),1200 GtCO₂ from 2020,1200.0,unit-bound scalar,,,False
Zhao 等 - 2022 - Poverty and inequality implications of carbon pricing under the long-term climate target.pdf,NDC,C5: limit warming to 2.5°C (>50%),1265.536430416577,1265.536430416577,field-only scalar,,,False
Dong 等 - 2024 - Comparative analysis of climate-induced habitat shift of economically significant species with diver.pdf,SSP1-2.6 (sustainability path with strong mitigation),C3,~900 Gt CO2,900.0,unit-bound scalar,~,,False
Dong 等 - 2024 - Comparative analysis of climate-induced habitat shift of economically significant species with diver.pdf,SSP2-4.5,C5,1400 GtCO₂ from 2020 (for 50% probability of limiting warming to 2°C),1400.0,unit-bound scalar,,,False
De Marco 等 - 2014 - Future impacts of nitrogen deposition and climate change scenarios on forest crown defoliation.pdf,RCP2.6,C3 (RCP equivalent),~900 Gt CO2,900.0,unit-bound scalar,~,,False
Zhang 等 - 2024 - Biogeography of a Global Plant Invader From the Evolutionary History to Future Distributions.pdf,RCP 2.6,C1 (SSP1-2.6),~400-500 Gt CO2 from 2020,450.0,unit-bound range midpoint,~,,False
Fujimori 等 - 2022 - Land-based climate change mitigation measures can affect agricultural markets and food security.pdf,SSP2,C5,325.2897925777136,325.2897925777136,field-only scalar,,,True
Li hongyan 等 - 2021 - Shallow groundwater level under climate change conditions in the Taoer River plain.pdf,SSP126,C1,1150,1150.0,field-only scalar,,,False
Li hongyan 等 - 2021 - Shallow groundwater level under climate change conditions in the Taoer River plain.pdf,SSP245,C3,2744.812344177873,2744.812344177873,field-only scalar,,,False
Acharya - 2017 - Quantification of Modeled Streamflows under Climate Change over the Flint River Watershed in Norther.pdf,RCP2.6,C3 (RCP equivalent),~900 Gt CO2,900.0,unit-bound scalar,~,,False
Ding 等 - 2022 - An overall optimization and solution framework for urban historical and future DRIF under climate ch.pdf,SSP1-2.6,C1,~500 Gt CO₂,500.0,unit-bound scalar,~,,False
Ding 等 - 2022 - An overall optimization and solution framework for urban historical and future DRIF under climate ch.pdf,SSP2-4.5,C5,2744.812344177873,2744.812344177873,field-only scalar,,,False
Ding 等 - 2022 - An overall optimization and solution framework for urban historical and future DRIF under climate ch.pdf,SSP5-8.5 (fossil fuel development pathway),C8,N/A (not applicable as this scenario does not specify a carbon budget),,excluded,,explicitly missing/unspecified,False
Ankrah 等 - 2023 - Extreme Temperature and Rainfall Events and Future Climate Change Projections in the Coastal Savanna.pdf,RCP2.6,C1 (RCP equivalent),~990 Gt CO2 (2011-2100 cumulative),990.0,unit-bound scalar,~,,False
Mbhamali和Chikoore - 2025 - Nonparametric and Innovative Hydroclimatic Trend Detection over the South African Sugar Belt.pdf,SSP2–4.5,C5,2744.812344177873,2744.812344177873,field-only scalar,,,False
Merkens 等 - 2018 - Regionalisation of population growth projections in coastal exposure analysis.pdf,SSP1,C3,~900 Gt CO2,900.0,unit-bound scalar,~,,False
Merkens 等 - 2018 - Regionalisation of population growth projections in coastal exposure analysis.pdf,SSP5,C5,325.3951167461587,325.3951167461587,field-only scalar,,,True
"Liersch 等 - 2020 - One simulation, different conclusions-the baseline period makes the difference!.pdf",RCP2.6,C1,~400 Gt CO₂ (from 2020),400.0,unit-bound scalar,~,,False
"Liersch 等 - 2020 - One simulation, different conclusions-the baseline period makes the difference!.pdf",RCP8.5,C8 (SSP5-8.5),Very high (>2000 GtCO₂ from 2020),2000.0,unit-bound scalar,>,,False
Chen 等 - 2016 - Modeling temporal variations in global residential energy consumption and pollutant emissions.pdf,B1,C4,652.4725285661066,652.4725285661066,field-only scalar,,,False
Chen 等 - 2016 - Modeling temporal variations in global residential energy consumption and pollutant emissions.pdf,A2,C4,102.7723603383973,102.7723603383973,field-only scalar,,,False
Womersley 等 - 2024 - Climate-driven global redistribution of an ocean giant predicts increased threat from shipping.pdf,ssp126,C1,~500 Gt CO2 (from 2020),500.0,unit-bound scalar,~,,False
Yang 等 - 2024 - Impacts of climate change on environmental and economic sustainability of flexible pavements across.pdf,SSP126,C1,Approximately 1000 GtCO2 from 2020,1000.0,unit-bound scalar,,,False
Feloni和Baltas - 2020 - Impact of population growth and climate change on the resilience of Florinas hydrosystem.pdf,A,C7: limit warming to 4°C (>50%),2994.686676976194,2994.686676976194,field-only scalar,,,False
Feloni和Baltas - 2020 - Impact of population growth and climate change on the resilience of Florinas hydrosystem.pdf,C,C5: limit warming to 2.5°C (>50%),1265.536430416577,1265.536430416577,field-only scalar,,,False
Xiong和Yang - 2025 - PDSI_CMIP6 an ensemble CMIP6-projected self-calibrated Palmer drought severity index dataset.pdf,SSP1-2.6,C3,~900 Gt CO2,900.0,unit-bound scalar,~,,False
Xiong和Yang - 2025 - PDSI_CMIP6 an ensemble CMIP6-projected self-calibrated Palmer drought severity index dataset.pdf,SSP2-4.5,C3,2744.812344177873,2744.812344177873,field-only scalar,,,False
Zhou 等 - 2010 - Impact of climate change on irrigation requirements in terms of groundwater resources.pdf,A1,C5,216.8368249438647,216.8368249438647,field-only scalar,,,True
Zhou 等 - 2010 - Impact of climate change on irrigation requirements in terms of groundwater resources.pdf,A2,C6,102.7723603383973,102.7723603383973,field-only scalar,,,True
Lin 等 - 2025 - Using climate change metrics to inform conservation of Canada's Priority Places for Species at Risk.pdf,SSP2-4.5,C3,2744.812344177873,2744.812344177873,field-only scalar,,,False
Chadwick 等 - 2021 - Assessing Reservoir Performance under Climate Change. When Is It Going to Be Too Late If Current Wat.pdf,RCP2.6,C1 (Low),~900 Gt CO2,900.0,unit-bound scalar,~,,False
Nesje 等 - 2023 - Philosophers and economists agree on climate policy paths but for different reasons.pdf,Median philosopher view,C1,~500 Gt CO2,500.0,unit-bound scalar,~,,False
Schleussner 等 - 2018 - Crop productivity changes in 1.5 °C and 2 °C worlds under climate sensitivity uncertainty.pdf,1.5°C warming at 390 ppm CO2,C3,~900 Gt CO2,900.0,unit-bound scalar,~,,False
Schleussner 等 - 2018 - Crop productivity changes in 1.5 °C and 2 °C worlds under climate sensitivity uncertainty.pdf,2°C warming at 590 ppm CO2,C5,1793.871566014591,1793.871566014591,field-only scalar,,,False
Debeire 等 - 2025 - Constraining uncertainty in projected precipitation over land with causal discovery.pdf,SSP2-4.5,C5,2744.812344177873,2744.812344177873,field-only scalar,,,False
Kurganskiy 等 - 2021 - Predicting the severity of the grass pollen season and the effect of climate change in Northwest Eur.pdf,Mechanistic model with doubled CO2 concentration,C3,1793.871566014591,1793.871566014591,field-only scalar,,,False
Maamoun 等 - 2025 - A SEAT AT THE TABLE DISTRIBUTIONAL IMPACTS OF FOOD-PRICE INCREASES DUE TO CLIMATE CHANGE.pdf,A2,C7,102.7723603383973,102.7723603383973,field-only scalar,,,True
Adams和Hayes - 2021 - The Importance of Water Availability to Bats Climate Warming and Increasing Global Aridity.pdf,2°C increase in ambient temperatures,C6,1793.871566014591,1793.871566014591,field-only scalar,,,False
Meiler 等 - 2025 - Navigating and attributing uncertainty in future tropical cyclone risk estimates.pdf,SSP245,C3,1350,1350.0,field-only scalar,,,False
Zubler 等 - 2014 - Localized climate change scenarios of mean temperature and precipitation over Switzerland.pdf,A2,C5,102.7723603383973,102.7723603383973,field-only scalar,,,True
Supharatid和Nafung - 2021 - Projected drought conditions by CMIP6 multimodel ensemble over Southeast Asia.pdf,SSP2-4.5,C4,~1150-1400 GtCO₂,1275.0,unit-bound range midpoint,~,,False
Xie 等 - 2024 - Climate-driven changes to the spatial-temporal pattern of endangered tree Toona ciliata Roem..pdf,SSP1-2.6,C3,~900 Gt CO2,900.0,unit-bound scalar,~,,False
Xie 等 - 2024 - Climate-driven changes to the spatial-temporal pattern of endangered tree Toona ciliata Roem..pdf,SSP2-4.5,C5,2744.812344177873,2744.812344177873,field-only scalar,,,False
Hagemann 等 - 2013 - Climate change impact on available water resources obtained using multiple global climate and hydrol.pdf,A2,C5,102.7723603383973,102.7723603383973,field-only scalar,,,True
Hagemann 等 - 2013 - Climate change impact on available water resources obtained using multiple global climate and hydrol.pdf,B1,C5,652.4725285661066,652.4725285661066,field-only scalar,,,False
"Xiong Wei 等 - 2009 - Future cereal production in China The interaction of climate change, water availability and socio-e.pdf",A2: High-emission scenario with rapid economic growth and high population growth,C7,102.7723603383973,102.7723603383973,field-only scalar,,,True
"Xiong Wei 等 - 2009 - Future cereal production in China The interaction of climate change, water availability and socio-e.pdf",B2 - A lower-emission SRES scenario with moderate economic growth and environmental sustainability,C7,835.4639342141137,835.4639342141137,field-only scalar,,,False
Fernando 等 - 2024 - Assessing Climate-Change-Driven Impacts on Water Scarcity A Case Study of Low-Flow Dynamics in the.pdf,RCP2.6,SSP1-2.6,~300-400 Gt CO2,350.0,unit-bound range midpoint,~,,False
Abbasi 等 - 2022 - Potential influence of climate and land-use changes on green water security in a semi-arid catchment.pdf,RCP2.6,SSP1-1.9,~500 Gt CO2,500.0,unit-bound scalar,~,,False
Zhang 等 - 2024 - Spatial and Temporal Distribution of Habitat Pattern of Trichiurus japonicus in the Northern.pdf,SSP1-2.6,C1,500 GtCO₂,500.0,unit-bound scalar,,,False
Zhang 等 - 2013 - Bayesian analysis of climate change effects on observed and projected airborne levels of birch polle.pdf,B1,C1,~500 Gt CO2,500.0,unit-bound scalar,~,,False
Zhang 等 - 2013 - Bayesian analysis of climate change effects on observed and projected airborne levels of birch polle.pdf,A2,C7,102.7723603383973,102.7723603383973,field-only scalar,,,True
"Marchi 等 - 2020 - y ClimateEU, scale-free climate normals, historical time series, and future projections for Europe.pdf",RCP4.5,C3 (Below 2°C),~3000 GtCO₂ from 2020,3000.0,unit-bound scalar,~,,False
Yousefpour和Augustynczik - 2019 - Uncertainty of Carbon Economy Using the Faustmann Model.pdf,RCP 2.6,SSP1-2.6,~900 Gt CO2,900.0,unit-bound scalar,~,,False
Zhao 等 - 2023 - Projected changes in socioeconomic exposure to compound hot-dryhot-wet days in China under CMIP6 fo.pdf,SSP1-2.6,C3,~900 Gt CO2,900.0,unit-bound scalar,~,,False
Feng 等 - 2024 - CoBacFM Core bacteria forecast model for global grassland pH dynamics under future climate warming.pdf,SSP126,C1,400-800 GtCO₂ from 2020,600.0,unit-bound range midpoint,,,False
Yano 等 - 2007 - Impact of climate change on irrigation demand and crop growth in a Mediterranean environment of Turk.pdf,A2,C5,102.7723603383973,102.7723603383973,field-only scalar,,,True
Alvar-Beltran 等 - 2022 - Modelling climate change impacts on wet and dry season rice in Cambodia.pdf,RCP4.5,C3 (Below 2°C),~1000-1500 GtCO₂ from 2020,1250.0,unit-bound range midpoint,~,,False
Muller 等 - 2025 - Historical performance and future climate projections from CMIP6 models in central-eastern Argentina.pdf,SSP1–2.6,C3,~900 Gt CO2,900.0,unit-bound scalar,~,,False
Muller 等 - 2025 - Historical performance and future climate projections from CMIP6 models in central-eastern Argentina.pdf,SSP2–4.5,C3,~2745 GtCO₂,2745.0,unit-bound scalar,~,,False
Dalla Longa和van der Zwaan - 2017 - Do Kenya's climate change mitigation ambitions necessitate large-scale renewable energy deployment a.pdf,NDC,C4,1265.536430416577,1265.536430416577,field-only scalar,,,False
Dalla Longa和van der Zwaan - 2017 - Do Kenya's climate change mitigation ambitions necessitate large-scale renewable energy deployment a.pdf,TAX,C5,893.060956844902,893.060956844902,field-only scalar,,,False
Payne 等 - 2022 - Skilful decadal-scale prediction of fish habitat and distribution shifts.pdf,SSP5-8.5,C8,~4000 GtCO₂ (from 2020),4000.0,unit-bound scalar,~,,False
Wortmann 等 - 2022 - Projected climate change and its impacts on glaciers and water resources in the headwaters of the Ta.pdf,RCP 2.6,C3 (RCP equivalent),~900 Gt CO2,900.0,unit-bound scalar,~,,False
Zhang 等 - 2024 - Impacts of Climate Change on Arctic Winter Cyclones.pdf,RCP2.6,C3,~900 Gt CO2,900.0,unit-bound scalar,~,,False
Guay 等 - 2015 - A global portrait of hydrological changes at the 2050 horizon for the province of Quebec.pdf,A2,C6,102.7723603383973,102.7723603383973,field-only scalar,,,True
Bao 等 - 2016 - A spatial-dependent model for climate emulation.pdf,low,C3: limit warming to 2°C (>67%),440.0556818855494,440.0556818855494,field-only scalar,,,False
Elli和Archontoulis - 2023 - Dissecting the contribution of weather and management on water table dynamics under present and futu.pdf,RCP2.6,C1,~500-900 Gt CO2 from 2020,700.0,unit-bound range midpoint,~,,False
Elli和Archontoulis - 2023 - Dissecting the contribution of weather and management on water table dynamics under present and futu.pdf,RCP8.5,SSP5-8.5,High (>1000 GtCO₂ from 2020),1000.0,unit-bound scalar,>,,False
Yin 等 - 2018 - Addressing Climate Change Impacts on Streamflow in the Jinsha River Basin Based on CMIP5 Climate Mod.pdf,RCP2.6,C3 (RCP equivalent),~900 Gt CO2,900.0,unit-bound scalar,~,,False
Molina Bacca 等 - 2025 - Future land-use pattern projections and their differences within the ISIMIP3b framework.pdf,SSP1–RCP2.6,C3 (RCP equivalent),~900 Gt CO2,900.0,unit-bound scalar,~,,False
Valino 等 - 2010 - Effect of temperature increase on cooling systems in livestock farms.pdf,A2,C5,102.7723603383973,102.7723603383973,field-only scalar,,,True
Valino 等 - 2010 - Effect of temperature increase on cooling systems in livestock farms.pdf,B2,C4,835.4639342141137,835.4639342141137,field-only scalar,,,False
Ahmadbeygi 等 - 2021 - Evaluation of climate change impacts on soil erosion in a catchment in the west of Iran.pdf,RCP2.6,C2 (1.5°C with no or limited overshoot),~900 Gt CO2,900.0,unit-bound scalar,~,,False
Ahmadbeygi 等 - 2021 - Evaluation of climate change impacts on soil erosion in a catchment in the west of Iran.pdf,A2,C2: return warming to 1.5°C (>50%) after a high overshoot,102.7723603383973,102.7723603383973,field-only scalar,,,False
Ahmadbeygi 等 - 2021 - Evaluation of climate change impacts on soil erosion in a catchment in the west of Iran.pdf,B2,C3: limit warming to 2°C (>67%),835.4639342141137,835.4639342141137,field-only scalar,,,False
Zhao 等 - 2024 - Dissecting the vital role of dietary changes in food security assessment under climate change.pdf,SSP2-4.5,C3,2744.812344177873,2744.812344177873,field-only scalar,,,False
Siebels 等 - 2025 - Current and future temperature suitability for autochthonous transmission of malaria in Canada.pdf,SSP1-126,C1,~900 Gt CO2,900.0,unit-bound scalar,~,,False
Zhang 等 - 2025 - Assessment of ecological risk under different SSP-RCP scenarios of the Xinjiang province in China.pdf,SSP-RCP126,C1,400-1000 Gt CO2 from 2020,700.0,unit-bound range midpoint,,,False
Zhang 等 - 2025 - Assessment of ecological risk under different SSP-RCP scenarios of the Xinjiang province in China.pdf,SSP3-7.0,SSP3-7.0,4000 GtCO2,4000.0,unit-bound scalar,,,False
Clerici 等 - 2019 - Spatio-temporal and cumulative effects of land use-land cover and climate change on two ecosystem se.pdf,RCP2.6,C3 (RCP equivalent),~900 Gt CO2,900.0,unit-bound scalar,~,,False
Knott 等 - 2019 - A Framework for Introducing Climate-Change Adaptation in Pavement Management.pdf,RCP4.5,C3 (Likely below 2°C),Not defined in RCP framework,,excluded,,no unambiguous carbon-budget value,False
Jones 等 - 2023 - Continental United States climate projections based on thermodynamic modification of historical weat.pdf,SSP245,C3,2744.812344177873,2744.812344177873,field-only scalar,,,False
Jani 等 - 2023 - Climate zoning under climate change scenarios in the basin of Lake Urmia and in vicinity basins.pdf,A2,C2: return warming to 1.5°C (>50%) after a high overshoot,102.7723603383973,102.7723603383973,field-only scalar,,,False
Jani 等 - 2023 - Climate zoning under climate change scenarios in the basin of Lake Urmia and in vicinity basins.pdf,B1,C3: limit warming to 2°C (>67%),652.4725285661066,652.4725285661066,field-only scalar,,,False
Pradhan 等 - 2014 - Food Self-Sufficiency across Scales How Local Can We Go.pdf,A2,C5,102.7723603383973,102.7723603383973,field-only scalar,,,True
Pradhan 等 - 2014 - Food Self-Sufficiency across Scales How Local Can We Go.pdf,B2,C4,835.4639342141137,835.4639342141137,field-only scalar,,,False
Kittel 等 - 2011 - Climate vulnerability of ecosystems and landscapes on Alaska's North Slope.pdf,A2,C6,102.7723603383973,102.7723603383973,field-only scalar,,,True
Kishoare和Arunbabu - 2024 - Assessing climate change impacts in the Cauvery Basin using evapotranspiration projections and its i.pdf,SSP2-4.5,C3,2744.812344177873,2744.812344177873,field-only scalar,,,False
Ab Lah 等 - 2021 - Predicting the Habitat Suitability of Melaleuca cajuputi Based on the MaxEnt Species Distribu.pdf,RCP2.6,C1 (Below 1.5°C),~900 Gt CO2,900.0,unit-bound scalar,~,,False
Chemura 等 - 2024 - Dataset of the suitability of major food crops in Africa under climate change.pdf,SSP1:RCP2.6,C1,~500 Gt CO2,500.0,unit-bound scalar,~,,False
Chemura 等 - 2024 - Dataset of the suitability of major food crops in Africa under climate change.pdf,SSP3:RCP7.0,C8,Not defined for this high-warming scenario,,excluded,,no unambiguous carbon-budget value,False
Chemura 等 - 2024 - Dataset of the suitability of major food crops in Africa under climate change.pdf,SSP5:RCP8.5,SSP5-8.5,Exhausted,,excluded,,no unambiguous carbon-budget value,False
Hillebrand 等 - 2023 - Contrasting impacts of climate change on protection forests of the Italian Alps.pdf,CC1a (SSP1-RCP2.6),C1 (Low GHG emissions),~400-700 Gt CO2,550.0,unit-bound range midpoint,~,,False
Kumschick 等 - 2025 - Mapping potential environmental impacts of alien species in the face of climate change.pdf,ssp1.26,C1,≈500 Gt CO2,500.0,unit-bound scalar,≈,,False
"Zhang 等 - 2016 - Impacts of climate change on streamflows under RCP scenarios A case study in Xin River Basin, China.pdf",RCP2.6,C3,~750 Gt CO2,750.0,unit-bound scalar,~,,False
Wang 等 - 2023 - Prediction of Future Urban Rainfall and Waterlogging Scenarios Based on CMIP6 A Case Study of Beiji.pdf,SSP1–2.6,C3,~900 Gt CO2,900.0,unit-bound scalar,~,,False
Wang 等 - 2023 - Prediction of Future Urban Rainfall and Waterlogging Scenarios Based on CMIP6 A Case Study of Beiji.pdf,SSP2–4.5,C5,2744.81,2744.81,field-only scalar,,,False
Hallegatte和Rozenberg - 2017 - Climate change through a poverty lens.pdf,Prosperity scenario,C2,~700 Gt CO2,700.0,unit-bound scalar,~,,False
Zhang 等 - 2024 - Mechanisms for carbon stock driving and scenario modeling in typical mountainous watersheds of north.pdf,SSP2-4.5,C2,1000-1500 GtCO₂ from 2020,1250.0,unit-bound range midpoint,,,False
Liu 等 - 2024 - Mitigating nitrogen losses with almost no crop yield penalty during extremely wet years.pdf,SSP126,C1,≈ 500 Gt CO₂,500.0,unit-bound scalar,≈,,False
Sonnenborg 等 - 2012 - Assessment of climate change impacts on the quantity and quality of a coastal catchment using a coup.pdf,A2,C5,102.7723603383973,102.7723603383973,field-only scalar,,,True
Lu和Huang - 2023 - Predicting negative Effects of Climate Change on Taiwan's endemic Bumblebee Bombus formosellusi.pdf,RCP 2.6,C1 (RCP2.6 equivalent),~900 Gt CO2,900.0,unit-bound scalar,~,,False
Besbes和Chahed - 2023 - Predictability of water resources with global climate models. Case of Northern Tunisia.pdf,SSP2-4.5,C5,1150 Gt CO₂ (best-estimate 2020-2100 C5 budget),1150.0,unit-bound scalar,,,False
Zhu 等 - 2019 - Comprehensively assessing the drivers of future air quality in California.pdf,BASE,C7: limit warming to 4°C (>50%),2994.686676976194,2994.686676976194,field-only scalar,,,False
Zhu 等 - 2019 - Comprehensively assessing the drivers of future air quality in California.pdf,TECH,C3: limit warming to 2°C (>67%),652.4725285661066,652.4725285661066,field-only scalar,,,False
Hurteau 等 - 2014 - Projected Effects of Climate and Development on California Wildfire Emissions through 2100.pdf,A2,C5,102.7723603383973,102.7723603383973,field-only scalar,,,True
Hurteau 等 - 2014 - Projected Effects of Climate and Development on California Wildfire Emissions through 2100.pdf,B1,C4,652.4725285661066,652.4725285661066,field-only scalar,,,False
"Reta - 2025 - Assessing climate change impacts on maize yield and effects of mulching adaptation in Arba Minch, Et.pdf",SSP2-4.5,C2,2744.812344177873,2744.812344177873,field-only scalar,,,True
"Belisle 等 - 2025 - Indigenous knowledge, forest landscape modeling, and the cumulative effects of environmental changes.pdf",RCP8.5,C8,Approx. 2000 GtCO₂ (2011-2100),2000.0,unit-bound scalar,,,False
Chu 等 - 2020 - Reduced tropical cyclone densities and ocean effects due to anthropogenic greenhouse warming.pdf,2×CO2,C5,1793.871566014591,1793.871566014591,field-only scalar,,,False
Yang 等 - 2003 - Global potential soil erosion with reference to land use and climate changes.pdf,C,C5: limit warming to 2.5°C (>50%),1265.536430416577,1265.536430416577,field-only scalar,,,False
Yang 等 - 2003 - Global potential soil erosion with reference to land use and climate changes.pdf,Historical soil erosion based on land use and climate conditions from the 1900s to the 1980s,C2: return warming to 1.5°C (>50%) after a high overshoot,212.8537743020109,212.8537743020109,field-only scalar,,,False
Li 等 - 2025 - Research on the synergistic prediction of the suitable distribution and chemical components of Pa.pdf,SSP126,C1,500.0,500.0,field-only scalar,,,False
Li 等 - 2025 - Research on the synergistic prediction of the suitable distribution and chemical components of Pa.pdf,SSP245,C2,2744.812344177873,2744.812344177873,field-only scalar,,,True
Xu 等 - 2024 - A Multi-Objective Optimization Framework for Coupled Grey-Green Infrastructure of Areas with Contami.pdf,SSP126-N,C1,~500 Gt CO2 from 2020,500.0,unit-bound scalar,~,,False
Adejuwon - 2005 - Assessing the suitability of the epic crop model for use in the study of impacts of climate variabil.pdf,Sensitivity Analysis (+1°C max/+2°C min temperature change),C5: limit warming to 2.5°C (>50%),1793.871566014591,1793.871566014591,field-only scalar,,,False
Guo 等 - 2024 - Simulation and Forecast of Coastal Ecosystem Services in Jiaodong Peninsula Based on SSP-RCP Scenari.pdf,SSP1-2.6,C1,~500 Gt CO2,500.0,unit-bound scalar,~,,False
Guo 等 - 2024 - Simulation and Forecast of Coastal Ecosystem Services in Jiaodong Peninsula Based on SSP-RCP Scenari.pdf,SSP2-4.5,C3,1200 GtCO₂,1200.0,unit-bound scalar,,,False
Swarna和Hossain - 2023 - Asphalt binder selection for future Canadian climatic conditions using various pavement temperature.pdf,RCP2.6,C1 (Low GHG emissions),1150 Gt CO2 from 2020 (for 50% chance of 1.5°C),1150.0,unit-bound scalar,,,False
Spafford和MacDougall - 2020 - Quantifying the probability distribution function of the transient climate response to cumulative CO.pdf,2°C warming carbon budget,C3,1100 PgC,4030.4,unit-bound scalar,,,False
Zhu 等 - 2022 - Projected changes in Antarctic daily temperature in CMIP6 under different warming scenarios during t.pdf,SSP1-2.6,C3,~900 Gt CO2,900.0,unit-bound scalar,~,,False
"Kristvik 等 - 2019 - Assessment of future water availability under climate change, considering scenarios for population g.pdf",RCP2.6,C2 (SSP1-2.6),~1150 Gt CO2 from 2020,1150.0,unit-bound scalar,~,,False
Forster 等 - 2013 - Evaluating adjusted forcing and model spread for historical and future scenarios in the CMIP5 genera.pdf,RCP2.6,SSP1-2.6,~1150 Gt CO2 from 2020,1150.0,unit-bound scalar,~,,False
Zhang 等 - 2024 - Permafrost Degradation Risk Evaluation in the Qinghai-Tibet Plateau Under Climate Change Based on Ma.pdf,SSP2-4.5,C3,~2400 GtCO2,2400.0,unit-bound scalar,~,,False
Zhang 等 - 2022 - Hydrological and water quality simulation and future runoff prediction under CMIP6 scenario in the u.pdf,SSP1-2.6,C3,~900 Gt CO2,900.0,unit-bound scalar,~,,False
Zhang 等 - 2022 - Hydrological and water quality simulation and future runoff prediction under CMIP6 scenario in the u.pdf,SSP2-4.5,C5,2744.812344177873,2744.812344177873,field-only scalar,,,False
Shivam 等 - 2017 - Analysis of the change in temperature trends in Subansiri River basin for RCP scenarios using CMIP5.pdf,RCP2.6,Approx. SSP1-2.6,N/A (approx. ~900 Gt CO2 for SSP1-2.6),,excluded,,explicitly missing/unspecified,False
Shivam 等 - 2017 - Analysis of the change in temperature trends in Subansiri River basin for RCP scenarios using CMIP5.pdf,RCP8.5,C8,Very high (exceeds 3000 GtCO₂ from 2020),3000.0,unit-bound scalar,,,False
Alqahtani 等 - 2025 - Projecting the global spread of xylella fastidiosa under climate change using maxent modeling.pdf,RCP 2.6,SSP1-2.6,~400-500 Gt CO2 from 2020,450.0,unit-bound range midpoint,~,,False
Alqahtani 等 - 2025 - Projecting the global spread of xylella fastidiosa under climate change using maxent modeling.pdf,RCP 8.5,SSP5-8.5,Not applicable,,excluded,,no unambiguous carbon-budget value,False
Williams 等 - 2021 - Climate change complicates efforts to ensure survival and recovery of St. Lawrence Estuary beluga.pdf,Management Baseline,C7: limit warming to 4°C (>50%),4067.198904304981,4067.198904304981,field-only scalar,,,False
Smith 等 - 2025 - A Climate-Informed Approach to Create Hourly Future Weather Timeseries for Power System Planning.pdf,SSP1-2.6,C1,~500 Gt CO₂ from 2020,500.0,unit-bound scalar,~,,False
Gonseth和Vielle - 2019 - A General Equilibrium Assessment of Climate Change Impacts on Swiss Winter Tourism with Adaptation.pdf,CHE,C5,212.8537743020109,212.8537743020109,field-only scalar,,,True
Gonseth和Vielle - 2019 - A General Equilibrium Assessment of Climate Change Impacts on Swiss Winter Tourism with Adaptation.pdf,WORLD,C5,4182.783765496274,4182.783765496274,field-only scalar,,,False
Kimura 等 - 2025 - Reduction of the uncertainty of flood projection under a future climate by focusing on similarities.pdf,SSP1-RCP2.6,SSP1-2.6,~900 Gt CO2,900.0,unit-bound scalar,~,,False
Li 等 - 2024 - Simulation of Pseudostellaria heterophylla distribution in China assessing habitat suitabili.pdf,SSP1-2.6,C3/1.8°C,942.4855433794125,942.4855433794125,field-only scalar,,,False
Flower 等 - 2019 - Shifting Ground Landscape-Scale Modeling of Biogeochemical Processes under Climate Change in the Fl.pdf,Baseline,C7: limit warming to 4°C (>50%),4067.198904304981,4067.198904304981,field-only scalar,,,False
Zukert - 2011 - Forecasting estimates of weather conditions for fire-hazardous season in forests.pdf,A2,C7,102.7723603383973,102.7723603383973,field-only scalar,,,True
Zukert - 2011 - Forecasting estimates of weather conditions for fire-hazardous season in forests.pdf,B1 - Soft Scenario for Stable Development,C7,652.4725285661066,652.4725285661066,field-only scalar,,,False
Beath 等 - 2025 - An exploration and evaluation framework for climate change mitigation scenarios with varying feasibi.pdf,EN_NPi2020_400f,C1,~500 Gt CO2,500.0,unit-bound scalar,~,,False
Zhou 等 - 2025 - Spatiotemporal simulation of sustainable development based on ecosystem services under climate chang.pdf,SSP126,C1,400-500 GtCO₂,450.0,unit-bound range midpoint,,,False
Zhou 等 - 2025 - Spatiotemporal simulation of sustainable development based on ecosystem services under climate chang.pdf,SSP245,C5,2744.812344177873,2744.812344177873,field-only scalar,,,False
Barthel 等 - 2011 - Global change impacts on groundwater in Southern Germany-Part 2 Socioeconomic aspects.pdf,REMO-regional – Baseline,C7: limit warming to 4°C (>50%),4067.198904304981,4067.198904304981,field-only scalar,,,False
Morichetti 等 - 2024 - Predicted Future Changes in the Mean Seasonal Carbon Cycle Due to Climate Change.pdf,RCP2.6,C3 (RCP equivalent),~900 Gt CO2,900.0,unit-bound scalar,~,,False
Li 等 - 2024 - Streamflow Variation under Climate Conditions Based on a Soil and Water Assessment Tool Model A Cas.pdf,SSP1-2.6,C1,~500 Gt CO2,500.0,unit-bound scalar,~,,False
Li 等 - 2024 - Streamflow Variation under Climate Conditions Based on a Soil and Water Assessment Tool Model A Cas.pdf,SSP2-4.5,C3,2744.812344177873,2744.812344177873,field-only scalar,,,False
Li 等 - 2024 - Streamflow Variation under Climate Conditions Based on a Soil and Water Assessment Tool Model A Cas.pdf,SSP5-8.5,C8,1150 GtCO₂ from 2020,1150.0,unit-bound scalar,,,False
Abrha 等 - 2025 - Evaluating the impact of climate change on mountaintop endemic bird species in the Ethiopian highlan.pdf,SSP 126,C1,~500 Gt CO2,500.0,unit-bound scalar,~,,False
Gerardeaux 等 - 2021 - Adapting rainfed rice to climate change a case study in Senegal.pdf,RCP2.6,C1 (RCP equivalent),~400 Gt CO2,400.0,unit-bound scalar,~,,False
Costa Roriz 等 - 2017 - Deforestation and Carbon Loss in Southwest Amazonia Impact of Brazil's Revised Forest Code.pdf,Baseline Scenario,C7: limit warming to 4°C (>50%),4067.198904304981,4067.198904304981,field-only scalar,,,False
Aleuy 等 - 2023 - Local thermal adaptation and local temperature regimes drive the performance of a parasitic helminth.pdf,RCP 2.6,C1,~400-500 Gt CO2,450.0,unit-bound range midpoint,~,,False
Yang 等 - 2020 - Assessment of uncertainties in projecting future changes to extreme storm surge height depending on.pdf,HFA-c0-rcp26,C3 (RCP equivalent),~900 Gt CO2,900.0,unit-bound scalar,~,,False
"Yumashev 等 - 2022 - Terrestrial carbon sequestration under future climate, nutrient and land use change and management s.pdf",RCP2.6,C3 (RCP equivalent),~1000 Gt CO2,1000.0,unit-bound scalar,~,,False
"Yumashev 等 - 2022 - Terrestrial carbon sequestration under future climate, nutrient and land use change and management s.pdf",RCP8.5,C8 (SSP5-8.5),~1150 GtCO₂ from 2020 for 2°C (50%),1150.0,unit-bound scalar,~,,False
Hassanzadeh 等 - 2014 - Quantile-Based Downscaling of Precipitation Using Genetic Programming Application to IDF Curves in.pdf,A2,C6,102.7723603383973,102.7723603383973,field-only scalar,,,True
Hassanzadeh 等 - 2014 - Quantile-Based Downscaling of Precipitation Using Genetic Programming Application to IDF Curves in.pdf,B1,C4,652.4725285661066,652.4725285661066,field-only scalar,,,False
Alam 等 - 2017 - The Impact of Projected Climate Change Scenarios on Nitrogen Yield at a Regional Scale for the Conti.pdf,A2,C5,102.7723603383973,102.7723603383973,field-only scalar,,,True
Alam 等 - 2017 - The Impact of Projected Climate Change Scenarios on Nitrogen Yield at a Regional Scale for the Conti.pdf,B1,C5,652.4725285661066,652.4725285661066,field-only scalar,,,False
"Gondim 等 - 2017 - CLIMATE CHANGE IMPACTS ON WATER DEMAND OF MELON PLANTS IN JAGUARIBE-APODI REGION, BRAZIL.pdf",A2,C5,102.7723603383973,102.7723603383973,field-only scalar,,,True
Beck 等 - 2023 - High-resolution (1 km) Köppen-Geiger maps for 1901-2099 based on constrained CMIP6 projections.pdf,SSP1-2.6,C1,~500 Gt CO2 from 2020,500.0,unit-bound scalar,~,,False
Beck 等 - 2023 - High-resolution (1 km) Köppen-Geiger maps for 1901-2099 based on constrained CMIP6 projections.pdf,SSP2-4.5,C3,1150 GtCO₂,1150.0,unit-bound scalar,,,False
Biancolini 等 - 2024 - Global Distribution of Alien Mammals Under Climate Change.pdf,SSP1-2.6,C1,~400-500 Gt CO₂ from 2020,450.0,unit-bound range midpoint,~,,False
Akstinas 等 - 2020 - Uncertainty of annual runoff projections in Lithuanian rivers under a future climate.pdf,RCP2.6,C1 (Low GHG emissions),N/A (RCP2.6 is not directly mapped to AR6 carbon budgets; use scenario-specific cumulative emissions if available),,excluded,,explicitly missing/unspecified,False
Zhang 等 - 2018 - An ecophysiological perspective on likely giant panda habitat responses to climate change.pdf,RCP2.6,C3 (RCP equivalent),~1000 Gt CO2,1000.0,unit-bound scalar,~,,False
Zhang 等 - 2018 - An ecophysiological perspective on likely giant panda habitat responses to climate change.pdf,RCP4.5,RCP4.5,Not specified,,excluded,,no unambiguous carbon-budget value,False
Mills 等 - 2015 - Climate change impacts on extreme temperature mortality in select metropolitan areas in the United S.pdf,REF,C8,4631.628201551354,4631.628201551354,field-only scalar,,,False
Alsafadi 等 - 2023 - Modeling the impacts of projected climate change on wheat crop suitability in semi-arid regions usin.pdf,SSP126,C1,~900 Gt CO2,900.0,unit-bound scalar,~,,False
Alsafadi 等 - 2023 - Modeling the impacts of projected climate change on wheat crop suitability in semi-arid regions usin.pdf,SSP245,C4,2744.812344177873,2744.812344177873,field-only scalar,,,False
Liu 等 - 2025 - Climate Change Influences via Species Distribution Shifts and Century-Scale Warming in an End-To-End.pdf,Base,C7: limit warming to 4°C (>50%),2994.686676976194,2994.686676976194,field-only scalar,,,False
McCray 等 - 2022 - A Multi-Algorithm Analysis of Projected Changes to Freezing Rain Over North America in an Ensemble o.pdf,+2°C GWL (GFDL-ESM2M),C5,1793.871566014591,1793.871566014591,field-only scalar,,,False
Zelazowski 等 - 2011 - Changes in the potential distribution of humid tropical forests on a warmer planet.pdf,+2°C scenario,C4,1793.871566014591,1793.871566014591,field-only scalar,,,False
Alkhalifah 等 - 2022 - Biogeography of Black Mold Aspergillus niger Global Situation and Future Perspective under S.pdf,RCP2.6,SSP1-2.6,~400 Gt CO2 (2020-remaining),400.0,unit-bound scalar,~,,False
Baran 等 - 2019 - Quantifying Hydrological Impacts of Climate Change Uncertainties on a Watershed in Northern Virginia.pdf,A2,C6,102.7723603383973,102.7723603383973,field-only scalar,,,True
Baran 等 - 2019 - Quantifying Hydrological Impacts of Climate Change Uncertainties on a Watershed in Northern Virginia.pdf,B1,"N/A (SRES scenario, not SSP/RCP)",652.4725285661066,652.4725285661066,field-only scalar,,,False
Gomes 等 - 2020 - Future land use changes in a peri-urban context Local stakeholder views.pdf,A2-climate change,C5: limit warming to 2.5°C (>50%),1793.871566014591,1793.871566014591,field-only scalar,,,False
Xu 等 - 2013 - Nowhere to Invade Rumex crispus and Typha latifolia Projected to Disappear under Futu.pdf,A2,C4,102.7723603383973,102.7723603383973,field-only scalar,,,False
Peng 等 - 2023 - The global power sector's low-carbon transition may enhance sustainable development goal achievement.pdf,SSP1+RCP2.6,C1,~900 Gt CO2,900.0,unit-bound scalar,~,,False
"Waongo 等 - 2024 - Assessing the Impacts of Climate Change on Rainfed Maize Production in Burkina Faso, West Africa.pdf",SSP2-4.5,C3,"~1150 GtCO₂ (from 1 Jan 2020, 50% chance of not exceeding 2 °C warming)",1150.0,unit-bound scalar,~,,False
Luthi 等 - 2023 - Rapid increase in the risk of heat-related mortality.pdf,1.5°C warming,C4,271.9704635822378,271.9704635822378,field-only scalar,,,False
Mathai 等 - 2019 - Identifying refuges for Borneo's elusive Hose's civet.pdf,RCP26 (green model),C1,~900 Gt CO2,900.0,unit-bound scalar,~,,False
Masamba 等 - 2024 - Assessing the Impact of Climate Change on an Ungauged Watershed in the Congo River Basin.pdf,SSP2-45,C2,2744.812344177873,2744.812344177873,field-only scalar,,,True
Arregoces 等 - 2025 - Drought Projections in the Northernmost Region of South America Under Different Climate Change Scena.pdf,SSP1-2.6,C3,~900 Gt CO2,900.0,unit-bound scalar,~,,False
"Xinan Li 等 - 2009 - Analyze on response of runoff to climate change based on the modified GM(1,2) model.pdf",A2,C2: return warming to 1.5°C (>50%) after a high overshoot,102.7723603383973,102.7723603383973,field-only scalar,,,False
"Xinan Li 等 - 2009 - Analyze on response of runoff to climate change based on the modified GM(1,2) model.pdf",B1,C3: limit warming to 2°C (>67%),652.4725285661066,652.4725285661066,field-only scalar,,,False
Hyesun 等 - 2017 - Assessment of Water Use Vulnerability Considering Climate and Socioeconomic Changes in Han River Wat.pdf,SSP1,C1,~500 Gt CO2,500.0,unit-bound scalar,~,,False
Hyesun 等 - 2017 - Assessment of Water Use Vulnerability Considering Climate and Socioeconomic Changes in Han River Wat.pdf,SSP3,SSP3-8.5,~5800 GtCO₂,5800.0,unit-bound scalar,~,,False
Fordham 等 - 2012 - Managed relocation as an adaptation strategy for mitigating climate change threats to the persistenc.pdf,MiniCAMRef.,C8,4631.628201551354,4631.628201551354,field-only scalar,,,False
Cimadevilla 等 - 2025 - The IPCC Interactive Atlas DataLab Online reusability for regional climate change assessment.pdf,SSP1-2.6,C3,~900 Gt CO2,900.0,unit-bound scalar,~,,False
York 等 - 2014 - Global Decline in Suitable Habitat for Angiostrongylus (= Parastrongylus) cantonens.pdf,RCP2.6,C1,~900 Gt CO2,900.0,unit-bound scalar,~,,False
York 等 - 2014 - Global Decline in Suitable Habitat for Angiostrongylus (= Parastrongylus) cantonens.pdf,RCP8.5,High GHG emissions (SSP5-8.5),~7000 GtCO2 cumulative by 2100 (SSP5-8.5),7000.0,unit-bound scalar,~,,False
Ragab 等 - 2025 - Impact of climate change on the habitat range of monarch butterfly (Danaus plexippus).pdf,SSP1_2.6,C3,~900 Gt CO2,900.0,unit-bound scalar,~,,False
Astrom 等 - 2013 - Heat-related respiratory hospital admissions in Europe in a changing climate a health impact assess.pdf,A2,C5,102.7723603383973,102.7723603383973,field-only scalar,,,True
Schmelzing和Schmalz - 2025 - Simulating Effectiveness of Low Impact Development (LID) for Different Building Densities in the Fac.pdf,RCP2.6,SSP1-2.6,~1000 Gt CO2,1000.0,unit-bound scalar,~,,False
Mahony 等 - 2017 - A closer look at novel climates new methods and insights at continental to landscape scales.pdf,RCP4.5,C3 (Below 3°C),1000-1400 GtCO2,1200.0,unit-bound range midpoint,,,False
Qiu 等 - 2023 - Assessing the land-use harmonization (LUH) 2 dataset in Central Asia for regional climate model proj.pdf,SSP2-4.5,C3,2744.812344177873,2744.812344177873,field-only scalar,,,False
Zhang 等 - 2023 - Discordant future climate-driven changes in winter PM2.5 pollution across India under a w.pdf,SSP245,C2: limit warming to 2°C (>67%),1490,1490.0,field-only scalar,,,False
Pereira 等 - 2024 - Global trends and scenarios for terrestrial biodiversity and ecosystem services from 1900 to 2050.pdf,"SSP1xRCP2.6, global sustainability",C1 (SSP1-2.6 equivalent),~400 Gt CO2 from 2020,400.0,unit-bound scalar,~,,False
Fyfe 等 - 2013 - One hundred years of Arctic surface temperature variation due to anthropogenic influence.pdf,ALL,C2: return warming to 1.5°C (>50%) after a high overshoot,212.8537743020109,212.8537743020109,field-only scalar,,,False
Jiang 等 - 2025 - Study on the temporal and spatial evolution of the urban temperature and climate adaptability planni.pdf,RCP2.6,C1 (Very low GHG emissions),~900 Gt CO2,900.0,unit-bound scalar,~,,False
Yilmaz 等 - 2024 - A CMIP6-ensemble-based evaluation of precipitation and temperature projections.pdf,SSP2-4.5,C5,2744.812344177873,2744.812344177873,field-only scalar,,,False
"Skourkeas 等 - 2013 - Improved statistical downscaling models based on canonical correlation analysis, for generating temp.pdf",A2,C5,102.7723603383973,102.7723603383973,field-only scalar,,,True
Zajch 等 - 2020 - Earth-Air Heat Exchanger Geo-Climatic Suitability for Projected Climate Change Scenarios in the Amer.pdf,RCP2.6,C1 (RCP equivalent),Not specified in source,,excluded,,no unambiguous carbon-budget value,False
Yokohata 等 - 2021 - Projections of surface air temperature required to sustain permafrost and importance of adaptation t.pdf,RCP2.6,C1 (low overshoot / RCP equivalent),~500 Gt CO₂ (from 2020),500.0,unit-bound scalar,~,,False
Wu 等 - 2014 - Elevation-induced climate change as a dominant factor causing the late Miocene C4 plant e.pdf,Sensitivity Analysis of CO2 Concentration,C4,1793.871566014591,1793.871566014591,field-only scalar,,,False
Kang 等 - 2022 - An Effect of Carbon Dioxide and Energy Reduction on Production Efficiency and Economic Growth Appli.pdf,Plan A,C3,~500 Gt CO2,500.0,unit-bound scalar,~,,False
Kang 等 - 2022 - An Effect of Carbon Dioxide and Energy Reduction on Production Efficiency and Economic Growth Appli.pdf,Plan B,C3,~500 Gt CO2,500.0,unit-bound scalar,~,,False
"Ebi 等 - 2014 - A new scenario framework for climate change research background, process, and future directions.pdf",SSP1-2.6,C3,~900 Gt CO2,900.0,unit-bound scalar,~,,False
"Bian 等 - 2017 - Assessment on the Effect of Climate Change on Streamflow in the Source Region of the Yangtze River,.pdf",RCP2.6,C1 (1.5°C with no or limited overshoot),~500 Gt CO2 from 2020,500.0,unit-bound scalar,~,,False
"Bian 等 - 2017 - Assessment on the Effect of Climate Change on Streamflow in the Source Region of the Yangtze River,.pdf",RCP8.5,C8 (SSP5-8.5),~1150 GtCO₂ from 2020,1150.0,unit-bound scalar,~,,False
Mena Rentería 等 - 2022 - Water supply failure probability under influence of climate change - Balsillas river basin case stud.pdf,RCP2.6,C1a (RCP2.6/SSP1-2.6 equivalent),~500 Gt CO2 from 2020,500.0,unit-bound scalar,~,,False
Dhital 等 - 2015 - Adaptation potential of ecosystem-based management to climate change in the eastern Canadian boreal.pdf,A2,C6,102.7723603383973,102.7723603383973,field-only scalar,,,True
Dhital 等 - 2015 - Adaptation potential of ecosystem-based management to climate change in the eastern Canadian boreal.pdf,B1,C5,652.4725285661066,652.4725285661066,field-only scalar,,,False
Chowdhury和Chu - 2019 - A study of the changing climate in the US-Affiliated Pacific Islands using observations and CMIP5 mo.pdf,RCP8.5,C8 (High GHG emissions – equivalent to SSP5-8.5),Not applicable,,excluded,,no unambiguous carbon-budget value,False
Cheng和Bonebrake - 2017 - Conservation effectiveness of protected areas for Hong Kong butterflies declines under climate chang.pdf,rcp2.6,C1,~1000 Gt CO2,1000.0,unit-bound scalar,~,,False
Bonazza 等 - 2009 - Mapping the impact of climate change on surface recession of carbonate buildings in Europe.pdf,A2,C5,102.7723603383973,102.7723603383973,field-only scalar,,,True
Li 等 - 2025 - Constraining the entire Earth system projections for more reliable climate change adaptation plannin.pdf,SSP2-4.5,C6a,2744.812344177873,2744.812344177873,field-only scalar,,,False
Lenaerts 等 - 2016 - Present-day and future Antarctic ice sheet climate and surface mass balance in the Community Earth S.pdf,RCP2.6,C3 (RCP equivalent),~900 Gt CO2,900.0,unit-bound scalar,~,,False
Ziaeifar 等 - 2025 - Predicting integrated effects of subsurface drainage and climate change on water balance and nitrate.pdf,SSP126,C1,~500 Gt CO2 from 2020,500.0,unit-bound scalar,~,,False
Lundmark 等 - 2016 - Comparison of carbon balances between continuous-cover and clear-cut forestry in Sweden.pdf,Clear-Cut Forestry (CF) in Sweden,C3: limit warming to 2°C (>67%),898.5968343024159,898.5968343024159,field-only scalar,,,False
Sardain 等 - 2019 - Global forecasts of shipping traffic and biological invasions to 2050.pdf,SSP1,C1,~500 Gt CO2,500.0,unit-bound scalar,~,,False
Sardain 等 - 2019 - Global forecasts of shipping traffic and biological invasions to 2050.pdf,SSP5-8.5,C8,325.3951167461587,325.3951167461587,field-only scalar,,,True
Watanabe 等 - 2019 - An Integrated Approach to Climate Change Impact Assessment on Basin Hydrology and Agriculture.pdf,A2,C5,102.7723603383973,102.7723603383973,field-only scalar,,,True
Hailegiorgis 等 - 2018 - An Agent-Based Model of Rural Households' Adaptation to Climate Change.pdf,Baseline scenario under 'normal' climate situation,C7: limit warming to 4°C (>50%),4067.198904304981,4067.198904304981,field-only scalar,,,False
Kane 等 - 2025 - Building climate resiliency in offshore wind energy expansion plans.pdf,SSP2-4.5,C2,2744.812344177873,2744.812344177873,field-only scalar,,,True
"Zhang 等 - 2016 - Modelling and predicting crop yield, soil carbon and nitrogen stocks under climate change scenarios.pdf",RCP2.6,C3 (RCP equivalent),~900 Gt CO2,900.0,unit-bound scalar,~,,False
"Zhang 等 - 2024 - Integrating System Dynamics, Land Change Models, and Machine Learning to Simulate and Predict Ecosys.pdf",SSP1-1.9,C1a,~500 Gt CO2,500.0,unit-bound scalar,~,,False
"Zhang 等 - 2024 - Integrating System Dynamics, Land Change Models, and Machine Learning to Simulate and Predict Ecosys.pdf",SSP2-4.5,C5,2744.812344177873,2744.812344177873,field-only scalar,,,False
Berberoglu 等 - 2019 - Estimating Spatio-temporal Responses of Net Primary Productivity to Climate Change Scenarios in the.pdf,RCP 2.6,C3 (RCP equivalent),~900 Gt CO2,900.0,unit-bound scalar,~,,False
Matonse 等 - 2013 - Investigating the impact of climate change on New York City's primary water supply.pdf,A2,C5,102.7723603383973,102.7723603383973,field-only scalar,,,True
Wang 等 - 2022 - The effectiveness of a large protected area to conserve a global endemism hotspot may vanish in the.pdf,SSP2-4.5,C5,2744.812344177873,2744.812344177873,field-only scalar,,,False
Anh Dinh 等 - 2025 - Climate change impacts on Robusta coffee production in Vietnam.pdf,RCP2.6,C1 (RCP equivalent),~900 Gt CO2,900.0,unit-bound scalar,~,,False
Martes 等 - 2024 - Using climate envelopes and earth system model simulations for assessing climate change induced fore.pdf,Global Warming Level 1.5°C,C4,271.9704635822378,271.9704635822378,field-only scalar,,,False
Martes 等 - 2024 - Using climate envelopes and earth system model simulations for assessing climate change induced fore.pdf,Global Warming Level 2.5°C,C5,2619.964986816399,2619.964986816399,field-only scalar,,,False
"Doelman 等 - 2020 - Afforestation for climate change mitigation Potentials, risks and trade-offs.pdf",SSP2-2.6-A,C1,"410 GtCO2 (covers 2020-2100 cumulative CO2 emissions from fossil fuels, industry, and land use)",410.0,unit-bound scalar,,,False
"Doelman 等 - 2020 - Afforestation for climate change mitigation Potentials, risks and trade-offs.pdf",SSP2-6.0-A,C2,1150,1150.0,field-only scalar,,,False
Nishiura 等 - 2020 - An Assessment of Global Macroeconomic Impacts Caused by Sea Level Rise Using the Framework of Shared.pdf,RCP2.6,C1 (Below 1.5°C),~500 Gt CO2,500.0,unit-bound scalar,~,,False
Faye 等 - 2025 - Adaptation potential of alternate varieties and fertilization strategies for peanut and maize in Sen.pdf,SSP2-4.5,C5,2744.812344177873,2744.812344177873,field-only scalar,,,False
Eriyagama 等 - 2014 - A methodology for quantifying global consumptive water use of coffee for sustainable production unde.pdf,A2,C5,102.7723603383973,102.7723603383973,field-only scalar,,,True
Deng 等 - 2024 - Assessing the Impacts of Climate Change and Water Extraction on Thermal Stratification and Water Qua.pdf,RCP8.5,SSP5-8.5,Cumulative CO2 emissions exceed typical carbon budgets for RCP8.5,,excluded,,no unambiguous carbon-budget value,False
Zhou 等 - 2024 - Invasive Pest and Invasive Host Where Might Spotted-Wing Drosophila (Drosophila suzukii) and.pdf,SSP126,C1,400-500 Gt CO₂ (post-2020),450.0,unit-bound range midpoint,,,False
Song 等 - 2013 - Projecting terrestrial carbon sequestration of the southeastern United States in the 21st century.pdf,A2,C5,102.7723603383973,102.7723603383973,field-only scalar,,,True
Song 等 - 2013 - Projecting terrestrial carbon sequestration of the southeastern United States in the 21st century.pdf,B1,C4,652.4725285661066,652.4725285661066,field-only scalar,,,False
Liu 等 - 2025 - Effects of Climate Change on the Distribution of Papilio xuthus.pdf,SSP126,C1,500.0,500.0,field-only scalar,,,False
Fatehifar 等 - 2021 - Assessing watershed hydrological response to climate change based on signature indices.pdf,RCP2.6,C1 (RCP equivalent),~400-1000 Gt CO2 from 2020,700.0,unit-bound range midpoint,~,,False
Roukounis和Tsihrintzis - 2024 - Coastal Futures Reimagined Personalizing Scenarios in Agent-Based Resilience Models.pdf,GR-SSP1xRCP2.6,C1 (RCP equivalent),~400-500 Gt CO2,450.0,unit-bound range midpoint,~,,False
Alexander 等 - 2017 - Assessing uncertainties in land cover projections.pdf,SSP1,C3,~900 Gt CO2,900.0,unit-bound scalar,~,,False
Windisch 等 - 2022 - Accounting for local temperature effect substantially alters afforestation patterns.pdf,SSP2,C5,325.2897925777136,325.2897925777136,field-only scalar,,,True
Moreno 等 - 2022 - Exploring easy-implementable adaptation strategies to climate change scenarios of existing office bu.pdf,A2,C7,102.7723603383973,102.7723603383973,field-only scalar,,,True
Moreno 等 - 2022 - Exploring easy-implementable adaptation strategies to climate change scenarios of existing office bu.pdf,B1,C4,652.4725285661066,652.4725285661066,field-only scalar,,,False
"Gerard 等 - 2025 - Trade-Offs and Synergies Between Climate Change Mitigation, Biodiversity Preservation, and Agro-Econ.pdf",SSP1-1.9,C1,~500 Gt CO2,500.0,unit-bound scalar,~,,False
"Gerard 等 - 2025 - Trade-Offs and Synergies Between Climate Change Mitigation, Biodiversity Preservation, and Agro-Econ.pdf",SSP2-4.5,C5,~1150-1350 GtCO₂ (from 2020),1250.0,unit-bound range midpoint,~,,False
Dietz 等 - 2016 - 'Climate value at risk' of global financial assets.pdf,BAU(expected warming of 2.5°C in 2100),C5,2619.964986816399,2619.964986816399,field-only scalar,,,False
Dietz 等 - 2016 - 'Climate value at risk' of global financial assets.pdf,Mitigation to limit warming to 2°C with 2/3 probability,C3,1793.871566014591,1793.871566014591,field-only scalar,,,False
Steiger和Scott - 2025 - Climate change and the climate reliability of hosts in the second century of the Winter Olympic Game.pdf,"RCP4.5, SSP2-45",C3,2744.812344177873,2744.812344177873,field-only scalar,,,False
Alvarez 等 - 2024 - Projection of Compound Wind and Precipitation Extreme Events in the Iberian Peninsula Based on CMIP6.pdf,SSP2-4.5,C5,2744.812344177873,2744.812344177873,field-only scalar,,,False
Monaco 等 - 2024 - The economics of farming expansion in the Brazilian Cerrado under possible effects of climate change.pdf,RCP2.6,C3 (RCP equivalent),~900 Gt CO2,900.0,unit-bound scalar,~,,False
Gi 等 - 2018 - A global analysis of residential heating and cooling service demand and cost-effective energy consum.pdf,Baseline,C7,4067.198904304981,4067.198904304981,field-only scalar,,,False
Asch 等 - 2022 - Assessing the reliability of species distribution models in the face of climate and ecosystem regime.pdf,SSP1-2.6,C3,~900 Gt CO2,900.0,unit-bound scalar,~,,False
Zamani 等 - 2017 - Optimal Reservoir Operation under Climate Change Based on a Probabilistic Approach.pdf,A2 scenario with high population growth and high emissions,C7,102.7723603383973,102.7723603383973,field-only scalar,,,True
Zamani 等 - 2017 - Optimal Reservoir Operation under Climate Change Based on a Probabilistic Approach.pdf,B1,C7,652.4725285661066,652.4725285661066,field-only scalar,,,False
Aziz 等 - 2023 - Projection of Future Precipitation in Bangladesh at Kharif-II Season Using Geospatial Techniques.pdf,RCP 2.6,C3 (RCP equivalent),~900 Gt CO2,900.0,unit-bound scalar,~,,False
Xiang 等 - 2025 - Future variation and uncertainty source decomposition in deep learning bias-corrected CMIP6 global e.pdf,SSP1-2.6,C2,inferred from standard AR6 scenario definitions,,excluded,,no unambiguous carbon-budget value,False
Xiang 等 - 2025 - Future variation and uncertainty source decomposition in deep learning bias-corrected CMIP6 global e.pdf,SSP2-4.5,C4,2744.812344177873,2744.812344177873,field-only scalar,,,False
"Leung 等 - 2022 - Analysing Historical and Modelling Future Soil Temperature at Kuujjuaq, Quebec (Canada) Implication.pdf",RCP2.6,C1 (Limited to 1.5 °C with no or limited overshoot),~900 Gt CO2,900.0,unit-bound scalar,~,,False
Nishina 等 - 2015 - Decomposing uncertainties in the future terrestrial carbon budget associated with emission scenarios.pdf,RCP2.6,C3 (RCP equivalent),~900 Gt CO2,900.0,unit-bound scalar,~,,False
Wahlstrom 等 - 2020 - Combined climate change and nutrient load impacts on future habitats and eutrophication indicators i.pdf,REF,C7: limit warming to 4°C (>50%),4631.628201551354,4631.628201551354,field-only scalar,,,False
Wahlstrom 等 - 2020 - Combined climate change and nutrient load impacts on future habitats and eutrophication indicators i.pdf,BAU,C7: limit warming to 4°C (>50%),4421.106912693341,4421.106912693341,field-only scalar,,,False
Sithara 等 - 2020 - Impact of projected climate change on seawater intrusion on a regional coastal aquifer.pdf,RCP8.5,C8,Not applicable,,excluded,,no unambiguous carbon-budget value,False
Wild 等 - 2012 - Modelling future changes in surface ozone a parameterized approach.pdf,RCP2.6,C3 (RCP equivalent),~400-500 Gt CO2,450.0,unit-bound range midpoint,~,,False
McMahan 等 - 2020 - Climate change models predict decreases in the range of a microendemic freshwater fish in Honduras.pdf,RCP2.6,C1,~500 Gt CO₂ (for 1.5°C with 50% probability) or ~1150 Gt CO₂ (for 2°C),,excluded,,multiple distinct unit-bound budgets,False
McMahan 等 - 2020 - Climate change models predict decreases in the range of a microendemic freshwater fish in Honduras.pdf,RCP8.5,C8 (High GHG emissions),N/A (exceeded),,excluded,,explicitly missing/unspecified,False
La Montagna 等 - 2023 - Climate change effects on the potential distribution of the endemic Commiphora species (Burse.pdf,SSP126,C1,942.4855433794125,942.4855433794125,field-only scalar,,,False
Suwardi 等 - 2023 - Potential Geographic Distribution of Durio oxleyanus (Malvaceae) a Threatened Wild Fr.pdf,SSP1-2.6,C1,≈500 Gt CO2,500.0,unit-bound scalar,≈,,False
Suwardi 等 - 2023 - Potential Geographic Distribution of Durio oxleyanus (Malvaceae) a Threatened Wild Fr.pdf,SSP2-4.5,C3,~3000 GtCO₂ from 2020,3000.0,unit-bound scalar,~,,False
Guillet和Mouysset - 2022 - Productive versus environmental objectives of agricultural policies dealing with climate change a F.pdf,Energy,C1: limit warming to 1.5°C (>50%) with no or limited overshoot,227.4276901386175,227.4276901386175,field-only scalar,,,False
Wang 等 - 2025 - Impact of Climate Change on Wind Power Generation Studied Using Multivariate Copula Downscaling A C.pdf,RCP2.6,C3 (RCP equivalent),~900 Gt CO2,900.0,unit-bound scalar,~,,False
Bamunawala 等 - 2018 - Significance of Fluvial Sediment Supply in Coastline Modelling at Tidal Inlets.pdf,Baseline cases simulation,C7: limit warming to 4°C (>50%),4067.198904304981,4067.198904304981,field-only scalar,,,False
Shu 等 - 2025 - Arctic Ocean Dynamical Downscaling Data for Understanding Past and Future Climate Change.pdf,SSP2-4.5,C3a,742 GtCO₂ remaining from 2019-2100 per IPCC AR6,742.0,unit-bound scalar,,,False
Andrijevic 等 - 2025 - Representing gender inequality in scenarios improves understanding of climate challenges.pdf,SSP1,C1,~500 Gt CO2,500.0,unit-bound scalar,~,,False
Andrijevic 等 - 2025 - Representing gender inequality in scenarios improves understanding of climate challenges.pdf,SSP3,C7,5565 GtCO2,5565.0,unit-bound scalar,,,False
Liang 等 - 2024 - Both yields of maize and soybean and soil carbon sequestration in typical Mollisols cropland decreas.pdf,RCP 2.6,C1,~500 Gt CO₂ from 2020,500.0,unit-bound scalar,~,,False
Tanachaichoksirikun和Seeboonruang - 2020 - Distributions of Groundwater Age under Climate Change of Thailand's Lower Chao Phraya Basin.pdf,RCP2.6,C1 (1.5°C with no or limited overshoot),~500 Gt CO2 from 2020 (for 1.5°C with 50% probability),500.0,unit-bound scalar,~,,False
Zhou 等 - 2020 - Enhanced shrub growth in the Arctic increases habitat connectivity for browsing herbivores.pdf,A2,C5,102.7723603383973,102.7723603383973,field-only scalar,,,True
Zhou 等 - 2020 - Enhanced shrub growth in the Arctic increases habitat connectivity for browsing herbivores.pdf,B1,C6,652.4725285661066,652.4725285661066,field-only scalar,,,False
Lane 等 - 2022 - A large-sample investigation into uncertain climate change impacts on high flows across Great Britai.pdf,RCP8.5,C8,>1400 GtCO₂,1400.0,unit-bound scalar,>,,False
"Monterroso-Rivas 等 - 2013 - CLOUD FOREST AND CLIMATE CHANGE SCENARIOS AN ASSESSMENT IN HIDALGO, MEXICO.pdf",A2,C5,102.7723603383973,102.7723603383973,field-only scalar,,,True
"Monterroso-Rivas 等 - 2013 - CLOUD FOREST AND CLIMATE CHANGE SCENARIOS AN ASSESSMENT IN HIDALGO, MEXICO.pdf",A2,C5,102.7723603383973,102.7723603383973,field-only scalar,,,True
Bonkoungou 等 - 2025 - Assessment of climate change impacts on streamflow in the Inner Niger Delta under CMIP6 scenarios.pdf,SSP126,C1,~500 GtCO₂,500.0,unit-bound scalar,~,,False
Longyang - 2019 - Assessing the effects of climate change on water quality of plateau deep-water lake - A study case o.pdf,2°C Warming,C5,1793.871566014591,1793.871566014591,field-only scalar,,,False
Angeles 等 - 2018 - Impacts of climate change on building energy demands in the intra-Americas region.pdf,RCP2.6,C1 (RCP equivalent),~900 Gt CO2,900.0,unit-bound scalar,~,,False
Zhu和Liao - 2016 - Future ozone air quality and radiative forcing over China owing to future changes in emissions under.pdf,RCP2.6,C1 (Below 2°C),~450 Gt CO2,450.0,unit-bound scalar,~,,False
Malla 等 - 2023 - Assessment of above ground biomass and soil organic carbon in the forests of Nepal under climate cha.pdf,"CMIP6, SSP2 4.5",C3,2744.812344177873,2744.812344177873,field-only scalar,,,False
Pastor 等 - 2019 - The global nexus of food-trade-water sustaining environmental flows by 2050.pdf,SSP2,C3: limit warming to 2°C (>67%),325.2897925777136,325.2897925777136,field-only scalar,,,False
Abajian 等 - 2025 - Quantifying the global climate feedback from energy-based adaptation.pdf,SSP2-RCP8.5,C8 (RCP equivalent),Exceeded,,excluded,,no unambiguous carbon-budget value,False
Wan 等 - 2025 - Synergistic Regulation of Water-Land-Energy-Food-Carbon Nexus in Large Agricultural Irrigation Areas.pdf,SSP2-4.5,SSP2-4.5,1150 Gt CO₂,1150.0,unit-bound scalar,,,False
Wilby - 2008 - Constructing climate change scenarios of urban heat island intensity and air quality.pdf,A2,C5,102.7723603383973,102.7723603383973,field-only scalar,,,True
Archibald 等 - 2020 - On the changes in surface ozone over the twenty-first century sensitivity to changes in surface tem.pdf,SSP1-19,C1,~400 Gt CO2,400.0,unit-bound scalar,~,,False
Jiang 等 - 2021 - CWRF downscaling and understanding of China precipitation projections.pdf,RCP8.5,C8 (SSP5-8.5),N/A (exceeds budget),,excluded,,explicitly missing/unspecified,False
"Zacarias - 2020 - Global bioclimatic suitability for the fall armyworm, Spodoptera frugiperda (Lepidoptera Noc.pdf",RCP 2.6,C3 (RCP equivalent),~900 Gt CO2,900.0,unit-bound scalar,~,,False
Wotton 等 - 2017 - Potential climate change impacts on fire intensity and key wildfire suppression thresholds in Canada.pdf,RCP2.6,C1 (SSP1-2.6 equivalent),~900 Gt CO2,900.0,unit-bound scalar,~,,False
Wotton 等 - 2017 - Potential climate change impacts on fire intensity and key wildfire suppression thresholds in Canada.pdf,RCP4.5,C3,~N/A,,excluded,,explicitly missing/unspecified,False
Ar 等 - 2022 - Response of an Invasive Plant Species (Cynanchum acutum L.) to Changing Climate Conditions an.pdf,SSP245,C3,1150 GtCO₂,1150.0,unit-bound scalar,,,False
Douville 等 - 2013 - Anthropogenic influence on multidecadal changes in reconstructed global evapotranspiration.pdf,ALL forcings,C3,~900 Gt CO2,900.0,unit-bound scalar,~,,False
Bardulis 等 - 2017 - CARBON BALANCE IN FOREST MINERAL SOILS IN LATVIA MODELLED WITH YASSO07 SOIL CARBON MODEL.pdf,Climate change + 0.025 °C annually,C6: limit warming to 3°C (>50%),2619.964986816399,2619.964986816399,field-only scalar,,,False
Castanho 等 - 2020 - Potential shifts in the aboveground biomass and physiognomy of a seasonally dry tropical forest in a.pdf,RCP 2.6,C3 (RCP equivalent),~900 Gt CO2,900.0,unit-bound scalar,~,,False
Cai 等 - 2025 - Prediction of short- and long-term atmospheric corrosion in the changing low pollution climate for i.pdf,SSP1-2.6,C1,~1000 Gt CO2,1000.0,unit-bound scalar,~,,False
Weber 等 - 2024 - Seasonal pumped hydropower storage role in responding to climate change impacts on the Brazilian ele.pdf,RCP 2.6,C3 (RCP equivalent),~900 Gt CO2,900.0,unit-bound scalar,~,,False
Kim 等 - 2021 - Assessment of Climate Change Impacts on the Hydroclimatic Response in Burundi Based on CMIP6 ESMs.pdf,SSP1-2.6,C1,~900 Gt CO2,900.0,unit-bound scalar,~,,False
Kim 等 - 2021 - Assessment of Climate Change Impacts on the Hydroclimatic Response in Burundi Based on CMIP6 ESMs.pdf,SSP5-8.5,C7,Not defined under a no-limit‐warming pathway,,excluded,,no unambiguous carbon-budget value,False
Huang 等 - 2025 - Spatiotemporal patterns of methane fluxes across alpine permafrost region on the Tibetan Plateau.pdf,SSP1-2.6,C3,~900 Gt CO2,900.0,unit-bound scalar,~,,False
Huang 等 - 2025 - Spatiotemporal patterns of methane fluxes across alpine permafrost region on the Tibetan Plateau.pdf,SSP2-4.5,C4,2744.81 Tg CO2,,excluded,,no unambiguous carbon-budget value,False
Yang 等 - 2023 - Climate Change Potentially Leads to Habitat Expansion and Increases the Invasion Risk of Hydrocha.pdf,SSP1-2.6,C3,~900 Gt CO2,900.0,unit-bound scalar,~,,False
Zlatanov 等 - 2017 - Impact of climate change on vulnerability of forests and ecosystem service supply in Western Rhodope.pdf,C2,C5,1265.536430416577,1265.536430416577,field-only scalar,,,False
Was 等 - 2021 - Towards Climate Neutrality in Poland by 2050 Assessment of Policy Implications in the Farm Sector.pdf,REF,C7: limit warming to 4°C (>50%),4631.628201551354,4631.628201551354,field-only scalar,,,False
Zhang 等 - 2014 - Uncertainties in SWAT extreme flow simulation under climate change.pdf,B2,C5,835.4639342141137,835.4639342141137,field-only scalar,,,False
Roebroek 等 - 2024 - Climate policies for carbon neutrality should not rely on the uncertain increase of carbon stocks in.pdf,SSP2-4.5,C3,2744.812344177873,2744.812344177873,field-only scalar,,,False
Roebroek 等 - 2024 - Climate policies for carbon neutrality should not rely on the uncertain increase of carbon stocks in.pdf,SSP3-7.0,C7,~970 ± 100 GtCO₂ from 2019,100.0,unit-bound scalar,,,True
Ashofteh 等 - 2017 - Development of Adaptive Strategies for Irrigation Water Demand Management under Climate Change.pdf,A2,C7,102.7723603383973,102.7723603383973,field-only scalar,,,True
You 等 - 2024 - Modeling the distribution of cultural ecosystem services based on future climate variables under dif.pdf,SSP126,C1,500-1000 GtCO₂,750.0,unit-bound range midpoint,,,False
Xu 等 - 2025 - Future geographical distribution of Aedes albopictus in China under climate change scenarios.pdf,SSP1-2.6,C3,~900 Gt CO2,900.0,unit-bound scalar,~,,False
Xu 等 - 2025 - Future geographical distribution of Aedes albopictus in China under climate change scenarios.pdf,SSP2-4.5,C3,2744.812344177873,2744.812344177873,field-only scalar,,,False
"Ahmadi 等 - 2024 - Simulation of wheat water footprint using AquaCrop model under the climate change, case study in Qaz.pdf",RCP2.6,C1 (Below 1.5°C with no or limited overshoot),~1150 Gt CO2 from 2018,1150.0,unit-bound scalar,~,,False
Azari 等 - 2016 - Climate change impacts on streamflow and sediment yield in the North of Iran.pdf,A2,C5,102.7723603383973,102.7723603383973,field-only scalar,,,True
Azari 等 - 2016 - Climate change impacts on streamflow and sediment yield in the North of Iran.pdf,B1,C4,652.4725285661066,652.4725285661066,field-only scalar,,,False
Voelz和Hinkel - 2023 - Sea Level Rise Learning Scenarios for Adaptive Decision-Making Based on IPCC AR6.pdf,SSP2-4.5,C5,~1400 GtCO₂ from 2020,1400.0,unit-bound scalar,~,,False
Flack-Prain 等 - 2021 - The impact of climate change and climate extremes on sugarcane production.pdf,SSP119,C1,~500 Gt CO₂,500.0,unit-bound scalar,~,,False
Flack-Prain 等 - 2021 - The impact of climate change and climate extremes on sugarcane production.pdf,SSP126,C1,~1150 Gt CO2,1150.0,unit-bound scalar,~,,False
Lee. Jaeho 等 - 2024 - Assessing Climate Change Impacts on Subalpine Plant Habitat Suitability in South Korea Using SSP Sce.pdf,SSP1-2.6,C1,~500 Gt CO₂,500.0,unit-bound scalar,~,,False
Lee. Jaeho 等 - 2024 - Assessing Climate Change Impacts on Subalpine Plant Habitat Suitability in South Korea Using SSP Sce.pdf,SSP2-4.5,C3,~1000 GtCO₂ from 2020,1000.0,unit-bound scalar,~,,False
Wang 等 - 2024 - Linking Electricity and Air Quality Models by Downscaling Weather-Informed Hourly Dispatch of Gener.pdf,Refnocpp,C8,4631.628201551354,4631.628201551354,field-only scalar,,,False
Springmann 等 - 2017 - Mitigation potential and global health impacts from emissions pricing of food commodities.pdf,TAX,C3: limit warming to 2°C (>67%),893.060956844902,893.060956844902,field-only scalar,,,False
Wu和Roulet - 2014 - Climate change reduces the capacity of northern peatlands to absorb the atmospheric carbon dioxide.pdf,A2,C6,102.7723603383973,102.7723603383973,field-only scalar,,,True
Kaur和Kaur - 2023 - Comparison of bias correction methods for climate change projections in the lower Shivaliks of Punja.pdf,RCP2.6,SSP1-2.6,~900 Gt CO2,900.0,unit-bound scalar,~,,False
"Kruse-Andersen - 2023 - Directed technical change, environmental sustainability, and population growth.pdf",Baseline population growth scenario,C7: limit warming to 4°C (>50%),4067.198904304981,4067.198904304981,field-only scalar,,,False
Yang 等 - 2015 - Ecosystem Evapotranspiration as a Response to Climate and Vegetation Coverage Changes in Northwest Y.pdf,Afforestation/Reforestation Management Scenario,C7: limit warming to 4°C (>50%),4631.628201551354,4631.628201551354,field-only scalar,,,False
Springmann 等 - 2018 - Options for keeping the food system within environmental limits.pdf,Baseline projection,C5,4067.198904304981,4067.198904304981,field-only scalar,,,False
Maltman 等 - 2025 - Climate change mitigation through woodland caribou (Rangifer tarandus) habitat restoration in.pdf,SSP2,C5,325.2897925777136,325.2897925777136,field-only scalar,,,True
Maltman 等 - 2025 - Climate change mitigation through woodland caribou (Rangifer tarandus) habitat restoration in.pdf,SSP5,C6,325.3951167461587,325.3951167461587,field-only scalar,,,True
Lamb - 2024 - The size and composition of residual emissions in integrated assessment scenarios at net-zero COsub.pdf,Below 1.5°C,C1,~500 Gt CO2,500.0,unit-bound scalar,~,,False
Lamb - 2024 - The size and composition of residual emissions in integrated assessment scenarios at net-zero COsub.pdf,Below 1.5°C with overshoot,C2,~500 Gt CO2,500.0,unit-bound scalar,~,,False
Lamb - 2024 - The size and composition of residual emissions in integrated assessment scenarios at net-zero COsub.pdf,Below 2°C,C3,~1150 Gt CO2,1150.0,unit-bound scalar,~,,False
"Sambaraju和Cote - 2021 - Are Climates in Canada and the United States Suitable for the European Spruce Bark Beetle, Ips ty.pdf",SSP2-4.5,C5,2744.812344177873,2744.812344177873,field-only scalar,,,False
Rannow - 2013 - Climate-adapted conservation how to identify robust strategies for the management of reindeer in Ha.pdf,B2,C5,835.4639342141137,835.4639342141137,field-only scalar,,,False
"De Luca 等 - 2023 - Constraining decadal variability regionally improves near-term projections of hot, cold and dry extr.pdf",SSP2-4.5,C3,1200-1400 GtCO₂ from 2020,1300.0,unit-bound range midpoint,,,False
Soncini 等 - 2015 - Hydrology of the Upper Indus Basin Under Potential Climate Change Scenarios.pdf,RCP26,C1 (closest SSP equivalent: SSP1-2.6),~500 Gt CO₂ from 2020,500.0,unit-bound scalar,~,,False
Chaulagain 等 - 2025 - Impacts of climate change on hydrological patterns and implications for hydroelectric power generati.pdf,SSP2-4.5,C5,2744.812344177873,2744.812344177873,field-only scalar,,,False
Chaulagain 等 - 2025 - Impacts of climate change on hydrological patterns and implications for hydroelectric power generati.pdf,SSP5-8.5 - High Greenhouse Gas Emissions Scenario,C8,Not provided in source text,,excluded,,no unambiguous carbon-budget value,False
Alisoltani 等 - 2024 - Concurrent heat stress and air pollution episodes by considering future projection of climate change.pdf,SSP245,C3,~1150 GtCO₂ (from 2020),1150.0,unit-bound scalar,~,,False
Zhang和Zhou - 2021 - The Effect of Modeling Strategies on Assessments of Differential Warming Impacts of 0.5°C.pdf,1.5°C warming period,C2,271.9704635822378,271.9704635822378,field-only scalar,,,False
Zhang和Zhou - 2021 - The Effect of Modeling Strategies on Assessments of Differential Warming Impacts of 0.5°C.pdf,2°C warming period,C4,1793.871566014591,1793.871566014591,field-only scalar,,,False
Nilsen 等 - 2011 - Analysing urban floods and combined sewer overflows in a changing climate.pdf,B2,C5,835.4639342141137,835.4639342141137,field-only scalar,,,False
"Rosier 等 - 2025 - Calibrated sea level contribution from the Amundsen Sea sector, West Antarctica, under RCP8.5 and Pa.pdf",Paris 2C,C3,1793.871566014591,1793.871566014591,field-only scalar,,,False
Liew 等 - 2021 - Assessing the Effectiveness of Mitigation Strategies for Flood Risk Reduction in the Segamat River B.pdf,Baseline Scenario,C7: limit warming to 4°C (>50%),4067.198904304981,4067.198904304981,field-only scalar,,,False
Soneji和Neve - 2025 - Emissions impossible Five AI what if scenarios for emission reduction.pdf,What if countries fully committed to the Paris Agreement?,C4,~500 Gt CO2,500.0,unit-bound scalar,~,,False
Bastola 等 - 2011 - The sensitivity of fluvial flood risk in Irish catchments to the range of IPCC AR4 climate change sc.pdf,A2,C6,102.7723603383973,102.7723603383973,field-only scalar,,,True
Hannah 等 - 2020 - 30% land conservation and climate action reduces tropical extinction risk by more than 50%.pdf,RCP2.6,C3 (RCP equivalent),~900 Gt CO2,900.0,unit-bound scalar,~,,False
"Laureta 等 - 2021 - Climate vulnerability scenario of the agricultural sector in the Bicol River Basin, Philippines.pdf",RCP2.6,C1 (Low emissions),~400-500 Gt CO2,450.0,unit-bound range midpoint,~,,False
Gebrechorkos 等 - 2020 - Climate change impact assessment on the hydrology of a large river basin in Ethiopia using a local-s.pdf,RCP2.6,C2 (SSP1-2.6 equivalent),~500 Gt CO2,500.0,unit-bound scalar,~,,False
Curry 等 - 2014 - A multimodel examination of climate extremes in an idealized geoengineering experiment.pdf,G1: Instantaneous quadrupling of atmospheric CO2 concentration offset by reduction in solar irradiance,C2: return warming to 1.5°C (>50%) after a high overshoot,602.1546766650441,602.1546766650441,field-only scalar,,,False
Li 等 - 2021 - Comparative Assessment and Future Prediction Using CMIP6 and CMIP5 for Annual Precipitation and Extr.pdf,SSP126 (RCP26),C1,~900 Gt CO2,900.0,unit-bound scalar,~,,False
Li 等 - 2021 - Comparative Assessment and Future Prediction Using CMIP6 and CMIP5 for Annual Precipitation and Extr.pdf,SSP245 (RCP45),C5,2744.812344177873,2744.812344177873,field-only scalar,,,False
Stewart - 2015 - Risk and economic viability of housing climate adaptation strategies for wind hazards in southeast A.pdf,B1,C5,652.4725285661066,652.4725285661066,field-only scalar,,,False
Xie 等 - 2024 - Hydrological responses to the synergistic climate and land-use changes in the upper Lancang river ba.pdf,BAS,C7: limit warming to 4°C (>50%),2994.686676976194,2994.686676976194,field-only scalar,,,False
Akinsipe和Kammen - 2024 - The African fulcrum to bend the curve of the climate crisis to a just transition.pdf,Low-growth scenario,C1,~500 Gt CO2,500.0,unit-bound scalar,~,,False
de Carvalho Junior 等 - 2025 - Climatic and mechanization effects on Arabica coffee suitability cultivation with climate change pot.pdf,SSP2-4.5,C5,2745 GtCO₂,2745.0,unit-bound scalar,,,False
Zheng 等 - 2025 - Strategies for climate-resilient global wind and solar power systems.pdf,SSP1-2.6,C1,~400 Gt CO₂ (remaining from 2020 for 67% chance of 1.8°C warming),400.0,unit-bound scalar,~,,False
Orlinska-Wozniak 等 - 2021 - Biomass Production Potential in a River under Climate Change Scenarios.pdf,RCP8.5,C8 (SSP5-8.5),N/A (RCP-based),,excluded,,explicitly missing/unspecified,False
Ahmadi 等 - 2014 - Impact of climate change on diffuse pollutant fluxes at the watershed scale.pdf,A2,C7,102.7723603383973,102.7723603383973,field-only scalar,,,True
Ji和Duan - 2019 - What is the main driving force of hydrological cycle variations in the semiarid and semi-humid Weihe.pdf,S1: Current land use and climate conditions in 2005,C3: limit warming to 2°C (>67%),893.060956844902,893.060956844902,field-only scalar,,,False
Ji和Duan - 2019 - What is the main driving force of hydrological cycle variations in the semiarid and semi-humid Weihe.pdf,S2: Analyzing the effect of land use/cover change (LUCC) on the hydrological cycle using 1985 land use and climate conditions,C4: limit warming to 2°C (>50%),1447.733517816087,1447.733517816087,field-only scalar,,,False
Drouet 等 - 2015 - Selection of climate policies under the uncertainties in the Fifth Assessment Report of the IPCC.pdf,"1,000 GtCO2 carbon budget scenario",C3 (RCP equivalent),~900 Gt CO2,900.0,unit-bound scalar,~,,False
"Fourcade 等 - 2017 - Temperature drives abundance fluctuations, but spatial dynamics is constrained by landscape configur.pdf",RCP2.6,C3 (RCP equivalent),~900 Gt CO2,900.0,unit-bound scalar,~,,False
Malek 等 - 2018 - Global change effects on land management in the Mediterranean region.pdf,Growth,C5,72.00227463149733,72.00227463149733,field-only scalar,,,True
Zhang 等 - 2024 - Current and Future Patterns of Global Wildfire Based on Deep Neural Networks.pdf,SSP126,C1,500.0,500.0,field-only scalar,,,False
Zhang 等 - 2024 - Current and Future Patterns of Global Wildfire Based on Deep Neural Networks.pdf,SSP245,Medium,1400-2000 GtCO₂ from 2020,1700.0,unit-bound range midpoint,,,False
Liu 等 - 2016 - Projected impacts of climate change on hydropower potential in China.pdf,RCP2.6,C1 (SSP1-2.6),~500 Gt CO₂ from 2020,500.0,unit-bound scalar,~,,False
Othmer 等 - 2020 - Numerical modelling of the urban climate as an integrated part of environmental assessments.pdf,Baseline Scenario,C7: limit warming to 4°C (>50%),4067.198904304981,4067.198904304981,field-only scalar,,,False
"You 等 - 2021 - Temperature dataset of CMIP6 models over China evaluation, trend and uncertainty.pdf",SSP126,C3,~900 Gt CO2,900.0,unit-bound scalar,~,,False
"You 等 - 2021 - Temperature dataset of CMIP6 models over China evaluation, trend and uncertainty.pdf",SSP245,C5,2744.812344177873,2744.812344177873,field-only scalar,,,False
Onarun 等 - 2023 - Development of statistical downscaling methods for the assessment of rainfall characteristics under.pdf,RCP2.6,"C1 (Likely below 2°C, likely below 1.5°C with overshoot)",~500 Gt CO2 (from 2020),500.0,unit-bound scalar,~,,False
Kao 等 - 2020 - Effects of climate and land-use changes on fish catches across lakes at a global scale.pdf,25% catch decrease,C6: limit warming to 3°C (>50%),2619.964986816399,2619.964986816399,field-only scalar,,,False
Li 等 - 2024 - Assessing Reptile Conservation Status under Global Climate Change.pdf,SSP2-4.5,C3,1150,1150.0,field-only scalar,,,False
Lamperti 等 - 2021 - Three green financial policies to address climate risks.pdf,Business-as-usual (BAU),C8,1150-1400 GtCO₂ (from 2020),1275.0,unit-bound range midpoint,,,False
Schaeffer 等 - 2012 - Long-term sea-level rise implied by 1.5 °C and 2 °C warming levels.pdf,MERGE400,C1,~500 Gt CO2,500.0,unit-bound scalar,~,,False
Hakszer和Hanuliak - 2025 - Projecting the Future Bioclimatic Environment of Bratislava A UTCI-Based Analysis Under Representat.pdf,RCP2.6,C1 (RCP equivalent),~900 Gt CO2,900.0,unit-bound scalar,~,,False
Giardino 等 - 2018 - Coastal hazard risk assessment for small islands assessing the impact of climate change and disaste.pdf,RCP2.6,C1 (Below 1.5°C with no or limited overshoot),~500 Gt CO₂ from 2020,500.0,unit-bound scalar,~,,False
Menten 等 - 2023 - Simulation of Saltwater Intrusion in the Minho River Estuary under Sea Level Rise Scenarios.pdf,S2,C5,1447.733517816087,1447.733517816087,field-only scalar,,,False
Sirisena 等 - 2021 - Climate Change and Reservoir Impacts on 21st-Century Streamflow and Fluvial Sediment Load.pdf,RCP2.6,C1 (RCP equivalent),~900 Gt CO2,900.0,unit-bound scalar,~,,False
"Pandit 等 - 2017 - Climate change change risks, extinction debt, and conservation implications for a threatened freshwa.pdf",RCP2.6,C3 (RCP equivalent),~900 Gt CO2,900.0,unit-bound scalar,~,,False
Wehner 等 - 2018 - Changes in tropical cyclones under stabilized 1.5 and 2.0 °C global warming scenarios as simulated b.pdf,HAPPI15,C3,~500 Gt CO2,500.0,unit-bound scalar,~,,False
Geiges 等 - 2020 - Incremental improvements of 2030 targets insufficient to achieve the Paris Agreement goals.pdf,NDC reference scenario,C5,6016.054280938453,6016.054280938453,field-only scalar,,,False
Yang 等 - 2015 - Systematic Quantitative Risk Analysis of Water Shortage Mitigation Projects Considering Climate Chan.pdf,A2 - A distinctively heterogeneous world with high population growth and heavy reliance on fossil fuels,C7,102.7723603383973,102.7723603383973,field-only scalar,,,True
Yudaputra 等 - 2023 - Comprehensive approaches for assessing extinction risk of endangered tropical pitcher plant Nepen.pdf,SSP1–2.6,C3,~900 Gt CO2,900.0,unit-bound scalar,~,,False
Ward 等 - 2011 - The influence of constrained fossil fuel emissions scenarios on climate and water resource projectio.pdf,B1,C5,652.4725285661066,652.4725285661066,field-only scalar,,,False
Leng 等 - 2016 - Emergence of new hydrologic regimes of surface water resources in the conterminous United States und.pdf,RCP2.6,C1 (Below 1.5°C),~500 Gt CO2 from 2020,500.0,unit-bound scalar,~,,False
Campbell 等 - 2022 - Agricultural Landscape Transformation Needed to Meet Water Quality Goals in the Yahara River Watersh.pdf,Baseline Climate (BC),C7: limit warming to 4°C (>50%),4067.198904304981,4067.198904304981,field-only scalar,,,False
Zhou 等 - 2018 - Impacts of future climate change on urban flood volumes in Hohhot in northern China benefits of cli.pdf,RCP2.6,C1 (RCP equivalent),~1150 Gt CO₂ from 2020,1150.0,unit-bound scalar,~,,False
Hedger 等 - 2013 - Predicting climate change effects on subarctic-Arctic populations of Atlantic salmon (Salmo salar.pdf,A2,C5,102.7723603383973,102.7723603383973,field-only scalar,,,True
Hedger 等 - 2013 - Predicting climate change effects on subarctic-Arctic populations of Atlantic salmon (Salmo salar.pdf,B2,C5,835.4639342141137,835.4639342141137,field-only scalar,,,False
Fry - 2025 - Projecting stock market impacts of climate change via rational bubble models.pdf,Global temperature rise of +2°C,C5,1793.871566014591,1793.871566014591,field-only scalar,,,False
Liu 等 - 2025 - Impact Analysis of Climate Change on Hydropower Resource Development in the Vakhsh River Basin of Ta.pdf,RCP2.6 - Stringent Mitigation Scenario,C3 (RCP equivalent),~900 Gt CO2,900.0,unit-bound scalar,~,,False
Waldhoff 等 - 2015 - Overview of the special issue a multi-model framework to achieve consistent evaluation of climate c.pdf,REF,C8,4631.628201551354,4631.628201551354,field-only scalar,,,False
Wohland - 2022 - Process-based climate change assessment for European winds using EURO-CORDEX and global models.pdf,RCP8.5,SSP5-8.5,N/A (not applicable for RCP-based scenarios in AR6),,excluded,,explicitly missing/unspecified,False
Yue 等 - 2025 - Water-saving irrigated area expansion hardly enhances crop yield while saving water under climate sc.pdf,SSP1-2.6,C1,~500 Gt CO₂ (from 2020),500.0,unit-bound scalar,~,,False
Wang 等 - 2017 - Analysis of multi-dimensional hydrological alterations under climate change for four major river bas.pdf,RCP2.6,SSP1-2.6,~400 Gt CO2,400.0,unit-bound scalar,~,,False
Liu 等 - 2023 - Nonlinear El Niño impacts on the global economy under climate change.pdf,SSP1-2.6,C3,~500 Gt CO2,500.0,unit-bound scalar,~,,False
Manda 等 - 2022 - Climate Change Reveals Contractions and Expansions in the Distribution of Suitable Habitats for the.pdf,RCP 8.5,SSP5-8.5,no carbon budget constraint,,excluded,,no unambiguous carbon-budget value,False
Zhang 等 - 2024 - Impacts of anthropogenic land use and land cover change on climate extremes based on CMIP6-LUMIP exp.pdf,SSP370,C6 (AR6 classification) - SSP3-7.0 is classified as C6 according to the AR6 mapping table.,High emissions pathway (no carbon budget constraint),,excluded,,no unambiguous carbon-budget value,False
Zhang 等 - 2024 - Impacts of anthropogenic land use and land cover change on climate extremes based on CMIP6-LUMIP exp.pdf,SSP126-SSP370Lu,C7,942.4855433794125,942.4855433794125,field-only scalar,,,False
Bacenetti - 2019 - Heat and cold production for winemaking using pruning residues Environmental impact assessment.pdf,Baseline Scenario,C7: limit warming to 4°C (>50%),4067.198904304981,4067.198904304981,field-only scalar,,,False
Admiraal 等 - 2016 - Costs and benefits of differences in the timing of greenhouse gas emission reductions.pdf,Baseline,C6,4067.2 GtCO₂,4067.2,unit-bound scalar,,,False
Admiraal 等 - 2016 - Costs and benefits of differences in the timing of greenhouse gas emission reductions.pdf,Gradual action,SSP2-4.5,Not reported,,excluded,,no unambiguous carbon-budget value,False
Carlo Flores-Fernandez 等 - 2022 - Assessing climate change impacts on hydrology application to Zacapu and Pastor Ortiz aquifers (Mexi.pdf,RCP4.5,C3 (Below 2°C),~1150-1350 GtCO₂,1250.0,unit-bound range midpoint,~,,False
Yang 等 - 2019 - Trait-Based Climate Change Predictions of Vegetation Sensitivity and Distribution in China.pdf,RCP2.6,C3 (RCP equivalent),~900 Gt CO2,900.0,unit-bound scalar,~,,False
"Thor和Perry - 2025 - Impact of climate change driven freshening, warming, and ocean acidification on the cellular metabol.pdf",All treatment of Atlantic cod under combined climate stressors,C2: return warming to 1.5°C (>50%) after a high overshoot,212.8537743020109,212.8537743020109,field-only scalar,,,False
Tamoffo 等 - 2025 - Machine-learning unravels spatial shifting in homogeneous rainfall subregions in Central Africa unde.pdf,RCP2.6,C1,~900 Gt CO2,900.0,unit-bound scalar,~,,False
Anandhi - 2011 - Uncertainties in downscaled relative humidity for a semi-arid region in India.pdf,A2,C6,102.7723603383973,102.7723603383973,field-only scalar,,,True
Anandhi - 2011 - Uncertainties in downscaled relative humidity for a semi-arid region in India.pdf,B1,C4,652.4725285661066,652.4725285661066,field-only scalar,,,False
Andreae 等 - 2005 - Strong present-day aerosol cooling implies a hot future.pdf,A2,C4,102.7723603383973,102.7723603383973,field-only scalar,,,False
"Andrady 等 - 2017 - Environmental effects of ozone depletion and its interactions with climate change Progress report,.pdf",RCP8.5,C8,Exceeds 2°C budget rapidly / <500 GtCO2 from 2020 for 50% chance to limit warming to 2°C.,500.0,unit-bound scalar,<,,True
Ercin 等 - 2021 - Cross-border climate vulnerabilities of the European Union to drought.pdf,RCP 2.6,C1 (RCP equivalent),~900 Gt CO2,900.0,unit-bound scalar,~,,False
da Costa 等 - 2025 - Assessing the potential distribution of Myracrodruon urundeuva Allemão (Aroeira) in the Caati.pdf,SSP126,C1,~500 Gt CO2,500.0,unit-bound scalar,~,,False
Ma 等 - 2021 - A comprehensive analysis of meteorological drought stress over the Yellow River basin (China) for th.pdf,RCP2.6,C1 (RCP equivalent),~500 Gt CO2,500.0,unit-bound scalar,~,,False
Hof 等 - 2015 - Disentangling the ranges climate policy scenarios for China and India.pdf,2°C scenarios,C4,1793.871566014591,1793.871566014591,field-only scalar,,,False
Rahimi和Jung - 2025 - A Global Estimation of Potential Climate Change Effects on Pollinator-Dependent Crops.pdf,SSP585,C8 - High GHG emissions,1150 GtCO2 from 2020 (for 50% probability of limiting warming to 4°C),1150.0,unit-bound scalar,,,False
Morin 等 - 2021 - Pan-European meteorological and snow indicators of climate change impact on ski tourism.pdf,RCP2.6,C3 (RCP equivalent),~900 Gt CO2,900.0,unit-bound scalar,~,,False
Morin 等 - 2021 - Pan-European meteorological and snow indicators of climate change impact on ski tourism.pdf,RCP4.5,C3 (Below 2°C pathways),~1000 GtCO2 from 2020,1000.0,unit-bound scalar,~,,False
Hill和Lackmann - 2011 - The Impact of Future Climate Change on TC Intensity and Structure A Downscaling Approach.pdf,B1,C5,652.4725285661066,652.4725285661066,field-only scalar,,,False
Kay - 2025 - A comparison of hydrological impacts from two ensembles of regional climate projections with a range.pdf,RCP8.5,C8 (SSP5-8.5 equivalent),Exceeded,,excluded,,no unambiguous carbon-budget value,False
Tan 等 - 2025 - Combined impacts of climate change and human activities on blue and green water resources in a high-.pdf,S1,C3: limit warming to 2°C (>67%),893.060956844902,893.060956844902,field-only scalar,,,False
Tan 等 - 2025 - Combined impacts of climate change and human activities on blue and green water resources in a high-.pdf,S2,C4: limit warming to 2°C (>50%),1447.733517816087,1447.733517816087,field-only scalar,,,False
Fong 等 - 2024 - Winners and losers in US marine aquaculture under climate change.pdf,SSP1-2.6,C1,~400 Gt CO2 from 2020 (typical estimate),400.0,unit-bound scalar,~,,False
Fong 等 - 2024 - Winners and losers in US marine aquaculture under climate change.pdf,SSP2-4.5,C5,1150 GtCO2 from 2020,1150.0,unit-bound scalar,,,False
Petr 等 - 2015 - Adapting Scotland's forests to climate change using an action expiration chart.pdf,B1,C3: limit warming to 2°C (>67%),652.4725285661066,652.4725285661066,field-only scalar,,,False
Galos 等 - 2007 - Will dry events occur more often in Hungary in the future.pdf,B1,C1,~500 Gt CO2,500.0,unit-bound scalar,~,,False
Galos 等 - 2007 - Will dry events occur more often in Hungary in the future.pdf,A2,C6,102.7723603383973,102.7723603383973,field-only scalar,,,True
Mankin 等 - 2017 - Influence of internal variability on population exposure to hydroclimatic changes.pdf,SSP2,C5,325.2897925777136,325.2897925777136,field-only scalar,,,True
Mankin 等 - 2017 - Influence of internal variability on population exposure to hydroclimatic changes.pdf,SSP3,C5,5565.348400074735,5565.348400074735,field-only scalar,,,False
Mankin 等 - 2017 - Influence of internal variability on population exposure to hydroclimatic changes.pdf,SSP5,C5,325.3951167461587,325.3951167461587,field-only scalar,,,True
Sun Shao 等 - 2021 - Projected increases in population exposure of daily climate extremes in eastern China by 2050.pdf,SSP2-4.5,C3,1200-1400 GtCO₂,1300.0,unit-bound range midpoint,,,False
Muleta和Knolmar - 2025 - Green Stormwater Infrastructure (GSI) Performance Assessment for Climate Change Resilience in Storm.pdf,SSP2-4.5,C5,2744.812344177873,2744.812344177873,field-only scalar,,,False
Ferrer-Sanchez 等 - 2022 - Risk to cocoa cultivation due to changes in the potential distribution of the phytopathogen Monil.pdf,RCP 4.5 2050,C5 (SSP2-4.5 equivalent),"approx. 1,550 GtCO₂ (2020–net-zero)",1550.0,unit-bound scalar,,,False
Ye 等 - 2014 - Chinese Food Security and Climate Change Agriculture Futures.pdf,Baseline,C7: limit warming to 4°C (>50%),4067.198904304981,4067.198904304981,field-only scalar,,,False
Yang 等 - 2017 - Separation of the Climatic and Land Cover Impacts on the Flow Regime Changes in Two Watersheds of No.pdf,S1: Historical Baseline Scenario Using 1980s Land Use and 1982-1995 Climate Data,C3: limit warming to 2°C (>67%),893.060956844902,893.060956844902,field-only scalar,,,False
Engstrom 等 - 2016 - Assessing uncertainties in global cropland futures using a conditional probabilistic modelling frame.pdf,F1: Sustainability – Taking the Green Road,C3,955.2586444471597,955.2586444471597,field-only scalar,,,False
Engstrom 等 - 2016 - Assessing uncertainties in global cropland futures using a conditional probabilistic modelling frame.pdf,F2,Not specified,~1400-1500 GtCO₂ (2018-2100),1450.0,unit-bound range midpoint,~,,False
Engstrom 等 - 2016 - Assessing uncertainties in global cropland futures using a conditional probabilistic modelling frame.pdf,F3,C3,4708.871082689263,4708.871082689263,field-only scalar,,,False
Liu 等 - 2022 - Impact of Climate-Driven Land-Use Change on O3 and PM Pollution by Driving BVOC Emissions.pdf,SSP126,C1,942.4855433794125,942.4855433794125,field-only scalar,,,False
"Reddy和Arunkumar - 2023 - Development of flood inundation maps for the Chaliyar Basin, Kerala under climate change scenarios.pdf",SSP2-4.5,C3,2744.812344177873,2744.812344177873,field-only scalar,,,False
Gidden 等 - 2023 - Fairness and feasibility in deep mitigation pathways with novel carbon dioxide removal considering i.pdf,C1 (1.5°C with no or limited overshoot),C1,~500 Gt CO2,500.0,unit-bound scalar,~,,False
Gidden 等 - 2023 - Fairness and feasibility in deep mitigation pathways with novel carbon dioxide removal considering i.pdf,C2 (1.5°C with high overshoot),C2,~700 Gt CO2,700.0,unit-bound scalar,~,,False
Gidden 等 - 2023 - Fairness and feasibility in deep mitigation pathways with novel carbon dioxide removal considering i.pdf,C3 (likely 2°C),C3,~1000 Gt CO2,1000.0,unit-bound scalar,~,,False
Bertelsmeier 等 - 2013 - Global warming may freeze the invasion of big-headed ants.pdf,A2,C5,102.7723603383973,102.7723603383973,field-only scalar,,,True
Bertelsmeier 等 - 2013 - Global warming may freeze the invasion of big-headed ants.pdf,B2,C5,835.4639342141137,835.4639342141137,field-only scalar,,,False
Alsos 等 - 2009 - Past and future range shifts and loss of diversity in dwarf willow (Salix herbacea L.) inferr.pdf,A2,C5,102.7723603383973,102.7723603383973,field-only scalar,,,True
Alsos 等 - 2009 - Past and future range shifts and loss of diversity in dwarf willow (Salix herbacea L.) inferr.pdf,B2,C4,835.4639342141137,835.4639342141137,field-only scalar,,,False
Smith 等 - 2022 - Projected novelty in the climate envelope of the California Current at multiple spatial-temporal sca.pdf,RCP8.5,C8: Very high GHG emissions,Very large/effectively unlimited,,excluded,,no unambiguous carbon-budget value,False
Pechlivanidis 等 - 2017 - Analysis of hydrological extremes at different hydro-climatic regimes under present and future condi.pdf,RCP2.6,C1,~900 Gt CO2,900.0,unit-bound scalar,~,,False
van Sluisveld 等 - 2015 - Comparing future patterns of energy system change in 2 °C scenarios with historically observed rates.pdf,Baseline,No Policy / Baseline,4067.198904304981,4067.198904304981,field-only scalar,,,False
van Sluisveld 等 - 2015 - Comparing future patterns of energy system change in 2 °C scenarios with historically observed rates.pdf,Reference,C8: exceed warming of 4°C (>=50%),6016.054280938453,6016.054280938453,field-only scalar,,,False
Kerkhoven和Gan - 2011 - Differences and sensitivities in potential hydrologic impact of climate change to regional-scale Ath.pdf,A2,C7,102.7723603383973,102.7723603383973,field-only scalar,,,True
Ye 等 - 2011 - A modeling study of catchment discharge to Poyang Lake under future climate in China.pdf,B1,C5,652.4725285661066,652.4725285661066,field-only scalar,,,False
Ye 等 - 2011 - A modeling study of catchment discharge to Poyang Lake under future climate in China.pdf,A2,C5,102.7723603383973,102.7723603383973,field-only scalar,,,True
"Wei 等 - 2021 - Chinese caterpillar fungus (Ophiocordyceps sinensis) in China Current distribution, trading,.pdf",RCP 2.6,SSP1-2.6,~400-600 Gt CO2,500.0,unit-bound range midpoint,~,,False
Mori 等 - 2020 - A meta-analysis on decomposition quantifies afterlife effects of plant diversity as a global change.pdf,RCP2.6,C1 (SSP1-2.6),500 Gt CO2 from 2020 for 50% chance of 1.5°C,500.0,unit-bound scalar,,,False
Winckler 等 - 2022 - Analysis of Climate-Related Risks for Chile's Coastal Settlements in the ARClim Web Platform.pdf,RCP8.5,C8 (SSP5-8.5 equivalent),Not applicable for RCP8.5,,excluded,,no unambiguous carbon-budget value,False
Nong和Simshauser - 2020 - On energy and climate change policies The impact of baseline projections.pdf,Baseline Scenario 2 (S2) - Enhanced Renewable Electricity Development,C7: limit warming to 4°C (>50%),4067.198904304981,4067.198904304981,field-only scalar,,,False
Nong和Simshauser - 2020 - On energy and climate change policies The impact of baseline projections.pdf,Baseline Scenario 3 (S3) - Primary Factor Input Technology Growth,C7: limit warming to 4°C (>50%),4067.198904304981,4067.198904304981,field-only scalar,,,False
Gourault 等 - 2019 - Modeling reproductive traits of an invasive bivalve species under contrasting climate scenarios from.pdf,RCP2.6,C1 (Below 1.5°C),~400-500 Gt CO2,450.0,unit-bound range midpoint,~,,False
Wanders 等 - 2015 - Global hydrological droughts in the 21st century under a changing hydrological regime.pdf,RCP2.6,C1 (Low GHG emissions),~900 Gt CO2,900.0,unit-bound scalar,~,,False
Gudmundsson和Seneviratne - 2016 - Anthropogenic climate change affects meteorological drought risk in Europe.pdf,NAT,C5: limit warming to 2.5°C (>50%),2125.417765920262,2125.417765920262,field-only scalar,,,False
Li 等 - 2021 - Agriculture Adaptation Options for Flood Impacts under Climate Change-A Simulation Analysis in the D.pdf,RCP8.5,C8 (RCP equivalent),Not applicable (no mitigation),,excluded,,no unambiguous carbon-budget value,False
Zhang 等 - 2022 - Projecting the Potential Distribution Areas of Ixodes scapularis (Acari Ixodidae) Driven by.pdf,SSP1-2.6,C3,~900 Gt CO2,900.0,unit-bound scalar,~,,False
Zhang 等 - 2022 - Projecting the Potential Distribution Areas of Ixodes scapularis (Acari Ixodidae) Driven by.pdf,SSP2-4.5,C5,2744.812344177873,2744.812344177873,field-only scalar,,,False
Mamassi 等 - 2025 - Climate change and irrigation management shape crop resilience in UAE arid agriculture APSIM model-.pdf,SSP2-4.5,C2,1150-1400 GtCO2,1275.0,unit-bound range midpoint,,,False
Belgacem和Louhaichi - 2013 - The vulnerability of native rangeland plant species to global climate change in the West Asia and No.pdf,A2,C5,102.7723603383973,102.7723603383973,field-only scalar,,,True
"Limantol 等 - 2023 - An increase in temperature under the shared socioeconomic scenarios in the Volta River Basin, West A.pdf",SSP2-4.5,C5,2744.812344177873,2744.812344177873,field-only scalar,,,False
Al-Moftah 等 - 2021 - Life Cycle Assessment of Solid Recovered Fuel Gasification in the State of Qatar.pdf,Baseline,C7: limit warming to 4°C (>50%),4067.198904304981,4067.198904304981,field-only scalar,,,False
Martinez-Jaramillo 等 - 2023 - Long term impacts of climate change on the transition towards renewables in Switzerland.pdf,RCP 2.6,C3 (RCP equivalent),~450 Gt CO2,450.0,unit-bound scalar,~,,False
Xie 等 - 2018 - Improved Global Surface Temperature Simulation using Stratospheric Ozone Forcing with More Accurate.pdf,E1,C2: return warming to 1.5°C (>50%) after a high overshoot,298.9017422679738,298.9017422679738,field-only scalar,,,False
Yang 等 - 2025 - Potential Impacts of Climate Change on the Spatial Distribution Pattern of Naked Oats in China.pdf,ssp126,C1,500,500.0,field-only scalar,,,False
Yang 等 - 2025 - Potential Impacts of Climate Change on the Spatial Distribution Pattern of Naked Oats in China.pdf,ssp245,C3,2744.812344177873,2744.812344177873,field-only scalar,,,False
Velazquez 等 - 2023 - Walkability under Climate Pressure Application to Three UNESCO World Heritage Cities in Central Spa.pdf,A2,C8,102.7723603383973,102.7723603383973,field-only scalar,,,True
Zhang 等 - 2021 - Interspecific Variance of Suitable Habitat Changes for Four Alpine Rhododendron Species under.pdf,RCP2.6,C1,~1000 GtCO2 from 2011,1000.0,unit-bound scalar,~,,False
Barton 等 - 2016 - Anthropogenic climate change drives shift and shuffle in North Atlantic phytoplankton communities.pdf,RCP8.5,Very high (C8),~7000 GtCO2 (2015-2100),7000.0,unit-bound scalar,~,,False
Woldemeskel 等 - 2014 - A framework to quantify GCM uncertainties for use in impact assessment studies.pdf,A2,C4,102.7723603383973,102.7723603383973,field-only scalar,,,False
'Agostino 等 - 2024 - Impact of climate change on the energy performance of building envelopes and implications on energy.pdf,RCP 2.6,RCP,~900 Gt CO2,900.0,unit-bound scalar,~,,False
Sakurai 等 - 2025 - Evaluating the prediction ability and stability of data-driven methods for estimating the impact of.pdf,RCP2.6-SSP1,C1 (RCP equivalent),~1000 Gt CO2,1000.0,unit-bound scalar,~,,False
Filazzola 等 - 2020 - Inclusion of trophic interactions increases the vulnerability of an alpine butterfly species to clim.pdf,RCP 2.6,C1 (SSP1-2.6 equivalent),~900 Gt CO2,900.0,unit-bound scalar,~,,False
George-Chacon 等 - 2023 - Isolating the effects of land use and functional variation on Yucatán's forest biomass under global.pdf,SSP1-2.6,C1,>1000 Gt CO2 (from 2020),1000.0,unit-bound scalar,>,,False
George-Chacon 等 - 2023 - Isolating the effects of land use and functional variation on Yucatán's forest biomass under global.pdf,SSP3-7.0,SSP3-7.0,~3400 GtCO2 from 2020 for 50% likelihood of 3.6°C,3400.0,unit-bound scalar,~,,False
Wiebe 等 - 2015 - Climate change impacts on agriculture in 2050 under a range of plausible socioeconomic and emissions.pdf,SSP1-4.5,C3,942.4855433794125,942.4855433794125,field-only scalar,,,False
Wiebe 等 - 2015 - Climate change impacts on agriculture in 2050 under a range of plausible socioeconomic and emissions.pdf,SSP2,C5,325.2897925777136,325.2897925777136,field-only scalar,,,True
Wiebe 等 - 2015 - Climate change impacts on agriculture in 2050 under a range of plausible socioeconomic and emissions.pdf,SSP3,SSP3-7.0,5565.348400074735,5565.348400074735,field-only scalar,,,False
Lee 等 - 2017 - Thermodynamic and dynamic contributions to future changes in summer precipitation over Northeast Asi.pdf,RCP8.5,C8 (SSP5-8.5),~7000 GtCO₂ from 1850-2019 for >66% chance of staying below 4°C,7000.0,unit-bound scalar,~,,False
Felix Ribeiro 等 - 2022 - How effective are the protected areas to preserve endangered plant species in a climate change scena.pdf,RCP8.5,C8 (RCP equivalent),N/A (exceeds budget),,excluded,,explicitly missing/unspecified,False
Benitez Rodriguez和Trotter - 2019 - Climate change scenarios for Paraguayan power demand 2017-2050.pdf,SSP5-RCP4.5,C2 (Below 2°C),~1400 GtCO2 from 2020,1400.0,unit-bound scalar,~,,False
Wade 等 - 2010 - A model-based assessment of the effects of projected climate change on the water resources of Jordan.pdf,A2,C5,102.7723603383973,102.7723603383973,field-only scalar,,,True
Sutton和Hawkins - 2020 - ESD Ideas Global climate response scenarios for IPCC assessments.pdf,SSP1-2.6,C3,~900 Gt CO2,900.0,unit-bound scalar,~,,False
Sutton和Hawkins - 2020 - ESD Ideas Global climate response scenarios for IPCC assessments.pdf,SSP5-8.5,C8,0 Gt CO₂ from 2020,,excluded,,no unambiguous carbon-budget value,False
Mouri 等 - 2016 - The effects of future nationwide forest transition to discharge in the 21st century with regard to g.pdf,RCP2.6,C1,~400-600 Gt CO2,500.0,unit-bound range midpoint,~,,False
Mills 等 - 2016 - Ozone impacts on vegetation in a nitrogen enriched and changing climate.pdf,RCP2.6,C3 (RCP equivalent),~900 Gt CO2,900.0,unit-bound scalar,~,,False
van Zonneveld 等 - 2023 - Forgotten food crops in sub-Saharan Africa for healthy diets in a changing climate.pdf,SSP2-4.5,C5,2744.81 Gt CO₂ (50 % likelihood),2744.81,unit-bound scalar,,,False
Gutsch 等 - 2018 - Balancing trade-offs between ecosystem services in Germany's forests under climate change.pdf,RCP2.6,C1 (Low GHG emissions),~1000 Gt CO₂ (from 2011),1000.0,unit-bound scalar,~,,False
Gutsch 等 - 2018 - Balancing trade-offs between ecosystem services in Germany's forests under climate change.pdf,RCP4.5,C3 - Below 2°C,"~3000 GtCO₂ (from 2020, 50% probability)",3000.0,unit-bound scalar,~,,False
Kouis 等 - 2021 - Heat-related mortality under climate change and the impact of adaptation through air conditioning A.pdf,SSP1-2.6,C1,~400 Gt CO2,400.0,unit-bound scalar,~,,False
Bellis 等 - 2021 - Using macroecological species distribution models to estimate changes in the suitability of sites fo.pdf,RCP2.6,C1 (RCP equivalent),~900 Gt CO2,900.0,unit-bound scalar,~,,False
Winckler 等 - 2019 - Nonlocal Effects Dominate the Global Mean Surface Temperature Response to the Biogeophysical Effects.pdf,Deforestation in three out of four grid cells (3/4),C5: limit warming to 2.5°C (>50%),1774.37058797565,1774.37058797565,field-only scalar,,,False
Zou 等 - 2023 - Precipitation Sensitivity to Soil Moisture Changes in Multiple Global Climate Models.pdf,SSP1-2.6,C3,~900 Gt CO2,900.0,unit-bound scalar,~,,False
Moyer 等 - 2023 - How many people will live in poverty because of climate change A macro-level projection analysis to.pdf,SSP1-RCP 2.6,C1 (RCP equivalent),~900 Gt CO2 from 2011 baseline,900.0,unit-bound scalar,~,,False
Zittis 等 - 2023 - Maritime transport and regional climate change impacts in large EU islands and archipelagos.pdf,RCP2.6,C3 (RCP equivalent),~500 Gt CO2 from 2020,500.0,unit-bound scalar,~,,False
Foster - 2018 - Ethylene Supply in a Fluid Context Implications of Shale Gas and Climate Change.pdf,SSP1 Sustainability EIA Ref. Gas Price,C1: limit warming to 1.5°C,4631.628201551354,4631.628201551354,field-only scalar,,,True
Foster - 2018 - Ethylene Supply in a Fluid Context Implications of Shale Gas and Climate Change.pdf,SSP3 Regional Rivalry,SSP3-7.0,4631.628201551354,4631.628201551354,field-only scalar,,,False
Foster - 2018 - Ethylene Supply in a Fluid Context Implications of Shale Gas and Climate Change.pdf,SSP5 Fossil-Fueled Development EIA Ref. Gas Price,No policy,4631.628201551354,4631.628201551354,field-only scalar,,,False
Zakari 等 - 2025 - Trends in Rainfall-Temperature Projections in Upper Bernam River Basin Using CMIP6 Scenarios in Mala.pdf,SSP126,C1,~500 GtCO₂,500.0,unit-bound scalar,~,,False
Zhu 等 - 2025 - Impacts of Future Climate Change and Xiamen's Territorial Spatial Planning on Carbon Storage and Seq.pdf,NC,C8: exceed warming of 4°C (>=50%),6016.054280938453,6016.054280938453,field-only scalar,,,False
Abatzoglou 等 - 2025 - Shorter growing seasons may moderate climate change effects on crop water demands.pdf,+2°C warming scenario,C5,1793.871566014591,1793.871566014591,field-only scalar,,,False
Suwannakhot 等 - 2022 - Assessment of Climate Change Impact on Water Footprint of Glutinous Rice (RD6) Production and Adapta.pdf,SSP245,C3,1150 GtCO2,1150.0,unit-bound scalar,,,False
He 等 - 2020 - Cool Roof and Green Roof Adoption in a Metropolitan Area Climate Impacts during Summer and Winter.pdf,BASELINE,C7: limit warming to 4°C (>50%),4067.198904304981,4067.198904304981,field-only scalar,,,False
Wakjira 等 - 2024 - Current and future cropland suitability for cereal production across the rainfed agricultural landsc.pdf,SSP2-4.5,C5,2744.81 GtCO2,2744.81,unit-bound scalar,,,False
Gurgel 等 - 2024 - Assessing compounding climate-related stresses and development pathways on the power sector in the c.pdf,Current Policies,C5,4182.783765496274,4182.783765496274,field-only scalar,,,False
Gurgel 等 - 2024 - Assessing compounding climate-related stresses and development pathways on the power sector in the c.pdf,Decarb,C1,~500 Gt CO2,500.0,unit-bound scalar,~,,False
Alamou 等 - 2022 - Impact of Stratospheric Aerosol Geoengineering on Extreme Precipitation and Temperature Indices in W.pdf,RCP8.5,C8,Exceeds 1000 GtCO2 from 2020,1000.0,unit-bound scalar,,,False
Mitchell 等 - 2022 - Increased population exposure to Amphan-scale cyclones under future climates.pdf,SSP1-RCP2.6,C1 (1.5°C pathways with no or limited overshoot),~900 Gt CO2,900.0,unit-bound scalar,~,,False
Mitchell 等 - 2022 - Increased population exposure to Amphan-scale cyclones under future climates.pdf,SSP2-4.5,C2 (Lower 2°C),Not specified in source,,excluded,,no unambiguous carbon-budget value,False
Ramachandran 等 - 2022 - Insights into recent aerosol trends over Asia from observations and CMIP6 simulations.pdf,SSP245,C5,2744.812344177873,2744.812344177873,field-only scalar,,,False
Gao 等 - 2017 - Temporal and spatial evolution of the standardized precipitation evapotranspiration index (SPEI) in.pdf,RCP2.6,C3 (RCP equivalent),~900 Gt CO2,900.0,unit-bound scalar,~,,False
Ozsahin 等 - 2023 - Coastal Vulnerability Assessment of Thrace Peninsula Implications for Climate Change and Sea Level.pdf,SSP1-2.6,C1,950,950.0,field-only scalar,,,False
Ozsahin 等 - 2023 - Coastal Vulnerability Assessment of Thrace Peninsula Implications for Climate Change and Sea Level.pdf,SSP5-8.5,C7,Exceeded,,excluded,,no unambiguous carbon-budget value,False
Sys 等 - 2021 - The Impact of Climate Change on the Reliability of Water Resources.pdf,RCP2.6,C3 (SSP1-2.6 equivalent),~500 Gt CO₂ from 2020,500.0,unit-bound scalar,~,,False
Quagraine 等 - 2025 - Assessing changes in atmospheric rivers under stratospheric aerosol injection using ARISE-SAI-1.5.pdf,SSP2-4.5,C3,1200-1400 GtCO2,1300.0,unit-bound range midpoint,,,False
Quagraine 等 - 2025 - Assessing changes in atmospheric rivers under stratospheric aerosol injection using ARISE-SAI-1.5.pdf,ARISE-SAI-1.5,C1,~500 Gt CO2,500.0,unit-bound scalar,~,,False
Greenan 等 - 2019 - Climate Change Vulnerability of American Lobster Fishing Communities in Atlantic Canada.pdf,RCP8.5,C8,Exhausted before 2050,,excluded,,no unambiguous carbon-budget value,False
Hossain 等 - 2025 - Projection of climate change and extreme climate events during cropping seasons in Northwest Banglad.pdf,SSP126,C1,400-600 Gt CO2,500.0,unit-bound range midpoint,,,False
Papadaki 等 - 2016 - Potential impacts of climate change on flow regime and fish habitat in mountain rivers of the south-.pdf,A2,C8,102.7723603383973,102.7723603383973,field-only scalar,,,True
Zangiabadi 等 - 2021 - Using climatic variables alone overestimate climate change impacts on predicting distribution of an.pdf,RCP2.6,C3 (RCP equivalent),~900 Gt CO2,900.0,unit-bound scalar,~,,False
Zhang - 2012 - Cropping and Tillage Systems Effects on Soil Erosion under Climate Change in Oklahoma.pdf,A2,C7,102.7723603383973,102.7723603383973,field-only scalar,,,True
Zhang - 2012 - Cropping and Tillage Systems Effects on Soil Erosion under Climate Change in Oklahoma.pdf,B2,C7,835.4639342141137,835.4639342141137,field-only scalar,,,False
Eitzinger 等 - 2017 - Assessing high-impact spots of climate change spatial yield simulations with Decision Support Syste.pdf,A2,C7,102.7723603383973,102.7723603383973,field-only scalar,,,True
Fraser 等 - 2019 - Temperature-Not Flow-Predicts Native Fish Reproduction with Implications for Climate Change.pdf,Climate Change Scenario: 2°C increase in air temperature and 20% reduction in flow,C5: limit warming to 2.5°C (>50%),1793.871566014591,1793.871566014591,field-only scalar,,,False
Stewart 等 - 2022 - Global impacts of climate change on avian functional diversity.pdf,RCP2.6,C1 (Low GHG emissions),~1000 Gt CO2 from 2011 (IPCC AR6),1000.0,unit-bound scalar,~,,False
Garcia-Gonzalo 等 - 2016 - Accounting for climate change in a forest planning stochastic optimization model.pdf,32 climate scenarios,C5: limit warming to 2.5°C (>50%),1793.871566014591,1793.871566014591,field-only scalar,,,False
Liu 等 - 2023 - Benefits of net-zero policies for future ozone pollution in China.pdf,SSP1-1.9,C1a,~500 Gt CO2,500.0,unit-bound scalar,~,,False
Gago-Silva 等 - 2020 - Daily gridded temperature and precipitation datasets over the Black Sea catchment 1961-1990 and cli.pdf,B2,C4,835.4639342141137,835.4639342141137,field-only scalar,,,False
Gago-Silva 等 - 2020 - Daily gridded temperature and precipitation datasets over the Black Sea catchment 1961-1990 and cli.pdf,A2,C6,102.7723603383973,102.7723603383973,field-only scalar,,,True
Edelenbosch 等 - 2017 - Comparing projections of industrial energy demand and greenhouse gas emissions in long-term energy m.pdf,Baseline Scenario,C7: limit warming to 4°C (>50%),4067.198904304981,4067.198904304981,field-only scalar,,,False
Zheng Wei-Yan和Cao Kun-Fang - 2019 - Potential geographical distribution of five Lithocarpus species in China and their response t.pdf,RCP2.6,C1 (Low GHG emissions) - RCP2.6 equivalent,N/A (RCP scenario),,excluded,,explicitly missing/unspecified,False
Keen 等 - 2024 - Assessing climate change vulnerability in Canadian marine conservation networks implications for co.pdf,SSP1-2.6 - Global Increase in Sustainable Development,C3,~900 Gt CO2,900.0,unit-bound scalar,~,,False
Lodin 等 - 2020 - Combining Climate Change Mitigation Scenarios with Current Forest Owner Behavior A Scenario Study f.pdf,REFERENCE,C6,6016.054280938453,6016.054280938453,field-only scalar,,,False
Hassan 等 - 2023 - Investigating the Effects of Climate and Land Use Changes on Rawal Dam Reservoir Operations and Hydr.pdf,SSP2,C5,950 GtCO2,950.0,unit-bound scalar,,,False
Hassan 等 - 2023 - Investigating the Effects of Climate and Land Use Changes on Rawal Dam Reservoir Operations and Hydr.pdf,SSP5-8.5,C8,325.3951167461587,325.3951167461587,field-only scalar,,,True
Yu 等 - 2018 - Assessment of the effect of plastic mulching on soil respiration in the arid agricultural region of.pdf,Assessment of the effect of plastic mulching on soil respiration in the arid agricultural region of China under RCP2.6,C3 (RCP equivalent),~900 Gt CO2,900.0,unit-bound scalar,~,,False
Smith 等 - 2022 - Evolution of thermal physiology alters the projected range of threespine stickleback under climate c.pdf,RCP 8.5,C8,≈ 2000 GtCO₂ post-2015,2000.0,unit-bound scalar,≈,,False
Arzhanov 等 - 2022 - Estimates of natural methane emissions into the atmosphere in the regions of Western Siberia by mode.pdf,SSP126,C1,500.0,500.0,field-only scalar,,,False
Gordu和Nachabe - 2023 - Inferences of Groundwater Response to Projected Hydroclimatic Changes in North Florida.pdf,RCP2.6,C3 (RCP equivalent),~900 Gt CO2,900.0,unit-bound scalar,~,,False
Arjdal 等 - 2023 - Future of land surface water availability over the Mediterranean basin and North Africa Analysis an.pdf,SSP2-4.5,C3,2744.812344177873,2744.812344177873,field-only scalar,,,False
Eggers 等 - 2024 - Adapted forest management to improve the potential for reindeer husbandry in Northern Sweden.pdf,Reference,C8: exceed warming of 4°C (>=50%),6016.054280938453,6016.054280938453,field-only scalar,,,False
Park 等 - 2018 - Avoided economic impacts of energy demand changes by 1.5 and 2 °C climate stabilization.pdf,1.5°C,C3,~500 Gt CO2,500.0,unit-bound scalar,~,,False
Park 等 - 2018 - Avoided economic impacts of energy demand changes by 1.5 and 2 °C climate stabilization.pdf,2°C climate stabilization scenario based on RCP2.6 pathway,C3,1793.871566014591 GtCO2,1793.871566014591,unit-bound scalar,,,False
Park 等 - 2018 - Avoided economic impacts of energy demand changes by 1.5 and 2 °C climate stabilization.pdf,4°C RCP8.5 High-Emission Scenario,C8,4702.006171962675,4702.006171962675,field-only scalar,,,False
Hiloidhari 等 - 2019 - Prospect and potential of biomass power to mitigate climate change A case study in India.pdf,"Baseline biomass power potential in Uttar Pradesh, India",C7: limit warming to 4°C (>50%),4067.198904304981,4067.198904304981,field-only scalar,,,False
Bjarnadottir 等 - 2011 - Social vulnerability index for coastal communities at risk to hurricane hazard and a changing climat.pdf,Climate Change Scenarios (-5% to +15% change in wind speed and surge height),C1: limit warming to 1.5°C (>50%) with no or limited overshoot,271.9704635822378,271.9704635822378,field-only scalar,,,False
Kriegler 等 - 2014 - A new scenario framework for climate change research the concept of shared climate policy assumptio.pdf,RCP2.6,C1,~400 Gt CO2,400.0,unit-bound scalar,~,,False
Wang 等 - 2017 - Dam Construction in Lancang-Mekong River Basin Could Mitigate Future Flood Risk From Warming-Induced.pdf,RCP4.5,C3 (Lower 2°C - RCP4.5 equivalent),~2000 GtCO₂ (from 2020),2000.0,unit-bound scalar,~,,False
Fernandez 等 - 2022 - Prioritizing farm management interventions to improve climate change adaptation and mitigation outco.pdf,Baseline scenario without interventions,C7: limit warming to 4°C (>50%),4067.198904304981,4067.198904304981,field-only scalar,,,False
Zhao和Zhuang - 2023 - Peatlands and their carbon dynamics in northern high latitudes from 1990 to 2300 a process-based bi.pdf,RCP2.6,C3 (RCP equivalent),~900 Gt CO2,900.0,unit-bound scalar,~,,False
Wilson 等 - 2019 - Cold spot microrefugia hold the key to survival for Brazil's Critically Endangered Araucaria tree.pdf,RCP4.5,C3 (Below 3°C),Not specified,,excluded,,no unambiguous carbon-budget value,False
Cui 等 - 2023 - Non-monotonic changes in Asian Water Towers' streamflow at increasing warming levels.pdf,SSP2-4.5,C6,2347 GtCO2,2347.0,unit-bound scalar,,,False
Bauer 等 - 2017 - Shared Socio-Economic Pathways of the Energy Sector - Quantifying the Narratives.pdf,SSP1,C1,~500 Gt CO2,500.0,unit-bound scalar,~,,False
Bauer 等 - 2017 - Shared Socio-Economic Pathways of the Energy Sector - Quantifying the Narratives.pdf,SSP2,C5,325.2897925777136,325.2897925777136,field-only scalar,,,True
Bauer 等 - 2017 - Shared Socio-Economic Pathways of the Energy Sector - Quantifying the Narratives.pdf,SSP5,C8,325.3951167461587,325.3951167461587,field-only scalar,,,True
Snall 等 - 2009 - Expected future plague levels in a wildlife host under different scenarios of climate change.pdf,B1,C5,652.4725285661066,652.4725285661066,field-only scalar,,,False
Snall 等 - 2009 - Expected future plague levels in a wildlife host under different scenarios of climate change.pdf,A2,C8,102.7723603383973,102.7723603383973,field-only scalar,,,True
Parab 等 - 2025 - Cross-border shifts in the potential habitat of the great Indian bustard under climate and land-use.pdf,SSP126,C1,"~900 Gt CO₂ (remaining from 2020, for 1.8°C)",900.0,unit-bound scalar,~,,False
Parab 等 - 2025 - Cross-border shifts in the potential habitat of the great Indian bustard under climate and land-use.pdf,SSP585,C8,1150-1400 GtCO₂ from 2020,1275.0,unit-bound range midpoint,,,False
Zhang 等 - 2022 - Effects of Climate Changes on the Pasture Productivity From 1961 to 2016 in Sichuan Yellow River Sou.pdf,Temperature increase by 1 or 2°C and precipitation increase by 10 or 20%,C5: limit warming to 2.5°C (>50%),1793.871566014591,1793.871566014591,field-only scalar,,,False
De Faria 等 - 2017 - Current and future patterns of fire-induced forest degradation in Amazonia.pdf,RCP2.6,C1 (Likely below 2°C),~400-500 Gt CO2,450.0,unit-bound range midpoint,~,,False
Baarsch 等 - 2020 - The impact of climate change on incomes and convergence in Africa.pdf,RCP2.6,C3 (RCP equivalent),~400-500 Gt CO2,450.0,unit-bound range midpoint,~,,False
"Abdi和Meddi - 2025 - Assessment of climate change impact on surface water resources in the Mitidja plain, Algeria.pdf",RCP4.5,C5,~1000-1500 GtCO2 from 2020,1250.0,unit-bound range midpoint,~,,False
"Abdi和Meddi - 2025 - Assessment of climate change impact on surface water resources in the Mitidja plain, Algeria.pdf",SSP2,C5,325.2897925777136,325.2897925777136,field-only scalar,,,True
"Abdi和Meddi - 2025 - Assessment of climate change impact on surface water resources in the Mitidja plain, Algeria.pdf",SSP5-8.5,C8,—,,excluded,,no unambiguous carbon-budget value,False
"Zhao和Wang - 2021 - Spatio-Temporal Evolution and Prediction of Tourism Comprehensive Climate Comfort in Henan Province,.pdf",RCP2.6,C1 (RCP equivalent),~900 Gt CO2,900.0,unit-bound scalar,~,,False
Zhang 等 - 2019 - Higher contributions of uncertainty from global climate models than crop models in maize-yield simul.pdf,RCP2.6,C3 (RCP equivalent),~900 Gt CO2,900.0,unit-bound scalar,~,,False
Pennino 等 - 2020 - Current and Future Influence of Environmental Factors on Small Pelagic Fish Distributions in the Nor.pdf,RCP2.6,C1 (RCP equivalent),~400-500 Gt CO2,450.0,unit-bound range midpoint,~,,False
Li 等 - 2025 - Comprehensive Analysis of the Driving Forces Behind NDVI Variability in China Under Climate Change C.pdf,SSP126,C1,~500 Gt CO2,500.0,unit-bound scalar,~,,False
Li 等 - 2025 - Comprehensive Analysis of the Driving Forces Behind NDVI Variability in China Under Climate Change C.pdf,SSP245,C5,2744.812344177873,2744.812344177873,field-only scalar,,,False
Li 等 - 2025 - Comprehensive Analysis of the Driving Forces Behind NDVI Variability in China Under Climate Change C.pdf,SSP370,C7,~4000 GtCO₂ from 2015,4000.0,unit-bound scalar,~,,False
Zhai 等 - 2017 - Adaptation of Cascade Hydropower Station Scheduling on A Headwater Stream of the Yangtze River under.pdf,B2,C5,835.4639342141137,835.4639342141137,field-only scalar,,,False
Obada 等 - 2025 - Assessment of climate change impacts on extreme precipitation in the Okpara Basin at Nanon (Benin).pdf,SSP245,C3,1000-1500 GtCO₂ (from 2020),1250.0,unit-bound range midpoint,,,False
Lee 等 - 2025 - Exploring the Climate-Suitable Forestation Area Under Species Distribution and Growth Modeling for .pdf,SSP1-2.6,C3,~500 Gt CO2 from 2020,500.0,unit-bound scalar,~,,False
Zhang 等 - 2021 - Impacts of climate change and increasing carbon dioxide levels on yield changes of major crops in su.pdf,RCP2.6,C3 (RCP equivalent),~900 Gt CO2,900.0,unit-bound scalar,~,,False
Yao 等 - 2024 - Predicting Land Use Changes under Shared Socioeconomic Pathway-Representative Concentration Pathway.pdf,SSP126,C1,942.4855433794125,942.4855433794125,field-only scalar,,,False
Yao 等 - 2024 - Predicting Land Use Changes under Shared Socioeconomic Pathway-Representative Concentration Pathway.pdf,SSP245,C2,2744.812344177873,2744.812344177873,field-only scalar,,,True
Miller 等 - 2022 - Predicting the effects of climate change on the cross-scale epidemiological dynamics of a fungal pla.pdf,RCP8.5,C8,Not applicable (no carbon budget constraint),,excluded,,no unambiguous carbon-budget value,False
Francoso 等 - 2019 - Combining phylogeography and future climate change for conservation of Bombus morio and B. pauloensi.pdf,RCP2.6,C1 (SSP1-2.6),~500 Gt CO2 (from 2020 for 1.5°C with 50% probability),500.0,unit-bound scalar,~,,False
Dietz和Asheim - 2012 - Climate policy under sustainable discounted utilitarianism.pdf,2 CO2 Policy,C5,1793.871566014591,1793.871566014591,field-only scalar,,,False
Dietz和Asheim - 2012 - Climate policy under sustainable discounted utilitarianism.pdf,1.5 CO2 Policy,C4,271.9704635822378,271.9704635822378,field-only scalar,,,False
Dehghani 等 - 2024 - Assessment of Climate Change-Induced Water Scarcity Risk by Using a Coupled System Dynamics and Baye.pdf,SSP126,C1,500.0,500.0,field-only scalar,,,False
Dehghani 等 - 2024 - Assessment of Climate Change-Induced Water Scarcity Risk by Using a Coupled System Dynamics and Baye.pdf,SSP585,C8,Exceeds budget for 4°C target,,excluded,,no unambiguous carbon-budget value,False
Manley和Egoh - 2024 - Climate and biodiversity change constrain the flow of cultural ecosystem services to people A case.pdf,SSP126,C3,942.4855433794125,942.4855433794125,field-only scalar,,,False
Manley和Egoh - 2024 - Climate and biodiversity change constrain the flow of cultural ecosystem services to people A case.pdf,SSP370,C7,~4000 GtCO₂,4000.0,unit-bound scalar,~,,False
Manley和Egoh - 2024 - Climate and biodiversity change constrain the flow of cultural ecosystem services to people A case.pdf,SSP585,C8,~610 Gt CO₂,610.0,unit-bound scalar,~,,False
Crespo 等 - 2022 - Weakening of the Atlantic Nino variability under global warming.pdf,RCP8.5,C8 (High GHG emissions),1150 GtCO₂ from 2020,1150.0,unit-bound scalar,,,False
Kis 等 - 2025 - Analysis of detected and future drought conditions - a case study for the Great Hungarian Plain.pdf,RCP2.6,C1 (Very low GHG emissions),~500 Gt CO2 from 2020,500.0,unit-bound scalar,~,,False
Levin 等 - 2020 - Climate change considerations are fundamental to management of deep-sea resource extraction.pdf,RCP2.6,C1 (Likely below 2°C & towards 1.5°C),~900 Gt CO2,900.0,unit-bound scalar,~,,False
Liu和Xu - 2017 - HYDROLOGICAL IMPLICATIONS OF CLIMATE CHANGE ON RIVER BASIN WATER CYCLE CASE STUDIES OF THE YANGTZE.pdf,A2,C7,102.7723603383973,102.7723603383973,field-only scalar,,,True
Rogers 等 - 2025 - The role of climate and population change in global flood exposure and vulnerability.pdf,SSP2-4.5,C3,2744.812344177873,2744.812344177873,field-only scalar,,,False
Flores-Lopez 等 - 2016 - Modeling of Andean Paramo Ecosystems' Hydrological Response to Environmental Change.pdf,Reference Scenario,C8: exceed warming of 4°C (>=50%),6016.054280938453,6016.054280938453,field-only scalar,,,False
Wyser 等 - 2020 - Warmer climate projections in EC-Earth3-Veg the role of changes in the greenhouse gas concentration.pdf,SSP2-4.5,C5,2745 GtCO₂,2745.0,unit-bound scalar,,,False
Wyser 等 - 2020 - Warmer climate projections in EC-Earth3-Veg the role of changes in the greenhouse gas concentration.pdf,SSP1-2.6,C1,942.4855433794125,942.4855433794125,field-only scalar,,,False
Xie 等 - 2020 - Climate change impacts on China's agriculture The responses from market and trade.pdf,RCP 2.6,C3 (RCP equivalent),~900 Gt CO2,900.0,unit-bound scalar,~,,False
Zhu 等 - 2016 - A model-based assessment of adaptation options for Chianti wine production in Tuscany (Italy) under.pdf,Baseline,C7: limit warming to 4°C (>50%),4067.198904304981,4067.198904304981,field-only scalar,,,False
Wang 等 - 2025 - Runoff Estimation in the Upper Yangtze River Basin Based on CMIP6 and WRF-Hydro Model.pdf,SSP2-4.5,C5,1150,1150.0,field-only scalar,,,False
Wieczorek 等 - 2017 - Dissimilar responses of larch stands in northern Siberia to increasing temperatures-a field and simu.pdf,Temperature increase of 2°C,C4,1793.871566014591,1793.871566014591,field-only scalar,,,False
Al-Safi 等 - 2020 - Comparative study of conceptual versus distributed hydrologic modelling to evaluate the impact of cl.pdf,RCP4.5,C5 (RCP equivalent),Not specified in paper,,excluded,,no unambiguous carbon-budget value,False
Golan 等 - 2025 - Accounting for Climate Uncertainties in Long-Term Hydropower Generation Planning in New York State.pdf,RCP 8.5,C8,Not applicable,,excluded,,no unambiguous carbon-budget value,False
Ferry 等 - 2022 - Infrastructure Decision-Making under Climate Change Uncertainty Case Study of Centralized Heating a.pdf,RCP4.5,C3 (Below 2°C),1200-1400 GtCO₂ from 2020,1300.0,unit-bound range midpoint,,,False
Zhang 等 - 2017 - Future extreme temperature and its impact on rice yield in China.pdf,RCP2.6,C1 (RCP equivalent),~300-400 Gt CO2 from 2020,350.0,unit-bound range midpoint,~,,False
Iltas 等 - 2024 - Determination of climate change impacts on Mediterranean streamflows a case study of Edremit Eybek.pdf,RCP4.5,SSP2-4.5,~1150 GtCO2 from 2020,1150.0,unit-bound scalar,~,,False
Feng 等 - 2025 - Impacts of temporal growth variability on fisheries stock assessment in changing oceans a case stud.pdf,SSP1-2.6,C3,~900 Gt CO2,900.0,unit-bound scalar,~,,False
Gesualdo 等 - 2019 - Assessing water security in the Sao Paulo metropolitan region under projected climate change.pdf,RCP8.5,very high GHG emissions scenario,Exceeded,,excluded,,no unambiguous carbon-budget value,False
van der Schriek 等 - 2020 - Projected Future Temporal Trends of Two Different Urban Heat Islands in Athens (Greece) under Three.pdf,RCP2.6,C3 (RCP equivalent),~1000 Gt CO₂ (2020-2100 cumulative),1000.0,unit-bound scalar,~,,False
"Stephens 等 - 2016 - Advance, retreat, resettle Climate change could produce a zero-sum game for invasive species.pdf",A2,C5,102.7723603383973,102.7723603383973,field-only scalar,,,True
Anbazhagan 等 - 2024 - Effect of climate change on soil erosion rate in a tropical Indian catchment.pdf,SSP126,C1,942.4855433794125,942.4855433794125,field-only scalar,,,False
"Pfeifer 等 - 2019 - 1.5°, 2°, and 3° global warming visualizing European regions affected by multiple changes.pdf",1.5°C global warming,C3,~500 Gt CO2,500.0,unit-bound scalar,~,,False
"Das 等 - 2013 - Distribution choice for the assessment of design rainfall for the city of London (Ontario, Canada) u.pdf",A2,C7,102.7723603383973,102.7723603383973,field-only scalar,,,True
Ghazi 等 - 2025 - Projection of climate change impact on the occurrence of drought events in Poland.pdf,SSP1-2.6,C1,~300-500 Gt CO2,400.0,unit-bound range midpoint,~,,False
Ghazi 等 - 2025 - Projection of climate change impact on the occurrence of drought events in Poland.pdf,SSP2-4.5,C5,approximately 2745 GtCO₂,2745.0,unit-bound scalar,,,False
Gottschalk和Reiners - 2015 - Forest conversion can help to mitigate impacts of climate change on common forest birds.pdf,A2,C5,102.7723603383973,102.7723603383973,field-only scalar,,,True
Beiranvand和Ghamghami - 2022 - Yield response to climate change and reduced water use a comparison between parent and nuclear-muta.pdf,RCP2.6,C1 (RCP equivalent),~400-500 Gt CO2 from 2020,450.0,unit-bound range midpoint,~,,False
Zhang 等 - 2023 - Inequality of Global Thermal Comfort Conditions Changes in a Warmer World.pdf,2°C global warming,C3,1793.871566014591,1793.871566014591,field-only scalar,,,False
"Zakizadeh 等 - 2021 - Impact of climate change on surface runoff a case study of the Darabad River, northeast of Iran.pdf",RCP2.6,C3 (RCP equivalent),~900 Gt CO2,900.0,unit-bound scalar,~,,False
Ahmadi 等 - 2022 - Future runoff assessment under climate change and land-cover alteration scenarios a case study of t.pdf,RCP2.6,C1,~1150 Gt CO2 from 2020,1150.0,unit-bound scalar,~,,False
Ahmadi 等 - 2022 - Future runoff assessment under climate change and land-cover alteration scenarios a case study of t.pdf,RCP8.5,High (SSP5-8.5),Very limited (<100 GtCO₂ for 67% chance to stay below 4°C),100.0,unit-bound scalar,<,,False
Tesfay 等 - 2024 - Assessing the Impacts of Climate Change on Geographical Distribution of Tea (Camellia sinensisi.pdf,SSP1-2.6,C1,~500 Gt CO2,500.0,unit-bound scalar,~,,False
Tebaldi 等 - 2021 - Extreme sea levels at different global warming levels.pdf,1.5 °C,C3,~900 Gt CO2,900.0,unit-bound scalar,~,,False
Tebaldi 等 - 2021 - Extreme sea levels at different global warming levels.pdf,2.0 °C,C4,367.8556786067465,367.8556786067465,field-only scalar,,,False
Hanewinkel 等 - 2013 - Climate change may cause severe loss in the economic value of European forest land.pdf,B2,C4,835.4639342141137,835.4639342141137,field-only scalar,,,False
He 等 - 2021 - Applying the DRCA Risk Template on the Flood-Prone Disaster Prevention Community Due to Climate Chan.pdf,RCP8.5,SSP5-8.5,Very low likelihood of limiting warming to 1.5 °C or 2 °C,,excluded,,no unambiguous carbon-budget value,False
Kerr 等 - 2003 - Carbon dynamics and land-use choices building a regional-scale multidisciplinary model.pdf,Baseline scenario,C7: limit warming to 4°C (>50%),4067.198904304981,4067.198904304981,field-only scalar,,,False
Wang 等 - 2016 - Climate change may threaten habitat suitability of threatened plant species within Chinese nature re.pdf,RCP2.6,C1 (SSP1-2.6 equivalent),~400-500 Gt CO2 (from 2020),450.0,unit-bound range midpoint,~,,False
Groundstroem - 2023 - Cross-border impacts of climate change affect the energy transition Insights from the Finnish energ.pdf,SSP1-2.6,C1,~500 Gt CO₂ from 2020,500.0,unit-bound scalar,~,,False
Groundstroem - 2023 - Cross-border impacts of climate change affect the energy transition Insights from the Finnish energ.pdf,SSP2-2.6,C3,500.0,500.0,field-only scalar,,,False
Badji 等 - 2023 - The Effects of Drought in the Huaibei Plain of China Due to Climate Change.pdf,RCP2.6,C3 (RCP equivalent),~900 Gt CO2,900.0,unit-bound scalar,~,,False
van Ulden 等 - 2007 - Circulation statistics and climate change in Central Europe PRUDENCE simulations and observations.pdf,A2,C5,102.7723603383973,102.7723603383973,field-only scalar,,,True
Kang 等 - 2025 - Effects of 2010-2045 climate change on ozone levels in China under a carbon neutrality scenario key.pdf,SSP1-1.9 (Carbon Neutrality Scenario),C1,~500 Gt CO2,500.0,unit-bound scalar,~,,False
Wang 等 - 2019 - Energy water nexus under energy mix scenarios using input output and ecological network analyses.pdf,S1,C3: limit warming to 2°C (>67%),893.060956844902,893.060956844902,field-only scalar,,,False
Wang 等 - 2019 - Energy water nexus under energy mix scenarios using input output and ecological network analyses.pdf,S2,C5,1447.733517816087,1447.733517816087,field-only scalar,,,False
Belmadani 等 - 2014 - What dynamics drive future wind scenarios for coastal upwelling off Peru and Chile.pdf,2CO2,C4,1793.871566014591,1793.871566014591,field-only scalar,,,False
Nadeem 等 - 2025 - Permafrost Thawing and Estimates of Vulnerable Carbon in the Northern High Latitude.pdf,SSP1-2.6: A sustainability scenario with strong mitigation efforts,C3,Not specified in provided text,,excluded,,no unambiguous carbon-budget value,False
Nadeem 等 - 2025 - Permafrost Thawing and Estimates of Vulnerable Carbon in the Northern High Latitude.pdf,SSP2-4.5,C3,2744.812344177873,2744.812344177873,field-only scalar,,,False
"Guzzetti和Gariano - 2019 - Activities of the Research Institute for Geo-Hydrological Protection, of the Italian National Resear.pdf",RCP4.5,C5 (equivalent warming level),N/A (RCP scenario),,excluded,,explicitly missing/unspecified,False
Siqueira和Kirtman - 2016 - Atlantic near-term climate variability and the role of a resolved Gulf Stream.pdf,HR,C3: limit warming to 2°C (>67%),685.1820297843902,685.1820297843902,field-only scalar,,,False
"Dasgupta和Robinson - 2024 - Climate, weather, and child health quantifying health co-benefits.pdf",SSP1-RCP1.9,C1,~500 Gt CO2,500.0,unit-bound scalar,~,,False
Liang 等 - 2024 - Accounting for Pacific climate variability increases projected global warming.pdf,SSP1-2.6,C1,1150 GtCO₂,1150.0,unit-bound scalar,,,False
Rianna 等 - 2023 - A simplified procedure to assess the effects of climate change on landslide hazard in a small area o.pdf,RCP2.6,C1 (SSP1-2.6 equivalent),~500 Gt CO2 from 2020,500.0,unit-bound scalar,~,,False
Zhang 等 - 2023 - Divergent effectiveness of irrigation in enhancing food security in droughts under future climates w.pdf,RCP2.6,C3,~900 Gt CO2,900.0,unit-bound scalar,~,,False
Zhang 等 - 2023 - Divergent effectiveness of irrigation in enhancing food security in droughts under future climates w.pdf,RCP8.5,C8 (High GHG emissions),Not applicable,,excluded,,no unambiguous carbon-budget value,False
Zeng 等 - 2025 - A Prediction-Interaction-Driving Framework for Ecosystem Services Under Climate Change and Human Act.pdf,SSP119,C1,~500 GtCO₂,500.0,unit-bound scalar,~,,False
Zeng 等 - 2025 - A Prediction-Interaction-Driving Framework for Ecosystem Services Under Climate Change and Human Act.pdf,SSP2-4.5,C3,2744.812344177873,2744.812344177873,field-only scalar,,,False
Wooyoung 等 - 2017 - Analysis of Indicators of Hydrological Alteration on the Geumho River Basin Under AR5 RCP Scenarios.pdf,RCP 2.6,C3-subset ≈ SSP1-2.6 (approximate mapping for RCP 2.6),~900 Gt CO2,900.0,unit-bound scalar,~,,False
Childs 等 - 2025 - Climate warming is expanding dengue burden in the Americas and Asia.pdf,"SSP1-2.6 - A low emissions scenario emphasizing sustainability and strong climate action, leading to significant reductions in greenhouse gas emissions.",C3,Not specified,,excluded,,no unambiguous carbon-budget value,False
Williams 等 - 2015 - Climate suitability for European ticks assessing species distribution models against null models an.pdf,RCP2.6,N/A (RCP scenario),~900 Gt CO2,900.0,unit-bound scalar,~,,False
Al-Bakre - 2025 - Ecological niche modeling of two co-occurring desert species in Saudi Arabia implications for biodi.pdf,SSP2-4.5,C3,1150 GtCO₂,1150.0,unit-bound scalar,,,False
Rubio-Cuadrado 等 - 2018 - Drought modifies tree competitiveness in an oak-beech temperate forest.pdf,RCP 2.6,"C1 (SSP1-2.6, RCP equivalent)",~1150 Gt CO2 (from 2020),1150.0,unit-bound scalar,~,,False
Lopez-Doriga 等 - 2019 - Impact of sea-level rise on the tourist-carrying capacity of Catalan beaches.pdf,SSP2,C5: likely below 2.0°C,325.2897925777136,325.2897925777136,field-only scalar,,,True
Silva 等 - 2016 - The effect of future ambient air pollution on human premature mortality to 2100 using output from th.pdf,RCP2.6,C1 (RCP equivalent),~900 Gt CO2,900.0,unit-bound scalar,~,,False
Feng 等 - 2021 - Impacts of Climate Change on Blue and Green Water Resources in the Xiangjiang River Basin of the Yan.pdf,RCP2.6,C1 (Below 1.5°C with no or limited overshoot),~500 Gt CO2,500.0,unit-bound scalar,~,,False
Barrueto 等 - 2018 - The suitability of Macadamia and Juglans for cultivation in Nepal an assessment based.pdf,RCP2.6,C1 (RCP equivalent),~300-500 Gt CO2 (from 2020),400.0,unit-bound range midpoint,~,,False
Ajilogba和Walker - 2023 - Modeling climate change impact on dryland wheat production for increased crop yield in the Free Stat.pdf,RCP2.6,C1 (RCP equivalent),~1150 Gt CO₂ from 2020,1150.0,unit-bound scalar,~,,False
Zhu和Cheng - 2024 - Sensitivity of AMOC Fingerprints Under Future Anthropogenic Warming.pdf,SSP245,C3,2744.812344177873,2744.812344177873,field-only scalar,,,False
Wang 等 - 2023 - A Model of the Sea-Land Transition of the Mean Wind Profile in the Tropical Cyclone Boundary Layer C.pdf,SSP1-26,C3,~900 Gt CO2,900.0,unit-bound scalar,~,,False
Wang 等 - 2023 - A Model of the Sea-Land Transition of the Mean Wind Profile in the Tropical Cyclone Boundary Layer C.pdf,SSP2-45,C3,1150 GtCO₂ (from 2020),1150.0,unit-bound scalar,,,False
van Sluisveld 等 - 2016 - Exploring the implications of lifestyle change in 2°C mitigation scenarios using the IMAGE integrate.pdf,Baseline,C7: limit warming to 4°C (>50%),4067.198904304981,4067.198904304981,field-only scalar,,,False
Kay 等 - 2013 - A hydrological perspective on evaporation historical trends and future projections in Britain.pdf,2°C global mean temperature rise,C4,1793.871566014591,1793.871566014591,field-only scalar,,,False
Zhao和Boll - 2022 - Adaptation of water resources management under climate change.pdf,RCP8.5,SSP5-8.5,Very high emissions pathway (SSP5-8.5),,excluded,,no unambiguous carbon-budget value,False
Fesenmyer 等 - 2025 - Addressing critiques refines global estimates of reforestation potential for climate change mitigati.pdf,Constrained Reforestation Potential,C5,4631.628201551354,4631.628201551354,field-only scalar,,,False
Arefinia 等 - 2022 - Cropping patterns based on virtual water content considering water and food security under climate c.pdf,RCP2.6,C2,~1000 Gt CO2,1000.0,unit-bound scalar,~,,False
Zhang 等 - 2022 - Response of runoff components to climate change in the source-region of the Yellow River on the Tibe.pdf,Temperature increase by 2°C and precipitation increase by 20%,C5: limit warming to 2.5°C (>50%),1793.871566014591,1793.871566014591,field-only scalar,,,False
Zhang 等 - 2022 - Response of runoff components to climate change in the source-region of the Yellow River on the Tibe.pdf,Temperature increase by 2°C and precipitation decrease by 20%,C5: limit warming to 2.5°C (>50%),1793.871566014591,1793.871566014591,field-only scalar,,,False
Luetzenburg 等 - 2020 - Climate and land use change effects on soil erosion in two small agricultural catchment systems Fugn.pdf,RCP2.6,C2 (2°C pathway),~900 Gt CO2,900.0,unit-bound scalar,~,,False
Urdiales-Flores 等 - 2024 - A Global Analysis of Historical and Future Changes in Mediterranean Climate-Type Regions.pdf,SSP5-8.5,C7,>1150 GtCO₂ from 2020,1150.0,unit-bound scalar,>,,False
Luitel 等 - 2020 - Potential suitable habitat of Eleusine coracana (L) gaertn (Finger millet) under the climate.pdf,RCP 2.6,Legacy RCP,~900 Gt CO2,900.0,unit-bound scalar,~,,False
"Yoshida 等 - 2021 - Climate change impact on soil salt accumulation in Khon Kaen, Northeast Thailand.pdf",RCP8.5,SSP5-8.5 (RCP8.5 equivalent),High emissions pathway (no carbon budget constraint),,excluded,,no unambiguous carbon-budget value,False
Yu 等 - 2025 - Modeling current and future distributions of invasive Asteraceae species in Northeast China.pdf,SSP126,C1,~500 Gt CO₂ from 2020,500.0,unit-bound scalar,~,,False
Yu 等 - 2025 - Modeling current and future distributions of invasive Asteraceae species in Northeast China.pdf,SSP245,C2,~1150 GtCO₂,1150.0,unit-bound scalar,~,,False
Soula 等 - 2024 - Hydroeconomic Modelling of Groundwater Under Climate Change An Application to Mahdia Ksour Essef Aq.pdf,RCP4.5,C3 (Below 2°C),1200-1400 GtCO2 from 2020,1300.0,unit-bound range midpoint,,,False
Soula 等 - 2024 - Hydroeconomic Modelling of Groundwater Under Climate Change An Application to Mahdia Ksour Essef Aq.pdf,RCP8.5,C8 (High GHG emissions),High (>2000 GtCO₂ from 2020),2000.0,unit-bound scalar,>,,False
Kaufhold 等 - 2025 - Interplay between climate and carbon cycle feedbacks could substantially enhance future warming.pdf,SSP1-2.6,C1,~400-500 Gt CO2,450.0,unit-bound range midpoint,~,,False
Kaufhold 等 - 2025 - Interplay between climate and carbon cycle feedbacks could substantially enhance future warming.pdf,SSP4-3.4,C4,1815.229110400331,1815.229110400331,field-only scalar,,,False
Kaufhold 等 - 2025 - Interplay between climate and carbon cycle feedbacks could substantially enhance future warming.pdf,SSP2-4.5,C2,2744.812344177873,2744.812344177873,field-only scalar,,,True
Mitiku 等 - 2025 - Impacts of climate change on soil erosion and sediment yield in the beressa watershed upper Blue Nil.pdf,SSP245,C5,2744.812344177873,2744.812344177873,field-only scalar,,,False
Papadimitriou 等 - 2019 - Trade-offs are unavoidable in multi-objective adaptation even in a post-Paris Agreement world.pdf,RCP2.6,C3 (RCP equivalent),~900 Gt CO2,900.0,unit-bound scalar,~,,False
Cherubini 等 - 2014 - Linearity between temperature peak and bioenergy CO2 emission rates.pdf,RCP2.6,C1 (Likely below 2°C & net zero CO2 after 2050),~900 Gt CO2,900.0,unit-bound scalar,~,,False
"Murcia-Garcia 等 - 2025 - Climate-Change Impacts on Distribution of Amazonian Woody Plant Species Key to Conservation, Restora.pdf",SSP245,C3,1150 GtCO₂ (from 2020),1150.0,unit-bound scalar,,,False
Li 等 - 2025 - Development of an MPE-BMA Ensemble Model for Runoff Prediction Under Future Climate Change Scenarios.pdf,SSP126,C1,≈500 GtCO₂,500.0,unit-bound scalar,≈,,False
Engelbrecht 等 - 2015 - Projections of rapidly rising surface temperatures over Africa under low mitigation.pdf,A2,C5,102.7723603383973,102.7723603383973,field-only scalar,,,True
Vijayan Nair 等 - 2025 - Will high heatwave risk be the new normal over high-elevation regions of northwestern High Mountain.pdf,SSP2-4.5,C3,2744.812344177873,2744.812344177873,field-only scalar,,,False
Gholami和Zhang - 2025 - Forecasting Tibetan Plateau Lake Level Responses to Climate Change An Explainable Deep Learning App.pdf,SSP2-4.5,C4,2744.812344177873,2744.812344177873,field-only scalar,,,False
Li和Jin - 2017 - Evaluating climate change impacts on streamflow variability based on a multisite multivariate GCM do.pdf,RCP2.6,C1 (SSP1-2.6 / very low GHG emissions),~500 Gt CO₂ (from 2020),500.0,unit-bound scalar,~,,False
Pasztorova - 2013 - Developments in climate and soil water storage in the locality of Poiplie.pdf,A2,C7,102.7723603383973,102.7723603383973,field-only scalar,,,True
Pasztorova - 2013 - Developments in climate and soil water storage in the locality of Poiplie.pdf,B1,C6,652.4725285661066,652.4725285661066,field-only scalar,,,False
Kotlarski 等 - 2023 - 21st Century alpine climate change.pdf,RCP2.6,C1 (Below 1.5°C with no or limited overshoot),~500 Gt CO2 from 2020,500.0,unit-bound scalar,~,,False
Giang - 2021 - Prediction of the Variability of Changes in the Intensity and Frequency of Climate Change Reinforced.pdf,RCP2.6,C3 (RCP equivalent),~900 Gt CO2,900.0,unit-bound scalar,~,,False
Lagarde 等 - 2018 - How Does MMEY Mitigate the Bioeconomic Effects of Climate Change for Mixed Fisheries.pdf,RCP 2.6,C1 (RCP equivalent),~900 Gt CO2,900.0,unit-bound scalar,~,,False
Edelenbosch 等 - 2017 - Decomposing passenger transport futures Comparing results of global integrated assessment models.pdf,Baseline scenario,SSP2-4.5,4067.198904304981,4067.198904304981,field-only scalar,,,False
Vinke 等 - 2017 - Climatic risks and impacts in South Asia extremes of water scarcity and excess.pdf,RCP2.6,C1 (RCP equivalent),~900 Gt CO2,900.0,unit-bound scalar,~,,False
Gu 等 - 2025 - Multifaceted changes in water availability with a warmer climate.pdf,ssp1-2.6,C3,~900 Gt CO2,900.0,unit-bound scalar,~,,False
Aldea 等 - 2024 - Current and future drought vulnerability for three dominant boreal tree species.pdf,RCP.2.6,N/A (RCP2.6 corresponds to SSP1-2.6-C1),~500 Gt CO2,500.0,unit-bound scalar,~,,False
Aldea 等 - 2024 - Current and future drought vulnerability for three dominant boreal tree species.pdf,RCP.8.5,SSP5-8.5 (High GHG emissions),Exceeded (remaining budget for 1.5°C: negative),,excluded,,no unambiguous carbon-budget value,False
Wan 等 - 2018 - A Holistic View of Water Management Impacts on Future Droughts A Global Multimodel Analysis.pdf,RCP2.6,C1 (Below 1.5°C with 50% probability),~500 Gt CO2 from 2020 for 50% chance of limiting warming to 1.5°C,500.0,unit-bound scalar,~,,False
Xu 等 - 2024 - Understanding climate change impacts on drought in China over the 21st century a multi-model assess.pdf,SSP1-2.6,C3,~900 Gt CO2,900.0,unit-bound scalar,~,,False
Swapna 等 - 2018 - Long-Term Climate Simulations Using the IITM Earth System Model (IITM-ESMv2) With Focus on the South.pdf,Double CO2 Experiment (2CO Exp),C5: limit warming to 2.5°C (>50%),1793.871566014591,1793.871566014591,field-only scalar,,,False
Asif 等 - 2023 - Climate Change Impacts on Water Resources and Sustainable Water Management Strategies in North Ameri.pdf,SSP3-RCP8.5,C3 (SSP3),Very high (>2000 GtCO₂),2000.0,unit-bound scalar,>,,False
Baez-Gonzalez 等 - 2018 - Potential impact of future climate change on sugarcane under dryland conditions in Mexico.pdf,A2,C5,102.7723603383973,102.7723603383973,field-only scalar,,,True
Zhou 等 - 2014 - Groundwater-surface water interactions in the hyporheic zone under climate change scenarios.pdf,A2,C7,102.7723603383973,102.7723603383973,field-only scalar,,,True
Sun 等 - 2025 - Predicting the Start of the Growing Season in Boreal Forest Under High and Low Emission Scenarios.pdf,SSP1-2.6,C1,~500 Gt CO2 from 2020,500.0,unit-bound scalar,~,,False
Sun 等 - 2025 - Predicting the Start of the Growing Season in Boreal Forest Under High and Low Emission Scenarios.pdf,SSP2-4.5,C3,2744.812344177873,2744.812344177873,field-only scalar,,,False
Heaviside 等 - 2016 - Heat-related mortality in Cyprus for current and future climate scenarios.pdf,Baseline +1°C,C7: limit warming to 4°C (>50%),4067.198904304981,4067.198904304981,field-only scalar,,,False
Heaviside 等 - 2016 - Heat-related mortality in Cyprus for current and future climate scenarios.pdf,Baseline +5°C,C7: limit warming to 4°C (>50%),4067.198904304981,4067.198904304981,field-only scalar,,,False
Zitz Ramirez-Cabral 等 - 2016 - Crop niche modeling projects major shifts in common bean growing areas.pdf,A2,C7,102.7723603383973,102.7723603383973,field-only scalar,,,True
Yuan 等 - 2024 - Projections of Land Use Change and Water Supply-Demand Assessment Based on Climate Change and Socioe.pdf,SSP126,C1,Approximately 400-500 GtCO₂ from 2020.,450.0,unit-bound range midpoint,,,False
Yuan 等 - 2024 - Projections of Land Use Change and Water Supply-Demand Assessment Based on Climate Change and Socioe.pdf,SSP245,C4,2744.812344177873,2744.812344177873,field-only scalar,,,False
Gao 等 - 2025 - Changes in the Climate Effects of Major Anthropogenic Aerosols in East Asia Under Different Emission.pdf,1.5°C-goals,C1,~500 Gt CO2,500.0,unit-bound scalar,~,,False
Zhang和Gao - 2025 - The role of novel photovoltaic materials in climate change mitigation based on numerical simulations.pdf,PV Deployment with Reflective Materials,C7: limit warming to 4°C (>50%),4631.628201551354,4631.628201551354,field-only scalar,,,False
Agrawal 等 - 2024 - Estimation of Runoff Sensitivity to Climate Change Using MIKE11 NAM Model at Parvati Catchment of Ra.pdf,SSP1-2.6,C1,500-900 GtCO₂,700.0,unit-bound range midpoint,,,False
Agrawal 等 - 2024 - Estimation of Runoff Sensitivity to Climate Change Using MIKE11 NAM Model at Parvati Catchment of Ra.pdf,SSP2-4.5,C3,2744.812344177873,2744.812344177873,field-only scalar,,,False
"Gondim 等 - 2011 - Impact of climate change on irrigation requirement of banana in Jaguaribe river Basin, Ceara, Brazil.pdf",A2,C5,102.7723603383973,102.7723603383973,field-only scalar,,,True
"Gondim 等 - 2011 - Impact of climate change on irrigation requirement of banana in Jaguaribe river Basin, Ceara, Brazil.pdf",B2,C5,835.4639342141137,835.4639342141137,field-only scalar,,,False
Jin 等 - 2015 - Net exchanges of methane and carbon dioxide on the Qinghai-Tibetan Plateau from 1979 to 2100.pdf,RCP2.6,C1,~900 Gt CO2,900.0,unit-bound scalar,~,,False
"Yu 等 - 2013 - Broad scale quantified flood risk analysis in the Taihu Basin, China.pdf",2050A2(CC),C5: limit warming to 2.5°C (>50%),1793.871566014591,1793.871566014591,field-only scalar,,,False
He 等 - 2025 - Evaluating the Impacts of Hydrogen Energy Storage on Enhancing Power System Flexibility Under Climat.pdf,SSP5-3.4OS,C2,1743.828671285641,1743.828671285641,field-only scalar,,,False
Voehringer 等 - 2019 - COSTS AND BENEFITS OF CLIMATE CHANGE IN SWITZERLAND.pdf,A2,C5,102.7723603383973,102.7723603383973,field-only scalar,,,True
Reyna和Chester - 2017 - Energy efficiency to reduce residential electricity and natural gas use under climate change.pdf,Scenario 4 and RCP2.6,C1a (SSP1-2.6 equivalent),~900-1350 Gt CO2 from 2020,1125.0,unit-bound range midpoint,~,,False
Meier 等 - 2012 - Modeling the combined impact of changing climate and changing nutrient loads on the Baltic Sea envir.pdf,BAU,C7: limit warming to 4°C (>50%),4421.106912693341,4421.106912693341,field-only scalar,,,False
"Zhang 等 - 2024 - Assessment of the Potential Suitable Habitat of Apriona rugicollis Chevrolat, 1852 (Coleopter.pdf",SSP1-2.6,C1,~400–500 Gt CO₂,450.0,unit-bound range midpoint,~,,False
Santikayasa - 2016 - Development of an Integrated Agricultural Planning Model Considering Climate Change.pdf,A2,C7,102.7723603383973,102.7723603383973,field-only scalar,,,True
Santikayasa - 2016 - Development of an Integrated Agricultural Planning Model Considering Climate Change.pdf,B2,C7,835.4639342141137,835.4639342141137,field-only scalar,,,False
Abbas 等 - 2018 - Recent Trends and Long-Range Forecasts of Water Resources of Northeast Iraq and Climate Change Adapt.pdf,RCP2.6,C3 (RCP equivalent),~1150 Gt CO2 from 2018,1150.0,unit-bound scalar,~,,False
Adusei 等 - 2023 - Model-based climate change adaptational potential and productivity of some cowpea genotypes and its.pdf,SSP126,C1,~500 Gt CO2,500.0,unit-bound scalar,~,,False
Meszaros 等 - 2022 - Coastal environmental and atmospheric data reduction in the Southern North Sea supporting ecological.pdf,RCP4.5,SSP2-4.5,1200-1400 GtCO₂,1300.0,unit-bound range midpoint,,,False
Han和Liu - 2025 - EXPLORING THE TEMPORAL AND SPATIAL VARIATION OF THE NET PRIMARY PRODUCTIVITY IN TROPICAL ISLANDS USI.pdf,SSP2-4.5,C2,2744.812344177873,2744.812344177873,field-only scalar,,,True
Zhu 等 - 2020 - Projecting changes in the distribution and maximum catch potential of warm water fishes under climat.pdf,RCP2.6,C1 (RCP equivalent),~500 Gt CO2,500.0,unit-bound scalar,~,,False
Papanastasiou 等 - 2025 - Projected Heat-Stress in Sheep and Cattle in Greece Under Future Climate Change Scenarios.pdf,SSP2-4.5,C5,2744.812344177873,2744.812344177873,field-only scalar,,,False
Yoshioka 等 - 2016 - Numerical assessments of the impacts of climate change on regional groundwater systems in a paddy-do.pdf,B1,C5,652.4725285661066,652.4725285661066,field-only scalar,,,False
Monachese 等 - 2025 - A Methodology to Assess the Effectiveness of SUDSs Under Climate Change Scenarios at Urban Scale Ap.pdf,SSP1-1.9,C1,~500 Gt CO2,500.0,unit-bound scalar,~,,False
Javan 等 - 2023 - Assessing the Water-Energy-Food Nexus and Resource Sustainability in the Ardabil Plain A System Dyn.pdf,RCP 2.6,C1 (very low GHG emissions),~500 Gt CO₂,500.0,unit-bound scalar,~,,False
Kumar 等 - 2023 - Planetary Health and Mental Health Nexus Benefit of Environmental Management.pdf,Climate Change Scenario,C7: limit warming to 4°C (>50%),4067.198904304981,4067.198904304981,field-only scalar,,,False
Liao 等 - 2025 - Temperature-related hospitalization burden under climate change.pdf,SSP1-2.6,C1,~900 Gt CO2,900.0,unit-bound scalar,~,,False
Liao 等 - 2025 - Temperature-related hospitalization burden under climate change.pdf,SSP2-4.5,C3,Needs verification,,excluded,,no unambiguous carbon-budget value,False
Stahl 等 - 2008 - Coupled modelling of glacier and streamflow response to future climate scenarios.pdf,S1,C5,893.060956844902,893.060956844902,field-only scalar,,,False
Stahl 等 - 2008 - Coupled modelling of glacier and streamflow response to future climate scenarios.pdf,S2,C7,1447.733517816087,1447.733517816087,field-only scalar,,,False
Benamor 等 - 2025 - Predicting habitat suitability and range dynamics of the vulnerable Gazella cuvieri in Northw.pdf,SSP2-4.5,C2,1200-1400 GtCO₂,1300.0,unit-bound range midpoint,,,False
Stock 等 - 2017 - Reconciling fisheries catch and ocean productivity.pdf,RCP8.5,SSP5-8.5,~3000 Gt CO₂ for 2005–2100,3000.0,unit-bound scalar,~,,False
Harmsen 等 - 2020 - The role of methane in future climate strategies mitigation potentials and climate impacts.pdf,Reference,C8: exceed warming of 4°C (>=50%),6016.054280938453,6016.054280938453,field-only scalar,,,False
Harmsen 等 - 2020 - The role of methane in future climate strategies mitigation potentials and climate impacts.pdf,ClimPolicy,C4,892.0970148246897,892.0970148246897,field-only scalar,,,False
Berbeka 等 - 2025 - Resilience of the Almaty Mountain cluster ski resorts in Kazakhstan to climate change.pdf,RCP4.5,C3 (Below 3°C),~650 GtCO₂ from 2018 (mid-point of 0–1300 GtCO₂ range),650.0,unit-bound scalar,~,,False
Mozgeris 等 - 2019 - Spatial Pattern of Climate Change Effects on Lithuanian Forestry.pdf,REFERENCE,C7,6016.054280938453,6016.054280938453,field-only scalar,,,False
Liu 等 - 2024 - Climate-driven changes in drought metrics across the Yellow River Basin based on Coupled Model Inter.pdf,SSP1-2.6,C1,~400 Gt CO2 from 2020,400.0,unit-bound scalar,~,,False
Liu 等 - 2024 - Climate-driven changes in drought metrics across the Yellow River Basin based on Coupled Model Inter.pdf,SSP2-4.5,C5,2744.812344177873,2744.812344177873,field-only scalar,,,False
Lu 等 - 2023 - Improving the Gross Primary Production Estimate by Merging and Downscaling Based on Deep Learning.pdf,SSP1-2.6,C3,~900 Gt CO2,900.0,unit-bound scalar,~,,False
Lu 等 - 2023 - Improving the Gross Primary Production Estimate by Merging and Downscaling Based on Deep Learning.pdf,SSP2-4.5,C5,2744.812344177873,2744.812344177873,field-only scalar,,,False
Zhang 等 - 2019 - Vegetation and Ocean Feedbacks on the Asian Climate Response to the Uplift of the Tibetan Plateau.pdf,PI,C3: limit warming to 2°C (>67%),701.0682410185816,701.0682410185816,field-only scalar,,,False
"Amarasinghe 等 - 2021 - Niche dynamics of Memecylon in Sri Lanka Distribution patterns, climate change effects, and.pdf",RCP2.6,C1 (Low GHG emissions),~500 Gt CO2 from 2020,500.0,unit-bound scalar,~,,False
Xing 等 - 2025 - Assessing the Land Use-Carbon Storage Nexus Along G318 A Coupled SD-PLUS-InVEST Model Approach for.pdf,SSP1-1.9,C1,~500 Gt CO2 (remaining carbon budget from 2020 onward for a 50% chance of limiting warming to 1.5°C),500.0,unit-bound scalar,~,,False
Xing 等 - 2025 - Assessing the Land Use-Carbon Storage Nexus Along G318 A Coupled SD-PLUS-InVEST Model Approach for.pdf,SSP2-4.5,C3,2744.812344177873,2744.812344177873,field-only scalar,,,False
"Banu 等 - 2024 - Land suitability analysis for turmeric crop for humid tropical Kerala, India, under current and futu.pdf",SSP1-2.6,C1,~500 Gt CO2,500.0,unit-bound scalar,~,,False
"Banu 等 - 2024 - Land suitability analysis for turmeric crop for humid tropical Kerala, India, under current and futu.pdf",SSP2-4.5,C3,2744.812344177873,2744.812344177873,field-only scalar,,,False
"Soto 等 - 2019 - Salmon farming vulnerability to climate change in southern Chile understanding the biophysical, soc.pdf",A2,C8,102.7723603383973,102.7723603383973,field-only scalar,,,True
Wilcox 等 - 2023 - The Regional Aerosol Model Intercomparison Project (RAMIP).pdf,SSP1-2.6,C3,~900 Gt CO2,900.0,unit-bound scalar,~,,False
Kamsela 等 - 2025 - Global soil organic carbon sequestration potential under sustainable food systems and climate mitiga.pdf,Climate mitigation (Climate policy-2°C),C3,500,500.0,field-only scalar,,,False
Beca 等 - 2023 - Optimizing Reservoir Water Management in a Changing Climate.pdf,RCP8.5,High GHG emissions (SSP5-8.5 equivalent),N/A (emissions continue to rise),,excluded,,explicitly missing/unspecified,False
Selvarajah 等 - 2021 - Development of an Integrated Approach for the Assessment of Climate Change Impacts on the Hydro-Mete.pdf,RCP8.5,High GHG emissions (SSP5-8.5),Not defined for RCP scenarios (pre-AR6 methodology),,excluded,,no unambiguous carbon-budget value,False
Zhou 等 - 2025 - Sugarcane Distribution Simulation and Climate Change Impact Analysis in China.pdf,SSP2-4.5,C5,2744.812344177873,2744.812344177873,field-only scalar,,,False
Guo 等 - 2024 - Dynamical Downscaling of Daily Extreme Temperatures over China Using PRECIS Model.pdf,SSP245,C3,~1100 GtCO₂ from 2020,1100.0,unit-bound scalar,~,,False
Yu 等 - 2022 - Rice yield response to climate and price policy in high-latitude regions of China.pdf,SSP1-2.6,C1,~500 Gt CO₂,500.0,unit-bound scalar,~,,False
Fu 等 - 2018 - A Simulation-Based Linear Fractional Programming Model for Adaptable Water Allocation Planning in th.pdf,S1,C8,893.060956844902,893.060956844902,field-only scalar,,,False
Nolan 等 - 2018 - Past and future global transformation of terrestrial ecosystems under climate change.pdf,RCP2.6,C3 (RCP equivalent),~420 Gt CO2 from 2020,420.0,unit-bound scalar,~,,False
Alves 等 - 2025 - Evolution of the subtropical surface wind in the north-east Atlantic under climate change.pdf,SSP245,C3,~1000 GtCO₂ from 2020,1000.0,unit-bound scalar,~,,False
"Oni 等 - 2012 - Modelling the long term impact of climate change on the carbon budget of Lake Simcoe, Ontario using.pdf",A2,C5,102.7723603383973,102.7723603383973,field-only scalar,,,True
Wang 等 - 2022 - Attributing trend in naturalized streamflow to temporally explicit vegetation change and climate var.pdf,S1,C3: limit warming to 2°C (>67%),893.060956844902,893.060956844902,field-only scalar,,,False
Wang 等 - 2022 - Attributing trend in naturalized streamflow to temporally explicit vegetation change and climate var.pdf,S2,C4: limit warming to 2°C (>50%),1447.733517816087,1447.733517816087,field-only scalar,,,False
Al-Hilali 等 - 2025 - Effects of climate change on precipitation and runoff in semi-arid regions future scenarios and imp.pdf,RCP8.5,C8: Very high GHG emissions,Large remaining budget (exceeds 3000 GtCO2 from 2020),3000.0,unit-bound scalar,,,False
Pascale 等 - 2020 - Increasing risk of another Cape Town Day Zero drought in the 21st century.pdf,SSP2-4.5,C3,1150-1350 GtCO₂,1250.0,unit-bound range midpoint,,,False
Liao 等 - 2024 - Predicting Conservation Status of Testudoformes under Climate Change Using Habitat Models.pdf,SSP2-4.5,C3,2744.812344177873,2744.812344177873,field-only scalar,,,False
Lee 等 - 2024 - Prediction and Classification of Phenol Contents in Cnidium officinale Makino Using a Stackin.pdf,SSP1-2.6,C3,~900 Gt CO2,900.0,unit-bound scalar,~,,False
Gaedeke 等 - 2021 - Climate change reduces winter overland travel across the Pan-Arctic even under low-end global warmin.pdf,RCP2.6,C3 (RCP equivalent),~900 Gt CO2,900.0,unit-bound scalar,~,,False
Kim - 2005 - A projection of the effects of the climate change induced by increased CO2 on extreme hyd.pdf,TRAN scenario with 1% annual CO₂ increase,C5,377.1673524599693,377.1673524599693,field-only scalar,,,True
Gomez-Martinez 等 - 2021 - Effects of Climate Change on Water Quality in the Jucar River Basin (Spain).pdf,SSP2-4.5,C3,1150,1150.0,field-only scalar,,,False
Lachmuth 等 - 2023 - Assessing uncertainty in genomic offset forecasts from landscape genomic models (and implications fo.pdf,SSP2-45,C2,2744.812344177873,2744.812344177873,field-only scalar,,,True
Bian 等 - 2023 - Understanding the Shift of Drivers of Soil Erosion and Sedimentation Based on Regional Process-Based.pdf,S0 (Baseline),C7: limit warming to 4°C (>50%),4067.198904304981,4067.198904304981,field-only scalar,,,False
Ribes 等 - 2021 - Making climate projections conditional on historical observations.pdf,SSP2-4.5,C5,2744.812344177873,2744.812344177873,field-only scalar,,,False
LI 等 - 2022 - CLIMATE CHANGE-INDUCED RANGE SHIFTS IN CHINESE ASH (FRAXINUS CHINENSIS) ALONG THREE GEOGRAPHI.pdf,RCP2.6,C1 (RCP equivalent),~500 Gt CO₂,500.0,unit-bound scalar,~,,False
Feijoo 等 - 2019 - Climate and carbon budget implications of linked future changes in CO2 and non-CO2.pdf,1.5°C without overshoot,C1,~500 Gt CO2,500.0,unit-bound scalar,~,,False
Feijoo 等 - 2019 - Climate and carbon budget implications of linked future changes in CO2 and non-CO2.pdf,2.0°C without overshoot,C3,1282 Gt CO2,1282.0,unit-bound scalar,,,False
Song 等 - 2025 - Impact of climate change on the distribution of Ligustrum leucanthum using MaxEnt modeling.pdf,SSP2-4.5,C5,2744.812344177873,2744.812344177873,field-only scalar,,,False
Zhou 等 - 2019 - Comparison of urbanization and climate change impacts on urban flood volumes Importance of urban pl.pdf,RCP2.6,C1,~1000 Gt CO2,1000.0,unit-bound scalar,~,,False
Hou 等 - 2024 - Haplotype-based pangenomes reveal genetic variations and climate adaptations in moso bamboo populati.pdf,SSP126,C1,500.0,500.0,field-only scalar,,,False
Zhou 等 - 2024 - Soil Moisture-Temperature Coupling Increases Population Exposure to Future Heatwaves.pdf,SSP126,C1,500.0,500.0,field-only scalar,,,False
Wan 等 - 2024 - Integrating Shared Socioeconomic Pathway-informed adaptation into temperature-related mortality proj.pdf,RCP2.6-SSP1,C1,~900 Gt CO2,900.0,unit-bound scalar,~,,False
Khalaf 等 - 2025 - Spatiotemporal dynamics of Bacillus anthracis under climate change a machine learning approa.pdf,RCP-2.6,C3 (RCP equivalent),~900 Gt CO2,900.0,unit-bound scalar,~,,False
Aleman 等 - 2016 - Land-use change outweighs projected effects of changing rainfall on tree cover in sub-Saharan Africa.pdf,RCP 2.6,C3 (RCP equivalent),~900 Gt CO2,900.0,unit-bound scalar,~,,False
Ruth 等 - 2007 - Adaptation of urban water supply infrastructure to impacts from climate and socioeconomic changes T.pdf,S2: CSIRO high,C5: limit warming to 2.5°C (>50%),1793.871566014591,1793.871566014591,field-only scalar,,,False
Zierl和Bugmann - 2005 - Global change impacts on hydrological processes in Alpine catchments - art. no. W02028.pdf,A2,C7,102.7723603383973,102.7723603383973,field-only scalar,,,True
Zierl和Bugmann - 2005 - Global change impacts on hydrological processes in Alpine catchments - art. no. W02028.pdf,B1,C4,652.4725285661066,652.4725285661066,field-only scalar,,,False
Zierl和Bugmann - 2005 - Global change impacts on hydrological processes in Alpine catchments - art. no. W02028.pdf,B2,C5,835.4639342141137,835.4639342141137,field-only scalar,,,False
"Xuan 等 - 2021 - Hydrological responses to climate change in Yarlung Zangbo River basin, Southwest China.pdf",RCP2.6,C3 (RCP equivalent),~900 Gt CO2,900.0,unit-bound scalar,~,,False
"Xuan 等 - 2021 - Hydrological responses to climate change in Yarlung Zangbo River basin, Southwest China.pdf",RCP8.5,C8 (SSP5-8.5),~7000 GtCO2 from 1850-2100 (for >66% chance of staying below 4°C),7000.0,unit-bound scalar,~,,False
Zhang 等 - 2022 - Isolating the modulation of mean warming and higher-order temperature changes on ozone in a changing.pdf,B2,C5,835.4639342141137,835.4639342141137,field-only scalar,,,False
Bawa 等 - 2021 - Simulating Hydrological Responses of Integrated Crop-Livestock Systems under Future Climate Changes.pdf,RCP2.6,C1,~500 Gt CO2,500.0,unit-bound scalar,~,,False
"Li 等 - 2025 - Projecting Current and Future Habitat Suitability of the Pepper Weevil, Anthonomus eugenii Ca.pdf",SSP1-2.6,C1,942.4855433794125,942.4855433794125,field-only scalar,,,False
"Li 等 - 2025 - Projecting Current and Future Habitat Suitability of the Pepper Weevil, Anthonomus eugenii Ca.pdf",SSP2-4.5,C3,1150 GtCO₂,1150.0,unit-bound scalar,,,False
Colon-Gonzalez 等 - 2023 - Projecting the future incidence and burden of dengue in Southeast Asia.pdf,SSP126,C1,500,500.0,field-only scalar,,,False
Behzadi 等 - 2024 - Projections of meteorological drought severity-duration variations based on CMIP6.pdf,SSP1-2.6,C3,~900 Gt CO2,900.0,unit-bound scalar,~,,False
Wang 等 - 2021 - Vulnerability of two Rhodiola species under climate change in the future.pdf,SSP2-45,C3,2745 GtCO2,2745.0,unit-bound scalar,,,False
Lyon 等 - 2022 - Climate change research and action must look beyond 2100.pdf,RCP2.6,C1 (SSP1-2.6 equivalent),~500 Gt CO2 from 2020,500.0,unit-bound scalar,~,,False
Bai 等 - 2025 - Constructing Ecological Networks and Analyzing Impact Factors in Multi-Scenario Simulation Under Cli.pdf,SSP119,C1,~500 Gt CO2 (from 2020),500.0,unit-bound scalar,~,,False
Bai 等 - 2025 - Constructing Ecological Networks and Analyzing Impact Factors in Multi-Scenario Simulation Under Cli.pdf,SSP245,C6,2744.812344177873,2744.812344177873,field-only scalar,,,False
Bai 等 - 2025 - Constructing Ecological Networks and Analyzing Impact Factors in Multi-Scenario Simulation Under Cli.pdf,SSP585,C8,Very high (exceeds 5000 GtCO2 cumulative emissions by 2100),5000.0,unit-bound scalar,,,False
Fang和Stefan - 2000 - Projected climate change effects on winterkill in shallow lakes in the northern United States.pdf,Projected 2x CO Climate Scenario,C3,1793.871566014591,1793.871566014591,field-only scalar,,,False
Bombelli 等 - 2021 - Impact of Prospective Climate Change Scenarios upon Hydropower Potential of Ethiopia in GERD and GIB.pdf,RCP4.5/SSP2-4.5,C2,2744.812344177873,2744.812344177873,field-only scalar,,,True
Vermeersen 等 - 2018 - Sea-level change in the Dutch Wadden Sea.pdf,RCP2.6,C1,~500 Gt CO2,500.0,unit-bound scalar,~,,False
MacDougall和Friedlingstein - 2015 - The Origin and Limits of the Near Proportionality between Climate Warming and Cumulative CO2s.pdf,RCP2.6,C3 (RCP equivalent),~900 Gt CO2,900.0,unit-bound scalar,~,,False
Andrijevic 等 - 2021 - Future cooling gap in shared socioeconomic pathways.pdf,SSP1,C1,~500 Gt CO2,500.0,unit-bound scalar,~,,False
Andrijevic 等 - 2021 - Future cooling gap in shared socioeconomic pathways.pdf,SSP2,C5,325.2897925777136,325.2897925777136,field-only scalar,,,True
Andrijevic 等 - 2021 - Future cooling gap in shared socioeconomic pathways.pdf,SSP3,C6,5565.348400074735 GtCO2,5565.348400074735,unit-bound scalar,,,False
Bala 等 - 2011 - CO2-fertilization and potential future terrestrial carbon uptake in India.pdf,Baseline,C7: limit warming to 4°C (>50%),4067.198904304981,4067.198904304981,field-only scalar,,,False
Berberoglu 等 - 2020 - Spatial and temporal evaluation of soil erosion in Turkey under climate change scenarios using the P.pdf,RCP2.6,C1-C2,~900 Gt CO2,900.0,unit-bound scalar,~,,False
Yang 等 - 2024 - Spatial Distribution Patterns of the Key Afforestation Species Cupressus funebris Insights f.pdf,2050s-SSP126,C1,942.4855433794125,942.4855433794125,field-only scalar,,,False
Yang 等 - 2024 - Spatial Distribution Patterns of the Key Afforestation Species Cupressus funebris Insights f.pdf,2050s-SSP245,C2,2744.812344177873,2744.812344177873,field-only scalar,,,True
"Andrews 等 - 2012 - Forcing, feedbacks and climate sensitivity in CMIP5 coupled atmosphere-ocean climate models.pdf",Abrupt quadrupling of atmospheric CO2 concentration,C5: limit warming to 2.5°C (>50%),1793.871566014591,1793.871566014591,field-only scalar,,,False
Aguirre-Liguori 等 - 2025 - Sampling effect in predicting the evolutionary response of populations to climate change.pdf,SSP126,C1,~510-570 Gt CO2,540.0,unit-bound range midpoint,~,,False
Aguirre-Liguori 等 - 2025 - Sampling effect in predicting the evolutionary response of populations to climate change.pdf,SSP245,C3,1150,1150.0,field-only scalar,,,False
Zhou和Guo - 2013 - Incorporating ecological requirement into multipurpose reservoir operating rule curves for adaptatio.pdf,A2,C7,102.7723603383973,102.7723603383973,field-only scalar,,,True
Arango-Lozano 等 - 2025 - Ecological Forecasting for Night Monkeys in the Aotus lemurinus Complex Climate-driven Threa.pdf,ssp126,C1,~500 Gt CO2,500.0,unit-bound scalar,~,,False
Arango-Lozano 等 - 2025 - Ecological Forecasting for Night Monkeys in the Aotus lemurinus Complex Climate-driven Threa.pdf,ssp245,C3,1500 GtCO₂,1500.0,unit-bound scalar,,,False
Barman和Bhattacharjya - 2020 - ANN-SCS-based hybrid model in conjunction with GCM to evaluate the impact of climate change on the f.pdf,Scenario 1,C7,102.7723603383973,102.7723603383973,field-only scalar,,,True
Court和McIsaac - 2020 - A Representation of the World Population Dynamics for Integrated Assessment Models.pdf,SSP1,C3,942.4855433794125,942.4855433794125,field-only scalar,,,False
Mori和Shimura - 2022 - Tropical cyclone-induced coastal sea level projection and the adaptation to a changing climate.pdf,SSP585,C8,Not applicable (no carbon budget compatible with this warming level),,excluded,,no unambiguous carbon-budget value,False
Dommo 等 - 2025 - Assessment of Anticipated Changes in Extreme Temperature and Precipitation Under 1.5°C and 2°C Warmi.pdf,SSP2-4.5,C5,2744.812344177873,2744.812344177873,field-only scalar,,,False
Zhong 等 - 2021 - Evaluating the tradeoff between hydropower benefit and ecological interest under climate change How.pdf,RCP2.6,C3 (RCP equivalent),~900 Gt CO2,900.0,unit-bound scalar,~,,False
Zhong 等 - 2021 - Evaluating the tradeoff between hydropower benefit and ecological interest under climate change How.pdf,SSP2-4.5,C5,2744.812344177873,2744.812344177873,field-only scalar,,,False
Abedin 等 - 2024 - Fragile futures Evaluating habitat and climate change response of hog badgers (Mustelidae Arcto.pdf,SSP245,C3,2744.812344177873,2744.812344177873,field-only scalar,,,False
Ariza-Salamanca 等 - 2025 - Predicting Optimal Sites for Ecosystem Restoration and Assisted Migration of Abies pinsapo Bo.pdf,SSP126,C1,500.0,500.0,field-only scalar,,,False
"Giannakis和Zittis - 2021 - Assessing the Economic Structure, Climate Change and Decarbonisation in Europe.pdf",RCP2.6,C1 (RCP equivalent),~1000 Gt CO2 from 2020,1000.0,unit-bound scalar,~,,False
Amiri 等 - 2023 - Assessing the effect of climate and land use changes on the hydrologic regimes in the upstream of Ta.pdf,RCP2.6,C1 (SSP1-2.6),~900 Gt CO2,900.0,unit-bound scalar,~,,False
Amiri 等 - 2023 - Assessing the effect of climate and land use changes on the hydrologic regimes in the upstream of Ta.pdf,RCP8.5,C8 (SSP5-8.5),~7000 GtCO2 (2015-2100),7000.0,unit-bound scalar,~,,False
Xue 等 - 2021 - Simulating potential impacts of climate changes on distribution pattern and carbon storage function.pdf,RCP 2.6,C1 (RCP equivalent),~900 Gt CO2 (cumulative from 2011-2100),900.0,unit-bound scalar,~,,False
Woznicki 等 - 2015 - Climate change and irrigation demand uncertainty and adaptation.pdf,A2,C5,102.7723603383973,102.7723603383973,field-only scalar,,,True
Alahmad 等 - 2022 - Climate change and health in Kuwait temperature and mortality projections under different climatic.pdf,SSP2-4.5,C4,1400,1400.0,field-only scalar,,,False
Vidal和Wade - 2008 - A framework for developing high-resolution multi-model climate projections 21st century scenarios f.pdf,A2,C5,102.7723603383973,102.7723603383973,field-only scalar,,,True
Vidal和Wade - 2008 - A framework for developing high-resolution multi-model climate projections 21st century scenarios f.pdf,B2,C5,835.4639342141137,835.4639342141137,field-only scalar,,,False
Flombaum和Martiny - 2021 - Diverse but uncertain responses of picophytoplankton lineages to future climate change.pdf,RCP2.6,C1,~400-500 Gt CO2 from 2020,450.0,unit-bound range midpoint,~,,False
Wang 等 - 2021 - Ocean surface energy balance allows a constraint on the sensitivity of precipitation to global warmi.pdf,RCP2.6,C1 (Below 1.5°C),~1150 Gt CO2 from 2020,1150.0,unit-bound scalar,~,,False
Creutzburg 等 - 2015 - Climate Change and Land Management in the Rangelands of Central Oregon.pdf,A2 climate change scenario,C5,1793.871566014591,1793.871566014591,field-only scalar,,,False
Mengistu 等 - 2024 - Assessing the impact of climate change on future extreme temperature events in major South African c.pdf,SSP2-4.5,C5,2744.81,2744.81,field-only scalar,,,False
Free 等 - 2022 - Expanding ocean food production under climate change.pdf,RCP 2.6,C1 (RCP equivalent),~900 Gt CO2,900.0,unit-bound scalar,~,,False
Yu 等 - 2023 - Study on Summer Overheating of Residential Buildings in the Severe Cold Region of China in View of C.pdf,RCP2.6,C3 (RCP equivalent),~900 Gt CO2,900.0,unit-bound scalar,~,,False
Ben Lamine 等 - 2022 - Expected contraction in the distribution ranges of demersal fish of high economic value in the Medit.pdf,RCP2.6,C2 (1.5°C with high overshoot),~1150 Gt CO2,1150.0,unit-bound scalar,~,,False
Narita 等 - 2020 - Accounting for risk transitions of ocean ecosystems under climate change an economic justification.pdf,1.5°C-compatible,C1,~500 Gt CO2,500.0,unit-bound scalar,~,,False
Ads 等 - 2024 - Climate Change And Irrigation Water A Vulnerability Assessment Of Egypt's Governorates.pdf,SSP126,C1,500.0,500.0,field-only scalar,,,False
Ads 等 - 2024 - Climate Change And Irrigation Water A Vulnerability Assessment Of Egypt's Governorates.pdf,SSP245,C3,2744.812344177873,2744.812344177873,field-only scalar,,,False
Quan 等 - 2020 - Shifting biomass allocation determines community water use efficiency under climate warming.pdf,+1.5°C warming (W1.5),C1: limit warming to 1.5°C (>50%) with no or limited overshoot,271.9704635822378,271.9704635822378,field-only scalar,,,False
Quan 等 - 2020 - Shifting biomass allocation determines community water use efficiency under climate warming.pdf,+2.5°C warming (W2.5),C6: limit warming to 3°C (>50%),2619.964986816399,2619.964986816399,field-only scalar,,,False
Monier 等 - 2018 - Toward a consistent modeling framework to assess multi-sectoral climate impacts.pdf,2C,C4,1793.871566014591,1793.871566014591,field-only scalar,,,False
Monier 等 - 2018 - Toward a consistent modeling framework to assess multi-sectoral climate impacts.pdf,Paris Forever,C7,3766.778545171488,3766.778545171488,field-only scalar,,,False
Pearce-Higgins 等 - 2017 - A national-scale assessment of climate change impacts on species Assessing the balance of risks and.pdf,B1,C5,652.4725285661066,652.4725285661066,field-only scalar,,,False
Xu 等 - 2020 - Major Consequences of Land-Use Changes for Ecosystems in the Future in the Agro-Pastoral Transitiona.pdf,A2,C7,102.7723603383973,102.7723603383973,field-only scalar,,,True
Xu 等 - 2020 - Major Consequences of Land-Use Changes for Ecosystems in the Future in the Agro-Pastoral Transitiona.pdf,B1,C3,652.4725285661066,652.4725285661066,field-only scalar,,,False
Xu 等 - 2020 - Major Consequences of Land-Use Changes for Ecosystems in the Future in the Agro-Pastoral Transitiona.pdf,B2,C7,835.4639342141137,835.4639342141137,field-only scalar,,,False
Ding 等 - 2018 - Analysis of the evolution of precipitation in the Haihe river basin of China under changing environm.pdf,A2,C5,102.7723603383973,102.7723603383973,field-only scalar,,,True
Ding 等 - 2018 - Analysis of the evolution of precipitation in the Haihe river basin of China under changing environm.pdf,B1,C5,652.4725285661066,652.4725285661066,field-only scalar,,,False
Beshir 等 - 2025 - Climate change projections using CMIP6 GCMs and downscaling approaches in the Upper Wabe Shebele Bas.pdf,SSP1-2.6,C1,~1150 Gt CO2,1150.0,unit-bound scalar,~,,False
"Arndt 等 - 2012 - Climate Change, Agriculture and Food Security in Tanzania.pdf",HOT,C3,4182.783765496274,4182.783765496274,field-only scalar,,,False
Musau 等 - 2015 - Hydrological responses to climate change in Mt. Elgon watersheds.pdf,A2,C5,102.7723603383973,102.7723603383973,field-only scalar,,,True
Musau 等 - 2015 - Hydrological responses to climate change in Mt. Elgon watersheds.pdf,B1,C5,652.4725285661066,652.4725285661066,field-only scalar,,,False
Wu 等 - 2019 - Modeling and estimating aboveground biomass of Dacrydium pierrei in China using machine learn.pdf,RCP2.6,C2,N/A - Global scenario parameter,,excluded,,explicitly missing/unspecified,False
Fluixa-Sanmartin 等 - 2019 - Quantification of climate change impact on dam failure risk under hydrological scenarios a case stu.pdf,RCP2.6,C1,~900 Gt CO2,900.0,unit-bound scalar,~,,False
Girod 等 - 2013 - Global climate targets and future consumption level an evaluation of the required GHG intensity.pdf,RCP2.6,C1 (RCP equivalent),~1150 Gt CO2 from 2020,1150.0,unit-bound scalar,~,,False
Zolghadr-Asli 等 - 2021 - Developing a Robust Multi-Attribute Decision-Making Framework to Evaluate Performance of Water Syste.pdf,RCP2.6,C3 (RCP equivalent),~900 Gt CO2,900.0,unit-bound scalar,~,,False
Battaglia和Bruce - 2017 - Direct climate change impacts on growth and drought risk in blue gum (Eucalyptus globulus) pl.pdf,A2,C5,102.7723603383973,102.7723603383973,field-only scalar,,,True
"Graham 等 - 2007 - Assessing climate change impacts on hydrology from an ensemble of regional climate models, model sca.pdf",A2,C5,102.7723603383973,102.7723603383973,field-only scalar,,,True
"Graham 等 - 2007 - Assessing climate change impacts on hydrology from an ensemble of regional climate models, model sca.pdf",B2 - Intermediate population and economic growth with a focus on local solutions to sustainability,C5,835.4639342141137,835.4639342141137,field-only scalar,,,False
Valdes-Abellan 等 - 2020 - Climate change impact on karstic aquifer hydrodynamics in southern Europe semi-arid region using the.pdf,RCP2.6,C3 (RCP equivalent),~900 Gt CO2,900.0,unit-bound scalar,~,,False
Sun 等 - 2025 - Projected Spatial-Temporal Habitat Patterns of the Lady Amherst's Pheasant (Chrysolophus amhersti.pdf,SSP126,C1,~1000 Gt CO2,1000.0,unit-bound scalar,~,,False
"Beridze 等 - 2023 - Niche modelling suggests low feasibility of assisted gene flow for a Neogene relict tree, Castane.pdf",SSP1-2.6,C1,942.4855433794125,942.4855433794125,field-only scalar,,,False
Szabo 等 - 2022 - Projected changes in Feddema climate characteristics in the Larger Carpathian Region by the end of t.pdf,RCP8.5,C8 (RCP equivalent),Exceeded,,excluded,,no unambiguous carbon-budget value,False
"Yang 等 - 2016 - Hierarchy evaluation of water resources vulnerability under climate change in Beijing, China.pdf",RCP2.6,SSP1-2.6,~1000 Gt CO2,1000.0,unit-bound scalar,~,,False
Yogurtcuoglu 等 - 2025 - Turkish freshwaters as a case of rising invasion risk of aquarium fishes under climate change.pdf,SSP2-4.5,C3,1150 GtCO₂ from 2020 (50% chance of limiting warming to 2.5°C),1150.0,unit-bound scalar,,,False
Yu和Li - 2024 - Predicting the Potential Distribution of Cheirotonus jansoni (Coleoptera Scarabaeidae) Under.pdf,SSP245,C1,2744.812344177873,2744.812344177873,field-only scalar,,,True
Volk 等 - 2022 - Massive warming-induced carbon loss from subalpine grassland soils in an altitudinal transplantation.pdf,CS4 (+1.5°C),C4,271.9704635822378,271.9704635822378,field-only scalar,,,False
"Athuraliya 等 - 2025 - Assessing the impacts of sea level rise on salinity intrusion in the Kelani River, Sri Lanka.pdf",RCP2.6,C3 (RCP equivalent),~1600 Gt CO2,1600.0,unit-bound scalar,~,,False
Gruenig 等 - 2023 - Increasing aridity causes larger and more severe forest fires across Europe.pdf,SSP245,C2,2744.812344177873,2744.812344177873,field-only scalar,,,True
"Lee 等 - 2025 - Mapping Endangered Plant Distributions, Species Richness, and Climate Refugia Under SSP Climate Scen.pdf",SSP2-4.5,C2,2744.812344177873,2744.812344177873,field-only scalar,,,True
Singh 等 - 2014 - Potential benefits of drought and heat tolerance in groundnut for adaptation to climate change in In.pdf,Baseline climate,C7: limit warming to 4°C (>50%),4067.198904304981,4067.198904304981,field-only scalar,,,False
Xu 等 - 2025 - Model-Based Assessment of Phenological and Climate Suitability Dynamics for Winter Wheat in the 3H P.pdf,SSP2-4.5,C3,2744.812344177873,2744.812344177873,field-only scalar,,,False
Bastola 等 - 2012 - Generating probabilistic estimates of hydrological response for Irish catchments using a weather gen.pdf,A2,C5,102.7723603383973,102.7723603383973,field-only scalar,,,True
Bastola 等 - 2012 - Generating probabilistic estimates of hydrological response for Irish catchments using a weather gen.pdf,B2,C4,835.4639342141137,835.4639342141137,field-only scalar,,,False
Pillet 等 - 2022 - Elevated extinction risk of cacti under climate change.pdf,RCP2.6,C3 (RCP equivalent),~900 Gt CO2,900.0,unit-bound scalar,~,,False
Heikonen 等 - 2025 - Climate change threatens crop diversity at low latitudes.pdf,SSP1-2.6,C3,~500 Gt CO2 from 2020,500.0,unit-bound scalar,~,,False
Heikonen 等 - 2025 - Climate change threatens crop diversity at low latitudes.pdf,SSP2-4.5,C3,2744.812344177873,2744.812344177873,field-only scalar,,,False
Lezama-Ochoa 等 - 2016 - Present and Future Potential Habitat Distribution of Carcharhinus falciformis and C.pdf,A2,C5,102.7723603383973,102.7723603383973,field-only scalar,,,True
Raqeeb 等 - 2025 - Forecasting impacts of climate change on barking deer distribution in Pakistan.pdf,SSP1-2.6,C1,942.4855433794125,942.4855433794125,field-only scalar,,,False
Raqeeb 等 - 2025 - Forecasting impacts of climate change on barking deer distribution in Pakistan.pdf,SSP2-4.5,C2,"1150 GtCO2 (from 2020, 67% likelihood)",1150.0,unit-bound scalar,,,False
"Mahdavi 等 - 2021 - Drought occurrence under future climate change scenarios in the Zard River basin, Iran.pdf",RCP8.5 - High Greenhouse Gas Emissions Scenario,C8 (>4°C),Large remaining carbon budget (from 2020: 1150 GtCO2 for 50% chance of limiting to 4°C),1150.0,unit-bound scalar,,,False
"Jing 等 - 2020 - Assessing the response of groundwater quantity and travel time distribution to 1.5, 2, and 3 °C glob.pdf",1.5°C warming,C1,~500 Gt CO2,500.0,unit-bound scalar,~,,False
"Jing 等 - 2020 - Assessing the response of groundwater quantity and travel time distribution to 1.5, 2, and 3 °C glob.pdf",2°C warming,C4,1793.871566014591,1793.871566014591,field-only scalar,,,False
Wang 等 - 2025 - Ecohydrological responses to solar radiation changes.pdf,G1,C2: return warming to 1.5°C (>50%) after a high overshoot,602.1546766650441,602.1546766650441,field-only scalar,,,False
Cruz-Gonzalez 等 - 2025 - Assessment of the Effect of Climate Change on the Productivity of Rainfed Maize (Zea mays L.).pdf,SSP2-4.5,C3,2744.812344177873,2744.812344177873,field-only scalar,,,False
Botti和Ramos - 2017 - Adapting the design of a new care home development for a changing climate.pdf,Baseline,C7: limit warming to 4°C (>50%),4067.198904304981,4067.198904304981,field-only scalar,,,False
Ghio 等 - 2023 - Assessing populations exposed to climate change a focus on Africa in a global context.pdf,RCP2.6,C1,~900 Gt CO2 from 2020,900.0,unit-bound scalar,~,,False
Hollenbeck和Sax - 2024 - Experimental evidence of climate change extinction risk in Neotropical montane epiphytes.pdf,3.2°C warming under SSP3-7.0,C3,1793.871566014591,1793.871566014591,field-only scalar,,,False
Lee 等 - 2023 - Climate Change Vulnerability Assessment and Ecological Characteristics Study of Abies nephrolepis.pdf,SSP2-4.5,C2,1150,1150.0,field-only scalar,,,False
Dissanayake 等 - 2024 - Assessing Drought Risk and the Influence of Climate Projections in Sri Lanka for Sustainable Drought.pdf,SSP2.6,C1,~500 Gt CO2,500.0,unit-bound scalar,~,,False
"Tisseuil 等 - 2012 - Strengthening the link between climate, hydrological and species distribution modeling to assess the.pdf",A2,C5,102.7723603383973,102.7723603383973,field-only scalar,,,True
"Tisseuil 等 - 2012 - Strengthening the link between climate, hydrological and species distribution modeling to assess the.pdf",B1,C5,652.4725285661066,652.4725285661066,field-only scalar,,,False
Ficetola 等 - 2009 - From introduction to the establishment of alien species bioclimatic differences between presence an.pdf,A2,C5,102.7723603383973,102.7723603383973,field-only scalar,,,True
Shukla 等 - 2021 - Dynamic vulnerability of smallholder agricultural systems in the face of climate change for Ethiopia.pdf,RCP2.6,C1,~1300 Gt CO₂ post-2020 for ~1.8 °C (50 %),1300.0,unit-bound scalar,~,,False
Zhang 等 - 2025 - Soil Erosion Under Climate and Land Use Changes in China Incorporating Ecological Policy Constraint.pdf,SSP1-2.6,C1,~500 Gt CO₂ (from 2020),500.0,unit-bound scalar,~,,False
Zarei 等 - 2025 - Assessment of climate change impacts on floods with a hybrid data-driven and conceptual model across.pdf,SSP126,C1,"~400 GtCO₂ from 2020 (approximate, check paper for exact value)",400.0,unit-bound scalar,~,,False
Passos 等 - 2025 - The Impact of Climate Change and Water Consumption on the Inflows of Hydroelectric Power Plants in t.pdf,SSP2-4.5,C2,2744.812344177873,2744.812344177873,field-only scalar,,,True
Lai 等 - 2025 - Habitat suitability modeling of a nearly extinct rosewood species (Dalbergia odorifera) under.pdf,RCP2.6,C1/C2,400-700 Gt CO2,550.0,unit-bound range midpoint,,,False
Monjardin 等 - 2022 - Analysis of Rainwater Harvesting Methods Considering the Impacts of Climate Change.pdf,RCP 2.6,C3 (RCP equivalent),~900 Gt CO2,900.0,unit-bound scalar,~,,False
Prockow 等 - 2019 - Contrasting effects of climate change on the European and global potential distributions of two Medi.pdf,RCP2.6,SSP1-2.6 (RCP2.6 equivalent),~900 Gt CO2 (starting from 2020),900.0,unit-bound scalar,~,,False
Prockow 等 - 2019 - Contrasting effects of climate change on the European and global potential distributions of two Medi.pdf,RCP4.5,C4 (Likely below 2°C),650–1150 Gt CO₂,900.0,unit-bound range midpoint,,,False
Zhang 等 - 2024 - Prediction of Potential Distribution of Carposina coreana in China under the Current and Futu.pdf,SSP2-4.5,C3,2744.812344177873,2744.812344177873,field-only scalar,,,False
Zhang 等 - 2024 - Prediction of Potential Distribution of Carposina coreana in China under the Current and Futu.pdf,SSP370,C7,Exceeds remaining carbon budget for 2 °C.,,excluded,,no unambiguous carbon-budget value,False
Song和Zeng - 2017 - Evaluating the responses of forest ecosystems to climate change and CO2 using dynamic glo.pdf,"Temperature sensitivity tests (MAT ± 1°C, ±2°C, ±3°C)",C5: limit warming to 2.5°C (>50%),1793.871566014591,1793.871566014591,field-only scalar,,,False
Song和Zeng - 2017 - Evaluating the responses of forest ecosystems to climate change and CO2 using dynamic glo.pdf,CO2 concentration change sensitivity tests (2CO2),C5: limit warming to 2.5°C (>50%),1793.871566014591,1793.871566014591,field-only scalar,,,False
Steinschneider 等 - 2019 - A Weather-Regime-Based Stochastic Weather Generator for Climate Vulnerability Assessments of Water S.pdf,2°C warming and 2 × CC-scaling,C4,1793.871566014591,1793.871566014591,field-only scalar,,,False
Zistl-Schlingmann 等 - 2020 - Management Intensity Controls Nitrogen-Use-Efficiency and Flows in Grasslands-A 15N Traci.pdf,"Climate Change +2°C, Reduced Precipitation",C5: limit warming to 2.5°C (>50%),1793.871566014591,1793.871566014591,field-only scalar,,,False
Zhang 等 - 2018 - Projection of temperature-related mortality due to cardiovascular disease in beijing under different.pdf,RCP2.6,C3 (RCP equivalent),~900 Gt CO2,900.0,unit-bound scalar,~,,False
Ban 等 - 2015 - Assessing the Effectiveness of Local Management of Coral Reefs Using Expert Opinion and Spatial Baye.pdf,Baseline,C7: limit warming to 4°C (>50%),4067.198904304981,4067.198904304981,field-only scalar,,,False
Olonscheck 等 - 2021 - Large-scale emergence of regional changes in year-to-year temperature variability by the end of the.pdf,SSP5-8.5,C8,≈0 GtCO₂,,excluded,,no unambiguous carbon-budget value,False
Aloufi - 2024 - MaxEnt modeling of Klebsiella pneumoniae predicting future distribution and evaluating the r.pdf,RCP 2.6 2050,C1 (RCP equivalent),~400 Gt CO2 from 2020,400.0,unit-bound scalar,~,,False
Mousavi 等 - 2018 - A Multi-GCM Assessment of the Climate Change Impact on the Hydrology and Hydropower Potential of a S.pdf,A2,C6,102.7723603383973,102.7723603383973,field-only scalar,,,True
Mousavi 等 - 2018 - A Multi-GCM Assessment of the Climate Change Impact on the Hydrology and Hydropower Potential of a S.pdf,B1,C4,652.4725285661066,652.4725285661066,field-only scalar,,,False
"Chaithong - 2025 - ASSESSING THE IMPACT OF CLIMATE CHANGE ON LANDSLIDE FREQUENCY IN NAKHON SI THAMMARAT PROVINCE, THAIL.pdf",SSP2-4.5,C3,2744.81 GtCO₂,2744.81,unit-bound scalar,,,False
Landreau 等 - 2021 - Combining socio-economic and climate projections to assess heat risk.pdf,SSP1,C3,942.4855433794125,942.4855433794125,field-only scalar,,,False
Landreau 等 - 2021 - Combining socio-economic and climate projections to assess heat risk.pdf,SSP5,C3,325.3951167461587,325.3951167461587,field-only scalar,,,False
Zhao 等 - 2021 - Air Pollution Zone Migrates South Driven by East Asian Winter Monsoon and Climate Change.pdf,SSP2-4.5,C3,2744.812344177873,2744.812344177873,field-only scalar,,,False
Baba和Ge - 2018 - Effect of climate change on the annual energy consumption of a single family house in British Columb.pdf,RCP 4.5,C6 (ECP 4.5),Cumulative CO₂ since 1850 ~1150 GtCO₂,1150.0,unit-bound scalar,~,,False
Akimoto 等 - 2012 - Consistent assessments of pathways toward sustainable development and climate stabilization.pdf,Baseline,C7,4067.198904304981,4067.198904304981,field-only scalar,,,False
Kusumastuti 等 - 2023 - Rectifying low-frequency variability in future climate sea surface temperature simulations are corr.pdf,SSP5-8.5,C8,Very high (exceeds 4000 GtCO2),4000.0,unit-bound scalar,,,False
Yin - 2012 - Century to multi-century sea level rise projections from CMIP5 models.pdf,RCP2.6,C3 (RCP equivalent),~900 Gt CO2,900.0,unit-bound scalar,~,,False
Humpenoeder 等 - 2014 - Investigating afforestation and bioenergy CCS as climate change mitigation strategies.pdf,Business as Usual (BAU),C7: limit warming to 4°C (>50%),4421.106912693341,4421.106912693341,field-only scalar,,,False
Humpenoeder 等 - 2014 - Investigating afforestation and bioenergy CCS as climate change mitigation strategies.pdf,Bioenergy CCS with GHG Tax,C3: limit warming to 2°C (>67%),440.0556818855494,440.0556818855494,field-only scalar,,,False
Martins 等 - 2025 - Sex-specific responses to climate change in unisexual bryophytes.pdf,SSP1-2.6,C1,~400 Gt CO₂ from 2020,400.0,unit-bound scalar,~,,False
"Zhao 等 - 2024 - Potential impact of climate change on the distribution of Capricornis milneedwardsii, a vulne.pdf",RCP4.5–2050,C4a (Intermediate GHG),~2000 GtCO₂ from 2020,2000.0,unit-bound scalar,~,,False
Miao 等 - 2015 - Future Climate Impact on the Desertification in the Dry Land Asia Using AVHRR GIMMS NDVI3g Data.pdf,RCP 26,C3 (RCP equivalent),~900 Gt CO2,900.0,unit-bound scalar,~,,False
Asadgol 等 - 2023 - Simulation of the potential impact of climate change on malaria incidence using artificial neural ne.pdf,RCP2.6,C1,~400 Gt CO2,400.0,unit-bound scalar,~,,False
Sreekumar和Nameer - 2021 - Impact of climate change on two high-altitude restricted and endemic flycatchers of the Western Ghat.pdf,RCP 8.5,C8 (RCP equivalent),~750 GtCO₂ from 2020,750.0,unit-bound scalar,~,,False
Layton 等 - 2021 - Genomic evidence of past and future climate-linked loss in a migratory Arctic fish.pdf,RCP2.6,C3 (RCP equivalent),~900 Gt CO2,900.0,unit-bound scalar,~,,False
"Liao 等 - 2023 - Projected Effects of Climate Change on Species Range of Pantala flavescens, a Wandering Glide.pdf",SSP1-2.6,C3,~900 Gt CO2,900.0,unit-bound scalar,~,,False
Bickel - 2013 - Climate engineering and climate tipping-point scenarios.pdf,L1.5C,C1,~500 Gt CO2,500.0,unit-bound scalar,~,,False
Pang 等 - 2024 - Conserving Southeast Asian trees requires mitigating both climate and land-use change.pdf,SSP1-2.6,C3,~900 Gt CO2,900.0,unit-bound scalar,~,,False
Pang 等 - 2024 - Conserving Southeast Asian trees requires mitigating both climate and land-use change.pdf,SSP2-4.5,C3,~1600 GtCO₂,1600.0,unit-bound scalar,~,,False
Lewin 等 - 2024 - Global evaluation of current and future threats to drylands and their vertebrate biodiversity.pdf,SSP1-2.6,C1,~500 Gt CO₂,500.0,unit-bound scalar,~,,False
Lewin 等 - 2024 - Global evaluation of current and future threats to drylands and their vertebrate biodiversity.pdf,SSP2-4.5,C3,~1200 GtCO₂ from 2020,1200.0,unit-bound scalar,~,,False
Forester 等 - 2013 - Integrating ensemble species distribution modelling and statistical phylogeography to inform project.pdf,A2,C5,102.7723603383973,102.7723603383973,field-only scalar,,,True
Jarnikova 等 - 2025 - Decreasing importance of carbon-climate feedbacks in the Southern Ocean in a warming climate.pdf,SSP1-2.6,C3,~900 Gt CO2,900.0,unit-bound scalar,~,,False
"Mougou 等 - 2011 - Climate change and agricultural vulnerability a case study of rain-fed wheat in Kairouan, Central T.pdf",IS92c,C3,1793.871566014591,1793.871566014591,field-only scalar,,,False
Zu 等 - 2023 - Phylogenetic conservatism in threatened species responses to climate change differs between function.pdf,RCP2.6,C3 (RCP equivalent),~900 Gt CO2,900.0,unit-bound scalar,~,,False
"Shindell 等 - 2024 - Reductions in premature deaths from heat and particulate matter air pollution in South Asia, China,.pdf",SSP1-2.6,C3,~900 Gt CO2,900.0,unit-bound scalar,~,,False
Geng 等 - 2025 - Anthropogenic activity and climate change exacerbate the spread of pathogenic bacteria in the enviro.pdf,SSP126,C1,~450 GtCO₂ post-2020 (DISCLAIMER: approximate literature range),450.0,unit-bound scalar,~,,False
Geng 等 - 2025 - Anthropogenic activity and climate change exacerbate the spread of pathogenic bacteria in the enviro.pdf,SSP245,Multiple categories (typically C2-C4),2744.812344177873,2744.812344177873,field-only scalar,,,True
Geng 等 - 2025 - Anthropogenic activity and climate change exacerbate the spread of pathogenic bacteria in the enviro.pdf,SSP585 - Fossil-Fueled Development Scenario,C8,>1150 GtCO₂,1150.0,unit-bound scalar,>,,False
"Adhikari 等 - 2025 - Global assessment of invasion risk Ardisia elliptica, one of the most noxious tropical shrub.pdf",SSP1-2.6,C3,~900 Gt CO2,900.0,unit-bound scalar,~,,False
"Adhikari 等 - 2025 - Global assessment of invasion risk Ardisia elliptica, one of the most noxious tropical shrub.pdf",SSP2-4.5,C6c,2744.812344177873,2744.812344177873,field-only scalar,,,False
"Awal 等 - 2016 - Analysis of Potential Future Climate and Climate Extremes in the Brazos Headwaters Basin, Texas.pdf",A2,C7,102.7723603383973,102.7723603383973,field-only scalar,,,True
"Awal 等 - 2016 - Analysis of Potential Future Climate and Climate Extremes in the Brazos Headwaters Basin, Texas.pdf",B1,C5,652.4725285661066,652.4725285661066,field-only scalar,,,False
Lefebre 等 - 2022 - Climate-Fit.City Urban Climate Data and Services.pdf,RCP8.5,RCP8.5,Not applicable,,excluded,,no unambiguous carbon-budget value,False
Lange 等 - 2020 - Projecting Exposure to Extreme Climate Impact Events Across Six Event Categories and Three Spatial S.pdf,2°C global warming scenario,C1 (Below 2°C),~900 Gt CO2,900.0,unit-bound scalar,~,,False
Li 等 - 2017 - Assessing water resources vulnerability and resilience of southern Taiwan to climate change.pdf,RCP2.6,C3 (RCP equivalent),~900 Gt CO2,900.0,unit-bound scalar,~,,False
Zhang 等 - 2022 - Temporal and Spatial Variation of Wetland CH4 Emissions from the Qinghai-Tibet Plateau un.pdf,RCP2.6,SSP1-2.6,~900 Gt CO2,900.0,unit-bound scalar,~,,False
Mu 等 - 2025 - Predicting the potential distribution areas of Leptotrombidium rubellum under current and fut.pdf,SSP1-2.6,C1,942.4855433794125,942.4855433794125,field-only scalar,,,False
Dasgupta 等 - 2013 - A megacity in a changing climate the case of Kolkata.pdf,B1,C5,652.4725285661066,652.4725285661066,field-only scalar,,,False
Schaeffer 等 - 2008 - Near-linear cost increase to reduce climate-change risk.pdf,2°C target,C4,1793.871566014591,1793.871566014591,field-only scalar,,,False
Deng 等 - 2019 - Assessment of the Effect of Mulch Film on Crops in the Arid Agricultural Region of China under Futur.pdf,RCP2.6,RCP2.6,~900 Gt CO2,900.0,unit-bound scalar,~,,False
Uraba 等 - 2019 - A downscaling-disaggregation approach for developing IDF curves in arid regions.pdf,RCP8.5,"C7-C8 (RCP8.5, >4°C warming)",Not applicable (high emissions pathway),,excluded,,no unambiguous carbon-budget value,False
Donia - 2013 - Aswan High Dam Reservoir management system.pdf,A2,C5,102.7723603383973,102.7723603383973,field-only scalar,,,True
Donia - 2013 - Aswan High Dam Reservoir management system.pdf,B1,C4,652.4725285661066,652.4725285661066,field-only scalar,,,False
Ge 等 - 2021 - Future changes in precipitation extremes over Southeast Asia insights from CMIP6 multi-model ensemb.pdf,SSP1-2.6,C3,~900 Gt CO2,900.0,unit-bound scalar,~,,False
Gao和Wang - 2023 - Anticipating older populations' health risk exacerbated by compound disasters based on mortality cau.pdf,SSP2-4.5,Intermediate (SSP2-4.5),~3000 GtCO₂ from 2020,3000.0,unit-bound scalar,~,,False
Leibing 等 - 2013 - Selection of Provenances to Adapt Tropical Pine Forestry to Climate Change on the Basis of Climate A.pdf,A2,C7,102.7723603383973,102.7723603383973,field-only scalar,,,True
Leibing 等 - 2013 - Selection of Provenances to Adapt Tropical Pine Forestry to Climate Change on the Basis of Climate A.pdf,B1,C4,652.4725285661066,652.4725285661066,field-only scalar,,,False
"Goyal 等 - 2012 - Nonparametric Statistical Downscaling of Temperature, Precipitation, and Evaporation in a Semiarid R.pdf",A2,C5,102.7723603383973,102.7723603383973,field-only scalar,,,True
"Goyal 等 - 2012 - Nonparametric Statistical Downscaling of Temperature, Precipitation, and Evaporation in a Semiarid R.pdf",B1,C5,652.4725285661066,652.4725285661066,field-only scalar,,,False
Zhang 等 - 2023 - Responses of the Distribution Pattern of the Suitable Habitat of Juniperus tibetica Komarov t.pdf,HadGEM2-ES (RCP2.6),C1 (Below 1.5°C with no or limited overshoot),~900 Gt CO2,900.0,unit-bound scalar,~,,False
"Seidl 等 - 2008 - Does conversion of even-aged, secondary coniferous forests affect carbon sequestration A simulation.pdf",CS1,C1: limit warming to 1.5°C (>50%) with no or limited overshoot,-217.2939305257522,,excluded,,no unambiguous carbon-budget value,False
"Seidl 等 - 2008 - Does conversion of even-aged, secondary coniferous forests affect carbon sequestration A simulation.pdf",CS2,C2: return warming to 1.5°C (>50%) after a high overshoot,367.8556786067465,367.8556786067465,field-only scalar,,,False
Gerst 等 - 2014 - Contours of a Resilient Global Future.pdf,Policy Reform,C7: limit warming to 4°C (>50%),4631.628201551354,4631.628201551354,field-only scalar,,,False
"Baradevanal 等 - 2021 - Predicting the potential distribution of geographically-limited species,Apsylla cistellataBuc.pdf",RCP2.6,RCP2.6 equivalent (illustrative mitigation pathway),N/A (RCP framework),,excluded,,explicitly missing/unspecified,False
"Baradevanal 等 - 2021 - Predicting the potential distribution of geographically-limited species,Apsylla cistellataBuc.pdf",RCP4.5,C3,~3000 GtCO₂ from 1850-1900 (67% probability),3000.0,unit-bound scalar,~,,False
Tradowsky 等 - 2023 - A forecast-model-based extreme weather event attribution system developed for Aotearoa New Zealand.pdf,ALL,C2: return warming to 1.5°C (>50%) after a high overshoot,212.8537743020109,212.8537743020109,field-only scalar,,,False
Tradowsky 等 - 2023 - A forecast-model-based extreme weather event attribution system developed for Aotearoa New Zealand.pdf,NAT,C5: limit warming to 2.5°C (>50%),2125.417765920262,2125.417765920262,field-only scalar,,,False
Tradowsky 等 - 2023 - A forecast-model-based extreme weather event attribution system developed for Aotearoa New Zealand.pdf,ALL+,C2: return warming to 1.5°C (>50%) after a high overshoot,212.8537743020109,212.8537743020109,field-only scalar,,,False
Xin 等 - 2013 - Climate Change Projections over East Asia with BCC_CSM1.1 Climate Model under RCP Scenarios.pdf,RCP2.6,C1 (RCP2.6 / SSP1-2.6 equivalent),~1150 Gt CO2 (2020-2100),1150.0,unit-bound scalar,~,,False
Alam 等 - 2018 - Analysing the Co-Benefits of transport fleet and fuel policies in reducing PM2.5 and COs.pdf,Baseline Scenario,C7: limit warming to 4°C (>50%),4067.198904304981,4067.198904304981,field-only scalar,,,False
Li 等 - 2023 - Dynamics and controls of ecosystem multiserviceability across the Qingzang Plateau.pdf,PA,C3: limit warming to 2°C (>67%),893.060956844902,893.060956844902,field-only scalar,,,False
Hoel 等 - 2019 - Correcting the Climate Externality Pareto Improvements Across Generations and Regions.pdf,BAU,C7: limit warming to 4°C (>50%),4421.106912693341,4421.106912693341,field-only scalar,,,False
Hoel 等 - 2019 - Correcting the Climate Externality Pareto Improvements Across Generations and Regions.pdf,OPT,C3: limit warming to 2°C (>67%),893.060956844902,893.060956844902,field-only scalar,,,False
Lesk 等 - 2021 - Stronger temperature-moisture couplings exacerbate the impact of climate warming on global crop yiel.pdf,SSP2-4.5,C2,1300 GtCO₂ from 2020,1300.0,unit-bound scalar,,,False
Sone 等 - 2022 - Water Security in an Uncertain Future Contrasting Realities from an Availability-Demand Perspective.pdf,SSP2-4.5,C5,2744.812344177873,2744.812344177873,field-only scalar,,,False
Alizadeh和Hitchmough - 2020 - Designing sustainable urban landscape and meeting the challenge of climate change a study of plant.pdf,"CO2 concentration 900 PPM, 50% increase in precipitation, temperature ambient",C5: limit warming to 2.5°C (>50%),1793.871566014591,1793.871566014591,field-only scalar,,,False
Alizadeh和Hitchmough - 2020 - Designing sustainable urban landscape and meeting the challenge of climate change a study of plant.pdf,"CO2 concentration 900 PPM, 50% decrease in precipitation and temperature increase 3–5°C",C5: limit warming to 2.5°C (>50%),1793.871566014591,1793.871566014591,field-only scalar,,,False
Yuan 等 - 2025 - An Analysis of Uncertainties in Evaluating Future Climate Change Impacts on Cotton Production and Wa.pdf,SSP1-2.6,C3,~900 Gt CO2,900.0,unit-bound scalar,~,,False
Yuan 等 - 2025 - An Analysis of Uncertainties in Evaluating Future Climate Change Impacts on Cotton Production and Wa.pdf,SSP2-4.5,C4,2744.812344177873,2744.812344177873,field-only scalar,,,False
Benvenuti 等 - 2024 - Simulation of Daily Iron Intake by Actual Diet Considering Future Trends in Wheat and Rice Biofortif.pdf,Baseline scenario,C7: limit warming to 4°C (>50%),4067.198904304981,4067.198904304981,field-only scalar,,,False
Lu和Yang - 2021 - Using the anomaly forcing Community Land Model (CLM 4.5) for crop yield projections.pdf,1.5°C warming,C3,271.9704635822378,271.9704635822378,field-only scalar,,,False
Noori 等 - 2024 - A window to the future effects of climate change on the distribution patterns of Iranian Zygaenidae.pdf,Spp126,C3,~900 Gt CO2,900.0,unit-bound scalar,~,,False
Wuebbelmann 等 - 2023 - Urban flood regulating ecosystem services under climate change how can Nature-based Solutions contr.pdf,Reference 2011,C7,6016.054280938453,6016.054280938453,field-only scalar,,,False
Assis 等 - 2024 - Bio-ORACLE v3.0. Pushing marine data layers to the CMIP6 Earth System Models of climate change resea.pdf,SSP1-1.9,C1,~500 Gt CO2,500.0,unit-bound scalar,~,,False
Assis 等 - 2024 - Bio-ORACLE v3.0. Pushing marine data layers to the CMIP6 Earth System Models of climate change resea.pdf,SSP1-2.6,C3,~900 Gt CO2,900.0,unit-bound scalar,~,,False
Shi 等 - 2025 - Spatiotemporal simulation of suitable habitats for crested ibis in Huzhou city under climate change.pdf,SSP126,C1,400-600 GtCO2,500.0,unit-bound range midpoint,,,False
Shi 等 - 2025 - Spatiotemporal simulation of suitable habitats for crested ibis in Huzhou city under climate change.pdf,SSP245,C2,2744.812344177873,2744.812344177873,field-only scalar,,,True
John 等 - 2012 - Climate versus emission drivers of methane lifetime against loss by tropospheric OH from 1860-2100.pdf,RCP2.6,C3 (RCP equivalent),~900 Gt CO2,900.0,unit-bound scalar,~,,False
Alexandrov和Hoogenboom - 2000 - Vulnerability and adaptation assessments of agricultural crops under climate change in the Southeast.pdf,2°C GCM climate change scenarios for Georgia,C5,1793.871566014591,1793.871566014591,field-only scalar,,,False
"Frank 等 - 2021 - Pace, magnitude, and nature of terrestrial climate change through the end-Permian extinction in sout.pdf",CCSM3.0 simulations representing the pre-EPE latest Permian,C3,~900 Gt CO2,900.0,unit-bound scalar,~,,False
Fragkopoulou 等 - 2025 - Global Cold-Water Coral Biodiversity Redistribution Under Projected Climate Change.pdf,SSP1-1.9,C1,~500 Gt CO2,500.0,unit-bound scalar,~,,False
Fragkopoulou 等 - 2025 - Global Cold-Water Coral Biodiversity Redistribution Under Projected Climate Change.pdf,SSP3-7.0,C3b,Exceeded,,excluded,,no unambiguous carbon-budget value,False
"Tran 等 - 2025 - Coupling of SWAT and WEAP Models for Quantifying Water Supply, Demand and Balance Under Dual Impacts.pdf",SSP2-4.5,C3,2744.812344177873,2744.812344177873,field-only scalar,,,False
Jha 等 - 2021 - Assessment of Climatic Parameters for Future Climate Change in a Major Agricultural State in India.pdf,RCP2.6,C1 (SSP1-2.6),~500 Gt CO2,500.0,unit-bound scalar,~,,False
Gericke 等 - 2019 - Recent and Future Changes in Rainfall Erosivity and Implications for the Soil Erosion Risk in Brande.pdf,RCP4.5,C3-C4 (SSP2-4.5 equivalent),~1500-2000 GtCO₂ from 2020,1750.0,unit-bound range midpoint,~,,False
Gold 等 - 2024 - Exploring the Spatially Compounding Multi-Sectoral Drought Vulnerabilities in Colorado's West Slope.pdf,Baseline ensemble,C7: limit warming to 4°C (>50%),4067.198904304981,4067.198904304981,field-only scalar,,,False
Zhao 等 - 2015 - Effect of climate change on soil organic carbon in Inner Mongolia.pdf,A2,C5,102.7723603383973,102.7723603383973,field-only scalar,,,True
Zhao 等 - 2015 - Effect of climate change on soil organic carbon in Inner Mongolia.pdf,B2,C5,835.4639342141137,835.4639342141137,field-only scalar,,,False
"van Ruijven 等 - 2014 - Enhancing the relevance of Shared Socioeconomic Pathways for climate change impacts, adaptation and.pdf",SSP1-2.6,C1,~400-500 Gt CO2,450.0,unit-bound range midpoint,~,,False
Liu和Sang - 2013 - Potential productivity of the Miscanthus energy crop in the Loess Plateau of China under clim.pdf,A2,C5,102.7723603383973,102.7723603383973,field-only scalar,,,True
Liu和Sang - 2013 - Potential productivity of the Miscanthus energy crop in the Loess Plateau of China under clim.pdf,B2,C5,835.4639342141137,835.4639342141137,field-only scalar,,,False
Allen 等 - 2024 - An analytical framework for assessing climate transition risks an application to France.pdf,Baseline scenario: an orderly transition,C7: limit warming to 4°C (>50%),4067.198904304981,4067.198904304981,field-only scalar,,,False
Tarjuelo 等 - 2025 - Assessing Vulnerability of Relevant Sites for Amphibian Conservation Through Spatiotemporal Analyses.pdf,SSP1-2.6,C1,~400-600 Gt CO2,500.0,unit-bound range midpoint,~,,False
Bienvenido-Huertas 等 - 2022 - Influence of special report on emissions scenarios and the representative concentration pathways sce.pdf,B1,C4,652.4725285661066,652.4725285661066,field-only scalar,,,False
Bienvenido-Huertas 等 - 2022 - Influence of special report on emissions scenarios and the representative concentration pathways sce.pdf,A2,C4,102.7723603383973,102.7723603383973,field-only scalar,,,False
Bienvenido-Huertas 等 - 2022 - Influence of special report on emissions scenarios and the representative concentration pathways sce.pdf,RCP 2.6,RCP2.6,~900 Gt CO2,900.0,unit-bound scalar,~,,False
Lavender 等 - 2021 - Modelling the impacts of climate change on thermal habitat suitability for shallow-water marine fish.pdf,RCP4.5,C3 (Below 3°C),Approximately 650-1250 GtCO₂ from 2020 (IPCC AR6 C4 range),950.0,unit-bound range midpoint,,,False
Muller 等 - 2015 - Implications of climate mitigation for future agricultural production.pdf,RCP2.6,C1,~500 Gt CO2 from 2020,500.0,unit-bound scalar,~,,False
"Vandemeulebroucke 等 - 2021 - Factorial Study on the Impact of Climate Change on Freeze-Thaw Damage, Mould Growth and Wood Decay i.pdf",RCP2.6,C1,~500 Gt CO2,500.0,unit-bound scalar,~,,False
Wang 等 - 2016 - Locally Downscaled and Spatially Customizable Climate Data for Historical and Future Periods for Nor.pdf,RCP4.5,RCP4.5 (CMIP5),~650 GtCO₂ (2011-onwards),650.0,unit-bound scalar,~,,False
Stuenzi 等 - 2021 - Sensitivity of ecosystem-protected permafrost under changing boreal forest structures.pdf,RCP2.6,C1 (RCP equivalent),"~1000 Gt CO2 (2011-2100, approximate)",1000.0,unit-bound scalar,~,,False
Nampindo和Randhir - 2024 - Dynamic modeling of African elephant populations under changing climate and habitat loss across the.pdf,RCP2.6,C3 (RCP equivalent),~1000 Gt CO2,1000.0,unit-bound scalar,~,,False
Barnes 等 - 2024 - A Comparison of Regional Climate Projections With a Range of Climate Sensitivities.pdf,Global Warming Level (GWL) 2°C,C4,1793.871566014591,1793.871566014591,field-only scalar,,,False
"Biber 等 - 2020 - Forest Biodiversity, Carbon Sequestration, and Wood Production Modeling Synergies and Trade-Offs fo.pdf",Reference scenario,C5,6016.054280938453,6016.054280938453,field-only scalar,,,False
Zhang 等 - 2025 - Hydropower system in the Yarlung-Tsangpo Grand Canyon can mitigate flood disasters caused by climate.pdf,SSP126,C1,≈ 460 Gt CO₂ from 2020,460.0,unit-bound scalar,≈,,False
Touseef 等 - 2021 - Assessment of Surface Water Availability under Climate Change Using Coupled SWAT-WEAP in Hongshui Ri.pdf,Baseline scenario (2010),C7: limit warming to 4°C (>50%),4067.198904304981,4067.198904304981,field-only scalar,,,False
Touseef 等 - 2021 - Assessment of Surface Water Availability under Climate Change Using Coupled SWAT-WEAP in Hongshui Ri.pdf,Low Climate Change Extended Scenario (RCP-2.6),C1 (RCP equivalent),~900 Gt CO2,900.0,unit-bound scalar,~,,False
Zhang 等 - 2020 - Impact of Climate Change on the Distribution ofEuscaphis japonica(Staphyleaceae) Trees.pdf,RCP2.6,C3 (RCP equivalent),~900 Gt CO2,900.0,unit-bound scalar,~,,False
Chen 等 - 2022 - Combined effects of predicted climate and land use changes on future hydrological droughts in the Lu.pdf,RCP2.6,C1 (RCP equivalent),~300-500 Gt CO2,400.0,unit-bound range midpoint,~,,False
Konapala 等 - 2020 - Climate change will affect global water availability through compounding changes in seasonal precipi.pdf,RCP2.6,C2/C3 pathway (Below 2 °C),≈ 1150 Gt CO₂ post-2020 per IPCC AR6 Table-SPM-1,1150.0,unit-bound scalar,≈,,False
Vega 等 - 2025 - Effects of climate change on marine ecosystems in the southeastern Pacific multiple ocean stressors.pdf,SSP1-2.6,C3,~900 Gt CO2,900.0,unit-bound scalar,~,,False
Wang 等 - 2021 - Uncertainties in Riverine and Coastal Flood Impacts under Climate Change.pdf,RCP4.5,C5 (RCP equivalent),~1500-2000 GtCO₂ from 2020,1750.0,unit-bound range midpoint,~,,False
Afsari 等 - 2024 - A CMIP6 Multi-Model Analysis of the Impact of Climate Change on Severe Meteorological Droughts throu.pdf,SSP126,C1,~500 Gt CO2,500.0,unit-bound scalar,~,,False
Afsari 等 - 2024 - A CMIP6 Multi-Model Analysis of the Impact of Climate Change on Severe Meteorological Droughts throu.pdf,SSP245,C5,Not specified in source,,excluded,,no unambiguous carbon-budget value,False
"Xu 等 - 2016 - Scenario-based runoff prediction for the Kaidu River basin of the Tianshan Mountains, Northwest Chin.pdf",A2,C8,102.7723603383973,102.7723603383973,field-only scalar,,,True
"Xu 等 - 2016 - Scenario-based runoff prediction for the Kaidu River basin of the Tianshan Mountains, Northwest Chin.pdf",B2,C5,835.4639342141137,835.4639342141137,field-only scalar,,,False
"Xu 等 - 2016 - Scenario-based runoff prediction for the Kaidu River basin of the Tianshan Mountains, Northwest Chin.pdf",S1: Low Warming Scenario (0°C increase),C3: limit warming to 2°C (>67%),893.060956844902,893.060956844902,field-only scalar,,,False
"Xu 等 - 2016 - Scenario-based runoff prediction for the Kaidu River basin of the Tianshan Mountains, Northwest Chin.pdf",S2: Moderate Warming Scenario (0.5°C Increase),C4: limit warming to 2°C (>50%),1447.733517816087,1447.733517816087,field-only scalar,,,False
Altamimi和Kesuma - 2023 - Long-term Reliability and Degradation Analysis of a Microgrid with Wind Farms Subjected to Climate C.pdf,RCP2.6,C1,~600 Gt CO2 from 2020,600.0,unit-bound scalar,~,,False
Akbari-Alashti 等 - 2018 - Operation of two major reservoirs of Iran under IPCC scenarios during the XXI century.pdf,RCP2.6,C3 (RCP equivalent),~900 Gt CO2,900.0,unit-bound scalar,~,,False
Zulkafli 等 - 2016 - Projected increases in the annual flood pulse of the Western Amazon.pdf,RCP4.5,C4 (2°C),~1500 GtCO₂ from 2020,1500.0,unit-bound scalar,~,,False
Powers 等 - 2017 - A conservation assessment of Canada's boreal forest incorporating alternate climate change scenarios.pdf,B1,C4,652.4725285661066,652.4725285661066,field-only scalar,,,False
Powers 等 - 2017 - A conservation assessment of Canada's boreal forest incorporating alternate climate change scenarios.pdf,A2,C6,102.7723603383973,102.7723603383973,field-only scalar,,,True
Zhang 等 - 2025 - Joint effects of temperature and humidity on cotton yield vulnerability to verticillium wilt disease.pdf,SSP1-2.6,C1,~400 Gt CO2 from 2020,400.0,unit-bound scalar,~,,False
Abbas 等 - 2023 - Projection of precipitation extremes over South Asia from CMIP6 GCMs.pdf,SSP2-4.5,C5,2744.812344177873,2744.812344177873,field-only scalar,,,False
Andoh和Kaba - 2025 - Assessment and projection of climate change impact on Ghana's agricultural crops evidence from cass.pdf,SSP2,C5,325.2897925777136,325.2897925777136,field-only scalar,,,True
Andoh和Kaba - 2025 - Assessment and projection of climate change impact on Ghana's agricultural crops evidence from cass.pdf,SSP5-8.5,C8,325.3951167461587,325.3951167461587,field-only scalar,,,True
Suppan 等 - 2008 - Impact of Climate Change on Water Availability in the Near East.pdf,B2,C5,835.4639342141137,835.4639342141137,field-only scalar,,,False
Yang 等 - 2012 - Prioritization of water management under climate change and urbanization using multi-criteria decisi.pdf,A2,C5,102.7723603383973,102.7723603383973,field-only scalar,,,True
Bastien-Olvera 等 - 2024 - Unequal climate impacts on global values of natural capital.pdf,SSP2-6.0,C3,1150 GtCO₂,1150.0,unit-bound scalar,,,False
Lana 等 - 2018 - Is dry soil planting an adaptation strategy for maize cultivation in semi-arid Tanzania.pdf,RCP2.6,C3 (RCP equivalent),~900 Gt CO2,900.0,unit-bound scalar,~,,False
Koch和Kaplan - 2022 - Tropical forest restoration under future climate change.pdf,SSP2-45,C6,~1059 Gt CO2 from 2020,1059.0,unit-bound scalar,~,,False
Lemaitre-Basset 等 - 2022 - Unraveling the contribution of potential evaporation formulation to uncertainty under climate change.pdf,RCP2.6,SSP1-2.6,~900 Gt CO2,900.0,unit-bound scalar,~,,False
Zhang 等 - 2022 - Evaluating Spatiotemporal Variations of Groundwater-Surface Water Interaction Using an Integrated Hy.pdf,SSP2_4.5,C3,2744.812344177873,2744.812344177873,field-only scalar,,,False
Zhang 等 - 2022 - Evaluating Spatiotemporal Variations of Groundwater-Surface Water Interaction Using an Integrated Hy.pdf,SSP5_8.5,C8,~1150 GtCO2 from 2020 for 50% likelihood of limiting warming to 4°C,1150.0,unit-bound scalar,~,,False
Lima 等 - 2022 - Forecasting shifts in habitat suitability across the distribution range of a temperate small pelagic.pdf,RCP2.6,C3 (RCP equivalent),~900 Gt CO2,900.0,unit-bound scalar,~,,False
Mendoza-Ponce 等 - 2020 - Spatial prioritization for biodiversity conservation in a megadiverse country.pdf,Optimistic scenario,C3,~900 Gt CO2,900.0,unit-bound scalar,~,,False
Appelt 等 - 2023 - Climate change impacts on tree crop suitability in Southeast Asia.pdf,SSP1-2.6,C3,~900 Gt CO2,900.0,unit-bound scalar,~,,False
"Zhu 等 - 2020 - The Ontario Climate Data Portal, a user-friendly portal of Ontario-specific climate projections.pdf",RCP 2.6,C1 (SSP1-2.6 equivalent),~1000 Gt CO₂,1000.0,unit-bound scalar,~,,False
"Zhu 等 - 2020 - The Ontario Climate Data Portal, a user-friendly portal of Ontario-specific climate projections.pdf",RCP 8.5,AR5 RCP 8.5 (approx. equivalent to AR6 SSP5-8.5),N/A (RCP framework),,excluded,,explicitly missing/unspecified,False
Hasegawa 等 - 2015 - Consequence of Climate Mitigation on the Risk of Hunger.pdf,S1: Stringent Mitigation Scenario Based on RCP2.6,RCP2.6-based; SSP unspecified,893.060956844902,893.060956844902,field-only scalar,,,False
Hasegawa 等 - 2015 - Consequence of Climate Mitigation on the Risk of Hunger.pdf,S2 - Business-as-Usual (BaU) scenario based on RCP8.5,C8,1447.733517816087,1447.733517816087,field-only scalar,,,False
Barman 等 - 2024 - A combined impact assessment of climate and land useland cover change in an Eastern Himalayan water.pdf,RCP4.5,C5 (RCP equivalent),~3000 GtCO₂ from 2020,3000.0,unit-bound scalar,~,,False
Hong 等 - 2022 - Application of integrated Korean forest growth dynamics model to meet NDC target by considering fore.pdf,RCP 8.5,SSP5-8.5,Very high (>2000 GtCO2 from 2020),2000.0,unit-bound scalar,>,,False
"Liu 等 - 2019 - Modification Effects of Population Expansion, Ageing, and Adaptation on Heat-Related Mortality Risks.pdf",RCP2.6,C1 (RCP equivalent),~400-500 Gt CO2 from 2020,450.0,unit-bound range midpoint,~,,False
"Yokohata 等 - 2020 - MIROC-INTEG-LAND version 1 a global biogeochemical land surface model with human water management,.pdf",RCP2.6,C3 (RCP equivalent),~1000 Gt CO2,1000.0,unit-bound scalar,~,,False
"van Niekerk 等 - 2022 - Mapping the biotic degradation hazard of wood in Europe - biophysical background, engineering applic.pdf",RCP2.6,C1,~400-500 Gt CO2,450.0,unit-bound range midpoint,~,,False
Alava 等 - 2018 - Projected amplification of food web bioaccumulation of MeHg and PCBs under climate change in the Nor.pdf,RCP2.6,C3 (RCP equivalent),~900 Gt CO2,900.0,unit-bound scalar,~,,False
Xie 等 - 2019 - Role of market agents in mitigating the climate change effects on food economy.pdf,RCP 2.6 - Strong Mitigation Scenario,C3 (RCP equivalent),~900 Gt CO2,900.0,unit-bound scalar,~,,False
Sirois-Delisle和Kerr - 2018 - Climate change-driven range losses among bumblebee species are poised to accelerate.pdf,RCP2.6,C1,~500 Gt CO2 (from 2020 for 1.5°C with 50% probability),500.0,unit-bound scalar,~,,False
Sirois-Delisle和Kerr - 2018 - Climate change-driven range losses among bumblebee species are poised to accelerate.pdf,RCP8.5,SSP5-8.5,~7000 GtCO2 2015-2100,7000.0,unit-bound scalar,~,,False
Perera 等 - 2020 - Quantifying the impacts of climate change and extreme climate events on energy systems.pdf,P3-3,C5: limit warming to 2.5°C (>50%),1355.966163283747,1355.966163283747,field-only scalar,,,False
Sarvina 等 - 2022 - Climatic Suitability for Robusta Coffee in West Lampung Under Climate Change.pdf,RCP 2.6,SSP1-2.6,~900 Gt CO2,900.0,unit-bound scalar,~,,False
Jones 等 - 2016 - Simulating the Earth system response to negative emissions.pdf,RCP2.6,C3 (RCP equivalent),~900 Gt CO2,900.0,unit-bound scalar,~,,False
von Lampe 等 - 2014 - Why do global long-term scenarios for agriculture differ An overview of the AgMIP Global Economic M.pdf,SSP2,C5,325.2897925777136,325.2897925777136,field-only scalar,,,True
von Lampe 等 - 2014 - Why do global long-term scenarios for agriculture differ An overview of the AgMIP Global Economic M.pdf,SSP3,C7,5565.348400074735,5565.348400074735,field-only scalar,,,False
von Lampe 等 - 2014 - Why do global long-term scenarios for agriculture differ An overview of the AgMIP Global Economic M.pdf,RCP8.5,C8 (High GHG emissions),~1150 GtCO₂ (from 2020 for 2°C 50% chance),1150.0,unit-bound scalar,~,,False
Piquet 等 - 2021 - Could climate change benefit invasive snakes Modelling the potential distribution of the California.pdf,RCP 2.6,C3,~900 Gt CO2,900.0,unit-bound scalar,~,,False
Clayton 等 - 2024 - The co-benefits of a low-carbon future for PM2.5 and O3 air pollution in Europ.pdf,SSP1-2.6,C1,~400-500 Gt CO2 from 2020,450.0,unit-bound range midpoint,~,,False
Clayton 等 - 2024 - The co-benefits of a low-carbon future for PM2.5 and O3 air pollution in Europ.pdf,SSP2-4.5,C3,2744.812344177873,2744.812344177873,field-only scalar,,,False
Holz 等 - 2018 - Ratcheting ambition to limit warming to 1.5 °C-trade-offs between emission reductions and carbon dio.pdf,allCDR,C4,212.8537743020109,212.8537743020109,field-only scalar,,,False
Holz 等 - 2018 - Ratcheting ambition to limit warming to 1.5 °C-trade-offs between emission reductions and carbon dio.pdf,limCDR,C2: return warming to 1.5°C (>50%) after a high overshoot,294.0204260375761,294.0204260375761,field-only scalar,,,False
Holz 等 - 2018 - Ratcheting ambition to limit warming to 1.5 °C-trade-offs between emission reductions and carbon dio.pdf,noCDR,C1: limit warming to 1.5°C (>50%) with no or limited overshoot,271.4501667116419,271.4501667116419,field-only scalar,,,False
Frame 等 - 2019 - Emissions and emergence a new index comparing relative contributions to climate change with relativ.pdf,RCP2.6,C1 (RCP equivalent),~900 Gt CO,3297.6,unit-bound scalar,~,,True
Moore 等 - 2024 - Multi-Model Simulation of Solar Geoengineering Indicates Avoidable Destabilization of the West Antar.pdf,SSP2-4.5,C3,1000-1500 GtCO₂,1250.0,unit-bound range midpoint,,,False
Nelson 等 - 2014 - Agriculture and climate change in global scenarios why don't the models agree.pdf,S1,C3: limit warming to 2°C (>67%),893.060956844902,893.060956844902,field-only scalar,,,False
Nelson 等 - 2014 - Agriculture and climate change in global scenarios why don't the models agree.pdf,S4,C8,Approximately 1150-1400 GtCO2 from 2020,1275.0,unit-bound range midpoint,,,False
Flannigan 等 - 2000 - Climate change and forest fires.pdf,2xCO2 Equilibrium Sensitivity Experiment,C5,1793.871566014591,1793.871566014591,field-only scalar,,,False
Mutlu 等 - 2025 - Comparing traditional hydrological forecasting models with CatBoost algorithm insights from CMIP6 c.pdf,SSP1-2.6,C1,942.4855433794125,942.4855433794125,field-only scalar,,,False
Mutlu 等 - 2025 - Comparing traditional hydrological forecasting models with CatBoost algorithm insights from CMIP6 c.pdf,SSP2-4.5,C2,2744.812344177873,2744.812344177873,field-only scalar,,,True
Guo 等 - 2016 - Projecting future temperature-related mortality in three largest Australian cities.pdf,A2,C5,102.7723603383973,102.7723603383973,field-only scalar,,,True
Guo 等 - 2016 - Projecting future temperature-related mortality in three largest Australian cities.pdf,B1,C5,652.4725285661066,652.4725285661066,field-only scalar,,,False
Liu 等 - 2021 - Health Benefits of Emission Reduction under 1.5 °C Pathways Far Outweigh Climate-Related Variations.pdf,SSP126,C3,~500 Gt CO2,500.0,unit-bound scalar,~,,False
Aryal 等 - 2022 - Assessing the Implication of Climate Change to Forecast Future Flood Using CMIP6 Climate Projections.pdf,SSP126,C1,~500 Gt CO2,500.0,unit-bound scalar,~,,False
Harmsen 等 - 2020 - Co-benefits of black carbon mitigation for climate and air quality.pdf,SSP2_26,C1,1150.0,1150.0,field-only scalar,,,False
Harmsen 等 - 2020 - Co-benefits of black carbon mitigation for climate and air quality.pdf,SSP3_34,C7,1355.966163283747,1355.966163283747,field-only scalar,,,False
Hauer 等 - 2024 - Climate migration amplifies demographic change and population aging.pdf,RCP4.5-SSP2,C3 (Below 3°C),~3000 GtCO₂ from 2020,3000.0,unit-bound scalar,~,,False
Poddar 等 - 2023 - Assessing Australia's future solar power ramps with climate projections.pdf,RCP8.5,C8 (High GHG emissions) - SSP5-8.5,N/A (emissions continue to rise),,excluded,,explicitly missing/unspecified,False
Manso 等 - 2014 - Modelling Pinus pinea forest management to attain natural regeneration under present and futu.pdf,A2,C5,102.7723603383973,102.7723603383973,field-only scalar,,,True
Stranges 等 - 2019 - Potential changes in the distribution of the genus Pocillopora (Anthozoa Scleracti.pdf,RCP2.6,C1,~300-500 Gt CO2,400.0,unit-bound range midpoint,~,,False
Ahmed 等 - 2016 - Agriculture and food security challenge of climate change a dynamic analysis for policy selection.pdf,Baseline scenario,C7: limit warming to 4°C (>50%),4067.198904304981,4067.198904304981,field-only scalar,,,False
Maqsood 等 - 2022 - Application of Artificial Neural Networks to Project Reference Evapotranspiration Under Climate Chan.pdf,RCP2.6,Low (RCP2.6),~900 Gt CO2,900.0,unit-bound scalar,~,,False
Kleinen 等 - 2021 - Atmospheric methane underestimated in future climate projections.pdf,SSP1-1.9,C1,~500 Gt CO2,500.0,unit-bound scalar,~,,False
Kleinen 等 - 2021 - Atmospheric methane underestimated in future climate projections.pdf,SSP1-2.6,C3,~900 Gt CO2,900.0,unit-bound scalar,~,,False
Kleinen 等 - 2021 - Atmospheric methane underestimated in future climate projections.pdf,SSP2-4.5,C5,2400 GtCO2,2400.0,unit-bound scalar,,,False
Garcia-Garcia 等 - 2025 - Modelling past and future demography of silver fir forests affected by dieback through genomic and d.pdf,RCP2.6,C3 (RCP equivalent),~900 Gt CO2,900.0,unit-bound scalar,~,,False
Dhage 等 - 2017 - Development of daily temperature scenarios and their impact on paddy crop evapotranspiration in Kang.pdf,RCP2.6,C3 (RCP equivalent),~900 Gt CO2,900.0,unit-bound scalar,~,,False
"Emam 等 - 2015 - Assessing the impact of climate change on water resources, crop production and land degradation in a.pdf",B1,C4,652.4725285661066,652.4725285661066,field-only scalar,,,False
"Emam 等 - 2015 - Assessing the impact of climate change on water resources, crop production and land degradation in a.pdf",A2,C5,102.7723603383973,102.7723603383973,field-only scalar,,,True
"Leng和Hall - 2020 - Predicting spatial and temporal variability in crop yields an inter-comparison of machine learning,.pdf",2°C global warming scenario,C5,1793.871566014591,1793.871566014591,field-only scalar,,,False
"Leng和Hall - 2020 - Predicting spatial and temporal variability in crop yields an inter-comparison of machine learning,.pdf",1.5°C global warming scenario,C4,271.9704635822378,271.9704635822378,field-only scalar,,,False
Yu 等 - 2019 - Projecting impacts of climate change on global terrestrial ecoregions.pdf,RCP2.6,C3 (RCP equivalent),400-600 Gt CO2,500.0,unit-bound range midpoint,,,False
Ray 等 - 2025 - Risk of extreme climate impacts on European Norway spruce forest drought and frost in the climate e.pdf,PGWT +2°C,C6,1793.871566014591,1793.871566014591,field-only scalar,,,False
Zhao 等 - 2025 - Current and Future Geographical Distribution and Potential Habitat of Carpinus fangiana Hu (B.pdf,SSP2-4.5,C4,1150 GtCO2,1150.0,unit-bound scalar,,,False
Zhao 等 - 2025 - Current and Future Geographical Distribution and Potential Habitat of Carpinus fangiana Hu (B.pdf,SSP3-7.0,C7,approximately 2850 GtCO₂ for 2018-2100,2850.0,unit-bound scalar,,,False
Vieira 等 - 2018 - Effect of climate change on distribution of species of common horned frogs in South America.pdf,A2,C5,102.7723603383973,102.7723603383973,field-only scalar,,,True
Sun 等 - 2020 - Predicting impacts of future climate change and hydropower development towards habitats of native an.pdf,Current-RCP2.6,RCP2.6,~1000 Gt CO2,1000.0,unit-bound scalar,~,,False
Sun 等 - 2020 - Predicting impacts of future climate change and hydropower development towards habitats of native an.pdf,Dam-RCP2.6,C3 (RCP equivalent),~900 Gt CO2,900.0,unit-bound scalar,~,,False
Bentley 等 - 2019 - Range contraction to a higher elevation the likely future of the montane vegetation in South Africa.pdf,A2 climate change scenario,C5,1793.871566014591,1793.871566014591,field-only scalar,,,False
Ahmed 等 - 2015 - Potential impact of climate change on cereal crop yield in West Africa.pdf,RCP8.5,C8 (SSP5-8.5),Not applicable (no carbon budget constraint),,excluded,,no unambiguous carbon-budget value,False
Back 等 - 2025 - Current Interventions Are Inadequate to Maintain Cities' Resilience During Concurrent Drought and Ex.pdf,RCP2.6,C1,~1000 Gt CO2 (from 2018),1000.0,unit-bound scalar,~,,False
Asadollah 等 - 2022 - Application of ensemble machine learning model in downscaling and projecting climate variables over.pdf,SSP245,C3,1150 GtCO₂,1150.0,unit-bound scalar,,,False
Shadkam 等 - 2016 - Preserving the world second largest hypersaline lake under future irrigation and climate change.pdf,RCP2.6,C1,~400-600 Gt CO2,500.0,unit-bound range midpoint,~,,False
Kourtis 等 - 2025 - Methodological Framework for the Evaluation of Climate Change Impacts on Rural Basins Using the GR2M.pdf,SSP1-2.6,C3,~900 Gt CO2,900.0,unit-bound scalar,~,,False
Liang 等 - 2022 - Madden-Julian Oscillation-induced extreme rainfalls constrained by global warming mitigation.pdf,SSP2-4.5,C5,2744.812344177873,2744.812344177873,field-only scalar,,,False
Liang 等 - 2022 - Madden-Julian Oscillation-induced extreme rainfalls constrained by global warming mitigation.pdf,SSP1-2.6,C3,900 Gt CO2,900.0,unit-bound scalar,,,False
Cholakian 等 - 2019 - Future climatic drivers and their effect on PM10 components in Europe and the Mediterrane.pdf,RCP2.6,C1,~1000 Gt CO2,1000.0,unit-bound scalar,~,,False
Lorenz 等 - 2022 - Impact of climate change on West Nile virus distribution in South America.pdf,RCP 2.6,C1 (SSP1-2.6),~400-500 Gt CO2 (from 2020),450.0,unit-bound range midpoint,~,,False
Zhang 等 - 2025 - Predicting Range Shifts in the Distribution of ArcticBoreal Plant Species Under Climate Change Scen.pdf,SSP126,C1,~500 Gt CO2,500.0,unit-bound scalar,~,,False
Zhang 等 - 2025 - Predicting Range Shifts in the Distribution of ArcticBoreal Plant Species Under Climate Change Scen.pdf,SSP245,C3,1150,1150.0,field-only scalar,,,False
"Yuan 等 - 2018 - Spatial optimization of the food, energy, and water nexus A life cycle assessment-based approach.pdf",RCP2.6,SSP1-2.6,~400-600 Gt CO2,500.0,unit-bound range midpoint,~,,False
Nie 等 - 2025 - Optimal Planting Areas of Sea Buckthorn (Hippophae rhamnoides) Under the Influences of Climat.pdf,SSP126,C1,942.4855433794125,942.4855433794125,field-only scalar,,,False
Beigaite 等 - 2022 - Identifying climate thresholds for dominant natural vegetation types at the global scale using machi.pdf,RCP2.6,C1 (Below 1.5°C with no or limited overshoot),~500 Gt CO2 from 2020,500.0,unit-bound scalar,~,,False
Keysser和Lenzen - 2021 - 1.5°C degrowth scenarios suggest the need for new mitigation pathways.pdf,Degrowth,C1,~500 Gt CO2,500.0,unit-bound scalar,~,,False
Keysser和Lenzen - 2021 - 1.5°C degrowth scenarios suggest the need for new mitigation pathways.pdf,Degrowth-FullNETs,C1,~500 Gt CO2,500.0,unit-bound scalar,~,,False
Lei 等 - 2023 - Co-benefits of carbon neutrality in enhancing and stabilizing solar and wind energy.pdf,SSP2-4.5,C5,~1200 GtCO₂,1200.0,unit-bound scalar,~,,False
Abadie - 2018 - Sea level damage risk with probabilistic weighting of IPCC scenarios An application to major coasta.pdf,"Equal Probability Scenario (25% RCP 2.6, 50% RCP 4.5, 25% RCP 8.5)",C3 (RCP equivalent),~900 Gt CO2,900.0,unit-bound scalar,~,,False
Shkolnik - 2009 - Climate in the Late Twentieth and Twenty-First Centuries over the Northern Eurasia RCM and CMIP3 Si.pdf,A2,C5,102.7723603383973,102.7723603383973,field-only scalar,,,True
Bayer 等 - 2021 - Diverging land-use projections cause large variability in their impacts on ecosystems and related in.pdf,SSP2-4.5,C3,2744.812344177873,2744.812344177873,field-only scalar,,,False
Jiang 等 - 2025 - Incorporating genetic load contributes to predicting Arabidopsis thaliana's response to clima.pdf,SSP245,C3,1400 GtCO₂ from 2020,1400.0,unit-bound scalar,,,False
Huang 等 - 2020 - Assessment of the economic cascading effect on future climate change in China Evidence from agricul.pdf,Economic cascading effect due to 2°C increase in annual mean temperature (AMT),C4,1793.871566014591,1793.871566014591,field-only scalar,,,False
Spence 等 - 2022 - Synthesizing Empirical and Modelling Studies to Predict Past and Future Primary Production in the No.pdf,SSP585,C8,Very large,,excluded,,no unambiguous carbon-budget value,False
"Zhou - 2025 - The extreme climate event change trend forecast in the Huaihe River Basin, China.pdf",RCP2.6,C1 (SSP1-2.6 equivalent),~500 Gt CO2 from 2020 for 1.5°C with 50% likelihood,500.0,unit-bound scalar,~,,False
Zhao Zi-Jian 等 - 2020 - Global climate damage in 2 °C and 1.5 °C scenarios based on BCC_SESM model in IAM framework.pdf,2°C scenario,C3,1793.871566014591,1793.871566014591,field-only scalar,,,False
Zhao Zi-Jian 等 - 2020 - Global climate damage in 2 °C and 1.5 °C scenarios based on BCC_SESM model in IAM framework.pdf,1.5°C scenario,C1,271.9704635822378,271.9704635822378,field-only scalar,,,False
Wotton 等 - 2003 - Climate change and people-caused forest fire occurrence in Ontario.pdf,2×CO2 scenario,C5,1793.871566014591,1793.871566014591,field-only scalar,,,False
Huisman 等 - 2025 - Projections of climate change vulnerability along the Shared Socioeconomic Pathways 2020-2100.pdf,SSP1 - the ‘green road’ pathway,C3,942.4855433794125,942.4855433794125,field-only scalar,,,False
Huisman 等 - 2025 - Projections of climate change vulnerability along the Shared Socioeconomic Pathways 2020-2100.pdf,SSP2 - Middle of the Road Scenario,C5,325.2897925777136,325.2897925777136,field-only scalar,,,True
Huisman 等 - 2025 - Projections of climate change vulnerability along the Shared Socioeconomic Pathways 2020-2100.pdf,SSP3: The Rocky Road Pathway,C7,5565.348400074735,5565.348400074735,field-only scalar,,,False
Corning 等 - 2024 - Anticipating Future Risks of Climate-Driven Wildfires in Boreal Forests.pdf,RCP2.6,C1 (Below 2°C),~500 Gt CO2,500.0,unit-bound scalar,~,,False
Pecquet 等 - 2022 - Combining Ecological Niche Models and ecosystem services indicators to assess impacts of climate cha.pdf,RCP2.6,C2 (SSP1-2.6 equivalent),~900 Gt CO2 from 2020 onward for a 67 % chance of staying below ~1.8 °C,900.0,unit-bound scalar,~,,False
"Lu 等 - 2018 - Marginal abatement cost curves for REDD plus in Kalimantan, Indonesia and the potential role of cost.pdf",BAU,C7: limit warming to 4°C (>50%),4421.106912693341,4421.106912693341,field-only scalar,,,False
"Yazdani 等 - 2021 - Analyzing climate change and its effects on drought and water scarcity (case study Ardabil, Northwe.pdf",A2,C5,102.7723603383973,102.7723603383973,field-only scalar,,,True
"van der Kolk 等 - 2016 - Potential Arctic tundra vegetation shifts in response to changing temperature, precipitation and per.pdf",RCP2.6,C1 (RCP equivalent),~500 Gt CO2,500.0,unit-bound scalar,~,,False
Mejean 等 - 2023 - Opposite ethical views converge under the threat of catastrophic climate change.pdf,b=10−7 per annum per °C,C4,400 GtCO2,400.0,unit-bound scalar,,,False
Gala 等 - 2025 - A method for preliminary assessment of the vulnerability to climate change of tree species for urban.pdf,SSP126,C1,400-1000 GtCO₂ from 2020,700.0,unit-bound range midpoint,,,False
Kravitz 等 - 2013 - An energetic perspective on hydrological cycle changes in the Geoengineering Model Intercomparison P.pdf,G1,C2: return warming to 1.5°C (>50%) after a high overshoot,602.1546766650441,602.1546766650441,field-only scalar,,,False
Sy和Quesada - 2020 - Anthropogenic land cover change impact on climate extremes during the 21st century.pdf,RCP2.6,C1,~400-500 Gt CO2,450.0,unit-bound range midpoint,~,,False
Lopez-Moreno 等 - 2008 - Environmental change and water management in the Pyrenees Facts and future perspectives for Medite.pdf,A2,C5,102.7723603383973,102.7723603383973,field-only scalar,,,True
Sommerfeld 等 - 2021 - Do bark beetle outbreaks amplify or dampen future bark beetle disturbances in Central Europe.pdf,Baseline climate scenario (BC),C7: limit warming to 4°C (>50%),4067.198904304981,4067.198904304981,field-only scalar,,,False
Erk 等 - 2019 - Cost Impact of Climate Change on Agricultural Production in Turkey.pdf,A2,C7,102.7723603383973,102.7723603383973,field-only scalar,,,True
Yao 等 - 2007 - Assessing the impacts of climate change on rice yields in the main rice areas of China.pdf,B2,C5,835.4639342141137,835.4639342141137,field-only scalar,,,False
Ballinger 等 - 2023 - The Importance of Accounting for the North Atlantic Oscillation When Applying Observational Constrai.pdf,SSP5-85,SSP5-8.5,Exhausted (high emissions pathway),,excluded,,no unambiguous carbon-budget value,False
Anapalli 等 - 2021 - Vulnerabilities of irrigated and rainfed corn to climate change in a humid climate in the Lower Miss.pdf,RCP2.6,C3 (RCP equivalent),~900 Gt CO2,900.0,unit-bound scalar,~,,False
Koen和Van der Zwaan - 2006 - Atmospheric and geological CO2 damage costs in energy scenarios.pdf,550ppmv CO2 concentration constraint,C3,1793.871566014591,1793.871566014591,field-only scalar,,,False
"Sitch 等 - 2008 - Evaluation of the terrestrial carbon cycle, future plant geography and climate-carbon cycle feedback.pdf",A2,C7,102.7723603383973,102.7723603383973,field-only scalar,,,True
Guan 等 - 2025 - Declining Predictions of Net Ecosystem Production in US Rivers and Streams Throughout the 21st Centu.pdf,SSP1-2.6,C3,~900 Gt CO2,900.0,unit-bound scalar,~,,False
Santer 等 - 2003 - Influence of satellite data uncertainties on the detection of externally forced climate change.pdf,ALL,C2: return warming to 1.5°C (>50%) after a high overshoot,212.8537743020109,212.8537743020109,field-only scalar,,,False
Magnan 等 - 2021 - Estimating the global risk of anthropogenic climate change.pdf,RCP2.6,C1 (RCP equivalent),~1000 Gt CO2,1000.0,unit-bound scalar,~,,False
King 等 - 2017 - Australian climate extremes at 1.5 °C and 2 °C of global warming.pdf,1.5°C world,C4,271.9704635822378,271.9704635822378,field-only scalar,,,False
King 等 - 2017 - Australian climate extremes at 1.5 °C and 2 °C of global warming.pdf,2°C world,C6,1793.871566014591,1793.871566014591,field-only scalar,,,False
Touseef 等 - 2020 - Assessment of the Future Climate Change Projections on Streamflow Hydrology and Water Availability o.pdf,RCP-2.6,C3 (RCP equivalent),~550-900 Gt CO2,725.0,unit-bound range midpoint,~,,False
Touseef 等 - 2020 - Assessment of the Future Climate Change Projections on Streamflow Hydrology and Water Availability o.pdf,RCP-8.5,High (SSP5-8.5),Very high emissions pathway,,excluded,,no unambiguous carbon-budget value,False
Dash 等 - 2021 - A hydrological modelling-based approach for vulnerable area identification under changing climate sc.pdf,RCP2.6,C1,~500 Gt CO₂ from 2020,500.0,unit-bound scalar,~,,False
Dash 等 - 2021 - A hydrological modelling-based approach for vulnerable area identification under changing climate sc.pdf,RCP4.5,C3 (Below 3°C),~1400-2000 GtCO₂ from 2020,1700.0,unit-bound range midpoint,~,,False
Dash 等 - 2021 - A hydrological modelling-based approach for vulnerable area identification under changing climate sc.pdf,RCP6.0,C3 (Below 3°C),1200-1400 GtCO₂ from 2020,1300.0,unit-bound range midpoint,,,False
Khalilian和Shahvari - 2019 - A SWAT Evaluation of the Effects of Climate Change on Renewable Water Resources in Salt Lake Sub-Bas.pdf,A2,C6,102.7723603383973,102.7723603383973,field-only scalar,,,True
Khalilian和Shahvari - 2019 - A SWAT Evaluation of the Effects of Climate Change on Renewable Water Resources in Salt Lake Sub-Bas.pdf,B1,C5,652.4725285661066,652.4725285661066,field-only scalar,,,False
Akpan和Olanrewaju - 2024 - A Novel Evaluation Approach for Emissions Mitigation Budgets and Planning towards 1.5 °C and Alterna.pdf,1.5°C Scenario,C1,~500 Gt CO2,500.0,unit-bound scalar,~,,False
Vasconcelos 等 - 2018 - Expected impacts of climate change threaten the anuran diversity in the Brazilian hotspots.pdf,RCP2.6,C3 (RCP equivalent),~900 Gt CO2,900.0,unit-bound scalar,~,,False
"Alamery 等 - 2025 - Bayesian Projections of Shoreline Retreat Under Climate Change Along the Arid Coast of Duba, Saudi A.pdf",SSP1-2.6,C3,~900 Gt CO2,900.0,unit-bound scalar,~,,False
"Alamery 等 - 2025 - Bayesian Projections of Shoreline Retreat Under Climate Change Along the Arid Coast of Duba, Saudi A.pdf",SSP2-4.5,C3,2744.812344177873,2744.812344177873,field-only scalar,,,False
Filazzola 等 - 2024 - The great urban shift Climate change is predicted to drive mass species turnover in cities.pdf,SSP1-26,C1,~900 Gt CO2,900.0,unit-bound scalar,~,,False
Wang 等 - 2017 - Modelling plant invasion pathways in protected areas under climate change implication for invasion.pdf,RCP4.5,C4 (SSP2-4.5 / RCP4.5 equivalent),See AR6 WGIII Table SPM.2,,excluded,,no unambiguous carbon-budget value,False
Mendelsohn 等 - 2000 - Country-specific market impacts of climate change.pdf,IS92c,C3,~900 Gt CO2,900.0,unit-bound scalar,~,,False
Zhang 等 - 2024 - Potential planting regions of Pterocarpus santalinus (Fabaceae) under current and future clim.pdf,SSPs126,"C1 (likely below 2 °C, no or low overshoot of 1.5 °C)",≈ 450 GtCO₂ (2020-level),450.0,unit-bound scalar,≈,,False
Yoon 等 - 2023 - Changes in the Urban Hydrological Cycle of the Future Using Low-Impact Development Based on Shared S.pdf,SSP5-8.5,C8,Very high,,excluded,,no unambiguous carbon-budget value,False
Bousfield 等 - 2024 - Climate change will exacerbate land conflict between agriculture and timber production.pdf,RCP 2.6,C1,~400 Gt CO₂ (2020 onward),400.0,unit-bound scalar,~,,False
Le Mouel 等 - 2023 - Can the Middle East-North Africa region mitigate the rise of its food import dependency under climat.pdf,Ref,C7: limit warming to 4°C (>50%),4631.628201551354,4631.628201551354,field-only scalar,,,False
Le Mouel 等 - 2023 - Can the Middle East-North Africa region mitigate the rise of its food import dependency under climat.pdf,Ref with CC,C8,4631.628201551354,4631.628201551354,field-only scalar,,,False
Lutz 等 - 2019 - South Asian river basins in a 1.5°C warmer world.pdf,1.5 °C scenario,C1,~500 Gt CO2,500.0,unit-bound scalar,~,,False
Ferreira 等 - 2019 - Can forests buffer negative impacts of land-use and climate changes on water ecosystem services The.pdf,Baseline,C7: limit warming to 4°C (>50%),4067.198904304981,4067.198904304981,field-only scalar,,,False
Ferreira 等 - 2019 - Can forests buffer negative impacts of land-use and climate changes on water ecosystem services The.pdf,50% Reforestation w/o CC,C7: limit warming to 4°C (>50%),4631.628201551354,4631.628201551354,field-only scalar,,,False
Ferreira 等 - 2019 - Can forests buffer negative impacts of land-use and climate changes on water ecosystem services The.pdf,100% Reforestation w/o CC,C7: limit warming to 4°C (>50%),4631.628201551354,4631.628201551354,field-only scalar,,,False
Ferreira 等 - 2019 - Can forests buffer negative impacts of land-use and climate changes on water ecosystem services The.pdf,50% Reforestation with CC,C7: limit warming to 4°C (>50%),4631.628201551354,4631.628201551354,field-only scalar,,,False
Ferreira 等 - 2019 - Can forests buffer negative impacts of land-use and climate changes on water ecosystem services The.pdf,100% Reforestation with CC,C7: limit warming to 4°C (>50%),4631.628201551354,4631.628201551354,field-only scalar,,,False
He 等 - 2025 - Evaluating the Impacts of Hydrogen Energy Storage on Enhancing Power System Flexibility Under Climat.pdf,SSP5-3.4OS,C3,1743.828671285641,1743.828671285641,field-only scalar,,,False
Fu 等 - 2023 - Attribution of air temperature and precipitation to the future global drought events.pdf,SSP245,C3,2744.812344177873,2744.812344177873,field-only scalar,,,False
Ahmadi 等 - 2024 - Protecting alpine biodiversity in the Middle East from climate change Implications for high-elevati.pdf,SSP2-4.5,C3,2744.812344177873 (Study-specific calculation),2744.812344177873,field-only scalar,,,False
Xie 等 - 2022 - Tripling of western US particulate pollution from wildfires in a warming climate.pdf,SSP1-2.6,C1,~900 Gt CO2,900.0,unit-bound scalar,~,,False
Xie 等 - 2022 - Tripling of western US particulate pollution from wildfires in a warming climate.pdf,SSP2-4.5,C5,2744.812344177873,2744.812344177873,field-only scalar,,,False
Xie 等 - 2022 - Tripling of western US particulate pollution from wildfires in a warming climate.pdf,SSP5-8.5,C8,Not applicable,,excluded,,no unambiguous carbon-budget value,False
Picazo 等 - 2020 - Climate mediates continental scale patterns of stream microbial functional diversity.pdf,RCP2.6,C1 (SSP1-2.6 equivalent),~500 Gt CO2 from 2020 (for 1.5°C with 50% chance),500.0,unit-bound scalar,~,,False
Zhang 等 - 2016 - Using multi-model ensembles to improve the simulated effects of land usecover change on temperature.pdf,NE,C7: limit warming to 4°C (>50%),2994.686676976194,2994.686676976194,field-only scalar,,,False
Zhang和Yang - 2018 - Applying a Multi-Model Ensemble Method for Long-Term Runoff Prediction under Climate Change Scenario.pdf,A2,C6,102.7723603383973,102.7723603383973,field-only scalar,,,True
Zhang和Yang - 2018 - Applying a Multi-Model Ensemble Method for Long-Term Runoff Prediction under Climate Change Scenario.pdf,B1,C3,652.4725285661066,652.4725285661066,field-only scalar,,,False
Yousefi 等 - 2017 - Habitat suitability and impacts of climate change on the distribution of wintering population of Asi.pdf,RCP2.6,"N/A – legacy RCP scenario, not SSP-RCP combination",~900 Gt CO2,900.0,unit-bound scalar,~,,False
Maurer 等 - 2009 - Climate model based consensus on the hydrologic impacts of climate change to the Rio Lempa basin of.pdf,B1,C5,652.4725285661066,652.4725285661066,field-only scalar,,,False
Maurer 等 - 2009 - Climate model based consensus on the hydrologic impacts of climate change to the Rio Lempa basin of.pdf,A2,C6,102.7723603383973,102.7723603383973,field-only scalar,,,True
du Pontavice 等 - 2023 - Climate-induced changes in ocean productivity and food-web functioning are projected to markedly aff.pdf,RCP4.5,C4 (RCP equivalent),Not specified in paper,,excluded,,no unambiguous carbon-budget value,False
Zema 等 - 2022 - Modelling Water Flow and Soil Erosion in Mediterranean Headwaters (with or without Check Dams) under.pdf,RCP2.6,C3 (RCP equivalent),~900 Gt CO2,900.0,unit-bound scalar,~,,False
Yuan 等 - 2024 - An Evaluation of Future Climate Change Impacts on Key Elements of the Water-Carbon Cycle Using a Phy.pdf,SSP1-2.6,C1,~300-500 Gt CO2,400.0,unit-bound range midpoint,~,,False
Yuan 等 - 2024 - An Evaluation of Future Climate Change Impacts on Key Elements of the Water-Carbon Cycle Using a Phy.pdf,SSP2-4.5,C3,2744.812344177873,2744.812344177873,field-only scalar,,,False
Chiodo 等 - 2016 - The impact of a future solar minimum on climate change projections in the Northern Hemisphere.pdf,Future Solar Minimum Impact on Climate Projections in the Northern Hemisphere,C5: limit warming to 2.5°C (>50%),2125.417765920262,2125.417765920262,field-only scalar,,,False
Millar 等 - 2017 - A modified impulse-response representation of the global near-surface air temperature and atmospheri.pdf,RCP2.6,C3 (RCP equivalent),~900 Gt CO2,900.0,unit-bound scalar,~,,False
Ahmadi 等 - 2020 - Assessment of MC&MCMC uncertainty analysis frameworks on SWAT model by focusing on future runoff pre.pdf,RCP2.6,C3 (RCP equivalent),~900 Gt CO2,900.0,unit-bound scalar,~,,False
Li 等 - 2024 - Mitigation-driven global heat imbalance in the late 21st century.pdf,SSP5-3.4-overshooting,C5: limit warming to 2.5°C (>50%),1743.828671285641,1743.828671285641,field-only scalar,,,False
Meehl 等 - 2012 - Relative outcomes of climate change mitigation related to global temperature versus sea-level rise.pdf,RCP2.6,C1,~500 Gt CO2,500.0,unit-bound scalar,~,,False
Meehl 等 - 2012 - Relative outcomes of climate change mitigation related to global temperature versus sea-level rise.pdf,RCP4.5,C5 (RCP equivalent),~1000-1400 GtCO₂ from 2020 (scenario dependent),1200.0,unit-bound range midpoint,~,,False
Baker 等 - 2025 - Spikes in UK wildfire emissions driven by peatland fires in dry years.pdf,2°C global warming level,C5,1793.871566014591,1793.871566014591,field-only scalar,,,False
Anghileri 等 - 2011 - A framework for the quantitative assessment of climate change impacts on water-related activities at.pdf,A2,C5,102.7723603383973,102.7723603383973,field-only scalar,,,True
Araujo 等 - 2011 - Climate change threatens European conservation areas.pdf,A2,C7,102.7723603383973,102.7723603383973,field-only scalar,,,True
Araujo 等 - 2011 - Climate change threatens European conservation areas.pdf,B1,C5,652.4725285661066,652.4725285661066,field-only scalar,,,False
Araujo 等 - 2011 - Climate change threatens European conservation areas.pdf,B2,C6,835.4639342141137,835.4639342141137,field-only scalar,,,False
Sparks 等 - 2014 - Climate change may have limited effect on global risk of potato late blight.pdf,A2,C5,102.7723603383973,102.7723603383973,field-only scalar,,,True
"Zimmermann 等 - 2017 - Climate change impacts on crop yields, land use and environment in response to crop sowing dates and.pdf",B1,C4,652.4725285661066,652.4725285661066,field-only scalar,,,False
"Zimmermann 等 - 2017 - Climate change impacts on crop yields, land use and environment in response to crop sowing dates and.pdf",B2,C4,835.4639342141137,835.4639342141137,field-only scalar,,,False
Oh 等 - 2025 - Projection of temperature-related severe injuries under climate change a nationwide study of South.pdf,SSP2-4.5,C5,2744.812344177873,2744.812344177873,field-only scalar,,,False
Li 等 - 2024 - Distinct Ecological Habits and Habitat Responses to Future Climate Change in Two Subspecies of Ma.pdf,SSP126,C1,500,500.0,field-only scalar,,,False
"Amognehegn 等 - 2023 - Analysis of future meteorological, hydrological, and agricultural drought characterization under cli.pdf",SSP2-4.5,C5,1400 GtCO₂ from 2020,1400.0,unit-bound scalar,,,False
Liang 等 - 2019 - Carbon Cycles of Forest Ecosystems in a Typical Climate Transition Zone under Future Climate Change.pdf,RCP2.6,SSP1-2.6,~1150 Gt CO2,1150.0,unit-bound scalar,~,,False
Pogacar 等 - 2025 - Identifying the tourism sector's exposure to climate change utilizing two different climate datasets.pdf,RCP2.6,C3 (RCP equivalent),~900 Gt CO2,900.0,unit-bound scalar,~,,False
Garner 等 - 2016 - Climate risk management requires explicit representation of societal trade-offs.pdf,REL2C,C5: limit warming to 2.5°C (>50%),1793.871566014591,1793.871566014591,field-only scalar,,,False
Monjo 等 - 2025 - High time- and spatial-resolution climate scenarios of the DISTENDER project according to statistica.pdf,SSP2-4.5,C3,2744.812344177873,2744.812344177873,field-only scalar,,,False
Ghiai和Niknia - 2025 - Energy and Sustainability Impacts of US Buildings Under Future Climate Scenarios.pdf,RCP4.5,C3 (Below 2°C),~1400 GtCO₂ from 2020,1400.0,unit-bound scalar,~,,False
Luo 等 - 2023 - Research on Climate Change in Qinghai Lake Basin Based on WRF and CMIP6.pdf,SSP1-2.6,C3,~900 Gt CO2,900.0,unit-bound scalar,~,,False
Luo 等 - 2023 - Research on Climate Change in Qinghai Lake Basin Based on WRF and CMIP6.pdf,SSP2-4.5,C5,2744.812344177873,2744.812344177873,field-only scalar,,,False
Kaur Brar 等 - 2021 - A Case Study of the Impact of Climate Change on Agricultural Loan Credit Risk.pdf,+0°C,C6: limit warming to 3°C (>50%),2950.633786176251,2950.633786176251,field-only scalar,,,False
Kaur Brar 等 - 2021 - A Case Study of the Impact of Climate Change on Agricultural Loan Credit Risk.pdf,+1°C,C7: limit warming to 4°C (>50%),4182.783765496274,4182.783765496274,field-only scalar,,,False
Kaur Brar 等 - 2021 - A Case Study of the Impact of Climate Change on Agricultural Loan Credit Risk.pdf,+2°C,C5: limit warming to 2.5°C (>50%),1793.871566014591,1793.871566014591,field-only scalar,,,False
Kaur Brar 等 - 2021 - A Case Study of the Impact of Climate Change on Agricultural Loan Credit Risk.pdf,+4°C,C7: limit warming to 4°C (>50%),4702.006171962675,4702.006171962675,field-only scalar,,,False
Weng 等 - 2023 - Assessing Land Use and Climate Change Impacts on Soil Erosion Caused by Water in China.pdf,RCP8.5,C8 - High GHG emissions (SSP5-8.5),Approx. 11500 GtCO₂ from 1850-2100 (for >4°C warming),,excluded,,no unambiguous carbon-budget value,False
Miller 等 - 2011 - Development of streamflow projections under changing climate conditions over Colorado River basin he.pdf,A2,C5,102.7723603383973,102.7723603383973,field-only scalar,,,True
Kundu 等 - 2014 - PRECIPITATION TREND ANALYSIS OVER EASTERN REGION OF INDIA USING CMIP5 BASED CLIMATIC MODELS.pdf,RCP8.5,C8 (RCP equivalent),Not reported,,excluded,,no unambiguous carbon-budget value,False
Xia 等 - 2022 - Mixed Impact of Climate Change on Cold Season Residential Electricity A Case Study of Lanzhou and L.pdf,RCP 2.6,SSP1-2.6,~900 Gt CO2,900.0,unit-bound scalar,~,,False
"Liang 等 - 2025 - Climate mitigation potential for targeted forestation after considering climate change, fires, and a.pdf",SSP1-2.6,C3,~900 Gt CO2,900.0,unit-bound scalar,~,,False
Holt 等 - 2018 - Climate-Driven Change in the North Atlantic and Arctic Oceans Can Greatly Reduce the Circulation of.pdf,E1,C8,298.9017422679738,298.9017422679738,field-only scalar,,,True
Holt 等 - 2018 - Climate-Driven Change in the North Atlantic and Arctic Oceans Can Greatly Reduce the Circulation of.pdf,E2,C8 (legacy RCP8.5 classification),447.7135307485477,447.7135307485477,field-only scalar,,,True
Abdelwahab 等 - 2025 - Modelling the impact of climate change on runoff and sediment yield in Mediterranean basins the Car.pdf,SSP2-4.5,C5,2744.812344177873,2744.812344177873,field-only scalar,,,False
Kalhori 等 - 2023 - Development of the Multi-Objective Invasive Weed Optimization Algorithm in the Integrated Water Reso.pdf,RCP2.6,SSP1-2.6,~1150 Gt CO2,1150.0,unit-bound scalar,~,,False
Kropf 等 - 2025 - Tropical cyclone risk for global ecosystems in a changing climate.pdf,SSP5-8.5,C7,<150 GtCO₂ remaining from 2020,150.0,unit-bound scalar,<,,True
Blagrave和Sharma - 2023 - Projecting climate change impacts on ice phenology across Midwestern and Northeastern United States.pdf,SSP126,C1,approximately 500 GtCO2,500.0,unit-bound scalar,,,False
Vorkauf 等 - 2024 - Snowmaking in a warmer climate an in-depth analysis of future water demands for the ski resort Ande.pdf,RCP8.5,C8 (RCP equivalent),Exceeded (scenario exceeds remaining carbon budget for 2°C),,excluded,,no unambiguous carbon-budget value,False
Bauerfeind和Fischer - 2014 - Simulating climate change temperature extremes but not means diminish performance in a widespread b.pdf,T2,C3: limit warming to 2°C (>67%),816.980352370339,816.980352370339,field-only scalar,,,False
Yan 等 - 2018 - Assessment of nitrogen reduction by constructed wetland based on InVEST A case study of the Jiulong.pdf,S1: Policy-based scenario based on the Plan for Land Utilization of Fujian Province (2006–2020),C3: limit warming to 2°C (>67%),893.060956844902,893.060956844902,field-only scalar,,,False
Yan 等 - 2018 - Assessment of nitrogen reduction by constructed wetland based on InVEST A case study of the Jiulong.pdf,S2: Managed scenario with constructed wetlands,C4: limit warming to 2°C (>50%),1447.733517816087,1447.733517816087,field-only scalar,,,False
Angeles 等 - 2010 - The Impacts of Climate Changes on the Renewable Energy Resources in the Caribbean Region.pdf,A2,C7,102.7723603383973,102.7723603383973,field-only scalar,,,True
Bjarnadottir 等 - 2018 - Reliability-based assessment of climatic adaptation for the increased resiliency of power distributi.pdf,LOW emission scenario with modest increase in SST,C3: limit warming to 2°C (>67%),440.0556818855494,440.0556818855494,field-only scalar,,,False
Bjarnadottir 等 - 2018 - Reliability-based assessment of climatic adaptation for the increased resiliency of power distributi.pdf,HIGH,C3: limit warming to 2°C (>67%),685.1820297843902,685.1820297843902,field-only scalar,,,False
Bjordal 等 - 2022 - Quantifying uncertainty about global and regional economic impacts of climate change.pdf,SSP1-2.6,C3,~900 Gt CO2,900.0,unit-bound scalar,~,,False
Ullah 等 - 2019 - Assessing climate change impacts on pearl millet under arid and semi-aridenvironments using CSM-CERE.pdf,RCP8.5,C8: Very high GHG emissions (SSP5-8.5),Exceeds budget for 2°C,,excluded,,no unambiguous carbon-budget value,False
Duquesne和Fournier - 2025 - Climate change redefines sea turtle hotspots Vessel strike risks and gaps in protected areas.pdf,SSP1-2.6,C1,~500 Gt CO2,500.0,unit-bound scalar,~,,False
Duquesne和Fournier - 2025 - Climate change redefines sea turtle hotspots Vessel strike risks and gaps in protected areas.pdf,SSP2-4.5,C3,1150,1150.0,field-only scalar,,,False
"Habeeb和Mustafa - 2025 - Deep Learning-Based Prediction of Forest Cover Change in Duhok, Iraq Past and Future.pdf",SSP1-2.6 (scenario A),C1,~500 Gt CO2,500.0,unit-bound scalar,~,,False
"Habeeb和Mustafa - 2025 - Deep Learning-Based Prediction of Forest Cover Change in Duhok, Iraq Past and Future.pdf",SSP2-4.5 (scenario B),C5,2744.812344177873,2744.812344177873,field-only scalar,,,False
Dios 等 - 2009 - A CLIMATE PROFILE INDICATOR BASED COMPARATIVE ANALYSIS OF CLIMATE CHANGE SCENARIOS WITH REGARD TO MA.pdf,Base,C7: limit warming to 4°C (>50%),2994.686676976194,2994.686676976194,field-only scalar,,,False
Zhang 等 - 2013 - Using Hydrologic Simulation to Explore the Impacts of Climate Change on Runoff in the Huaihe River B.pdf,A2,C5,102.7723603383973,102.7723603383973,field-only scalar,,,True
Zhang 等 - 2013 - Using Hydrologic Simulation to Explore the Impacts of Climate Change on Runoff in the Huaihe River B.pdf,B2,C5,835.4639342141137,835.4639342141137,field-only scalar,,,False
Yang 等 - 2024 - Stronger Impact of Extreme Heat Event on Vegetation Temperature Sensitivity under Future Scenarios w.pdf,SSP126,C2,~1000 Gt CO2,1000.0,unit-bound scalar,~,,False
Yang 等 - 2024 - Stronger Impact of Extreme Heat Event on Vegetation Temperature Sensitivity under Future Scenarios w.pdf,SSP245,C3,2744.812344177873,2744.812344177873,field-only scalar,,,False
Bahn - 2010 - Combining Adaptation and Mitigation A Game Theoretic Approach.pdf,BAU,C7: limit warming to 4°C (>50%),4421.106912693341,4421.106912693341,field-only scalar,,,False
Arendarczyk 等 - 2025 - Response of Global Forest Management to Changes in Wood Demand.pdf,SSP1-RCP2.6,C1,~300-500 Gt CO2 from 2020,400.0,unit-bound range midpoint,~,,False
Fierke 等 - 2024 - Assessing uncertainty in bioclimatic modelling a comparison of two high-resolution climate datasets.pdf,SSP1-2.6,C1,~500 Gt CO2 from 2020,500.0,unit-bound scalar,~,,False
Abdellatif 等 - 2015 - Quantitative assessment of sewer overflow performance with climate change in northwest England.pdf,B1,C3: limit warming to 2°C (>67%),652.4725285661066,652.4725285661066,field-only scalar,,,False
"Fileccia - 2024 - CLIMATE CHANGE, ADAPTATION AND ECONOMIC OUTCOMES EVIDENCE FROM AGRICULTURE IN INDIA.pdf",RCP4.5,C2 (Below 2°C),~1150-1350 Gt CO₂ from 2020,1250.0,unit-bound range midpoint,~,,False
Zhan 等 - 2024 - Future spatial and temporal variation of blue and green water in the Jing River Basin of central Chi.pdf,SSP1-2.6,C3,~900 Gt CO2,900.0,unit-bound scalar,~,,False
Cabangbang-Jaranilla 等 - 2025 - Decreasing suitable coffee cultivation areas under climate change in the Philippines.pdf,SSP126,C1,~500 Gt CO2 from 2020,500.0,unit-bound scalar,~,,False
Bellprat 等 - 2019 - Towards reliable extreme weather and climate event attribution.pdf,HadGEM3-A with anthropogenic forcings,C3,N/A (historical attribution study),,excluded,,explicitly missing/unspecified,False
"Honjo 等 - 2025 - Assessing the impact of climate and population changes on heatstroke incidence in Saitama City, Japa.pdf",SSP5-8.5,C8,1150 GtCO₂,1150.0,unit-bound scalar,,,False
"Honjo 等 - 2025 - Assessing the impact of climate and population changes on heatstroke incidence in Saitama City, Japa.pdf",SSP1-2.6,C3,~900 Gt CO2,900.0,unit-bound scalar,~,,False
West 等 - 2015 - Using High-Resolution Future Climate Scenarios to Forecast Bromus tectorum Invasion in Rocky.pdf,A2 climate change scenario,C5,1793.871566014591,1793.871566014591,field-only scalar,,,False
"Gemechu 等 - 2021 - Estimation of Hydrological Components under Current and Future Climate Scenarios in Guder Catchment,.pdf",RCP8.5,SSP5-8.5,Extracted value needed,,excluded,,no unambiguous carbon-budget value,False
"Gemechu 等 - 2021 - Estimation of Hydrological Components under Current and Future Climate Scenarios in Guder Catchment,.pdf",RCP4.5,C5 (RCP equivalent),~2000 GtCO₂ (from 2020),2000.0,unit-bound scalar,~,,False
Bayatavrkeshi 等 - 2023 - Drought trends projection under future climate change scenarios for Iran region.pdf,A2,C7,102.7723603383973,102.7723603383973,field-only scalar,,,True
Bayatavrkeshi 等 - 2023 - Drought trends projection under future climate change scenarios for Iran region.pdf,B1,C5,652.4725285661066,652.4725285661066,field-only scalar,,,False
Xu 等 - 2020 - Reducing Uncertainties of Future Global Soil Carbon Responses to Climate and Land Use Change With Em.pdf,RCP2.6,C1 (Below 1.5°C with no or limited overshoot),~300-500 Gt CO2 from 2020,400.0,unit-bound range midpoint,~,,False
"Yan 等 - 2017 - Range shifts in response to climate, change of Ophiocordyceps sinensis, a fungus endemic to t.pdf",RCP2.6,C1,~900 Gt CO2,900.0,unit-bound scalar,~,,False
Dolan 等 - 2021 - Evaluating the economic impact of water scarcity in a changing world.pdf,SSP5-8.5,C8,1150 GtCO₂ from 2020,1150.0,unit-bound scalar,,,False
Ngo 等 - 2025 - Slipped through the narrow door Effects of climate change on the distribution and conservation of a.pdf,ssp245,C3,2744.812344177873,2744.812344177873,field-only scalar,,,False
"Liersch 等 - 2024 - Climate change perceptions, expectations, observations, and projections at Lake Victoria.pdf",ssp126,C1,942.4855433794125,942.4855433794125,field-only scalar,,,False
Wang 等 - 2020 - Projected changes in fire size from daily spread potential in Canada over the 21st century.pdf,RCP2.6,C1 (Below 2°C),~900 Gt CO2,900.0,unit-bound scalar,~,,False
Greve 等 - 2018 - Regional scaling of annual mean precipitation and water availability with global temperature change.pdf,RCP2.6,C1 (Very Low GHG Emissions),~900 Gt CO2,900.0,unit-bound scalar,~,,False
Zhang 等 - 2014 - Effects of land useland cover and climate changes on terrestrial net primary productivity in the Ya.pdf,C1,C5: limit warming to 2.5°C (>50%),1278.930607571248,1278.930607571248,field-only scalar,,,False
Zhang 等 - 2014 - Effects of land useland cover and climate changes on terrestrial net primary productivity in the Ya.pdf,C2,C5: limit warming to 2.5°C (>50%),1265.536430416577,1265.536430416577,field-only scalar,,,False
Zhang 等 - 2014 - Effects of land useland cover and climate changes on terrestrial net primary productivity in the Ya.pdf,C3,C1: limit warming to 1.5°C (>50%) with no or limited overshoot,231.9516686594547,231.9516686594547,field-only scalar,,,False
Zhang 等 - 2014 - Effects of land useland cover and climate changes on terrestrial net primary productivity in the Ya.pdf,C4,C3: limit warming to 2°C (>67%),426.1650110213503,426.1650110213503,field-only scalar,,,False
Zhang 等 - 2014 - Effects of land useland cover and climate changes on terrestrial net primary productivity in the Ya.pdf,LC1,C5: limit warming to 2.5°C (>50%),1278.930607571248,1278.930607571248,field-only scalar,,,False
Balk 等 - 2024 - NPCC4 Concepts and tools for envisioning New York City's futures.pdf,SSP5-RCP8.5,C8,Very high (RCP8.5 equivalent),,excluded,,no unambiguous carbon-budget value,False
Bateman 等 - 2020 - North American birds require mitigation and adaptation to reduce vulnerability to climate change.pdf,1.5°C,C3,~500 Gt CO2,500.0,unit-bound scalar,~,,False
Bateman 等 - 2020 - North American birds require mitigation and adaptation to reduce vulnerability to climate change.pdf,3.0°C,C7,4701.689283291276,4701.689283291276,field-only scalar,,,False
Xu 等 - 2024 - Resilience of renewable power systems under climate risks.pdf,SSP2-4.5,C3,~1200 GtCO₂ from 2020,1200.0,unit-bound scalar,~,,False
de Condappa 等 - 2009 - A decision-support tool for water allocation in the Volta Basin.pdf,Reference,C8: exceed warming of 4°C (>=50%),6016.054280938453,6016.054280938453,field-only scalar,,,False
Gallardo 等 - 2017 - Protected areas offer refuge from invasive species spreading under climate change.pdf,RCP2.6,C1 (RCP equivalent),~900 Gt CO2,900.0,unit-bound scalar,~,,False
Miller 等 - 2025 - Statistical downscaling differences strongly alter projected climate damages.pdf,SSP2-4.5,C5,2744.812344177873,2744.812344177873,field-only scalar,,,False
Sharma 等 - 2022 - Assessment of long-term climate variability and its impact on the decadal growth of horticultural cr.pdf,RCP2.6,C1 (RCP equivalent),~500 Gt CO2,500.0,unit-bound scalar,~,,False
Sharma 等 - 2022 - Assessment of long-term climate variability and its impact on the decadal growth of horticultural cr.pdf,RCP8.5,High (RCP8.5 ⇔ SSP5-8.5),~7000 GtCO2 (2015-2100),7000.0,unit-bound scalar,~,,False
Rivera-Fernandez 等 - 2025 - Spatiotemporal Land Cover Change and Future Hydrological Impacts Under Climate Scenarios in the Amaz.pdf,SSP2–4.5,C2,~1000 GtCO2,1000.0,unit-bound scalar,~,,False
"Van Tricht和Huybrechts - 2023 - Modelling the historical and future evolution of six ice masses in the Tien Shan, Central Asia, usin.pdf",SSP1-1.9,C1,~500 Gt CO2,500.0,unit-bound scalar,~,,False
Kumar 等 - 2022 - Assessment of Climate Change Impact on Snowmelt Runoff in Himalayan Region.pdf,2°C rise in temperature,C5: limit warming to 2.5°C (>50%),1793.871566014591,1793.871566014591,field-only scalar,,,False
Kumar 等 - 2022 - Assessment of Climate Change Impact on Snowmelt Runoff in Himalayan Region.pdf,2°C rise in temperature and 20% increase in snow cover,C5: limit warming to 2.5°C (>50%),1793.871566014591,1793.871566014591,field-only scalar,,,False
Bouska 等 - 2019 - Drivers and uncertainties of forecasted range shifts for warm-water fishes under climate and land co.pdf,RCP2.6,C1 (RCP equivalent),~500 Gt CO₂ from 2020,500.0,unit-bound scalar,~,,False
Bouska 等 - 2019 - Drivers and uncertainties of forecasted range shifts for warm-water fishes under climate and land co.pdf,RCP4.5,C6/C7 (RCP equivalent),~1150 GtCO₂ from 2020 for 50% chance of 2 °C,1150.0,unit-bound scalar,~,,False
Bouska 等 - 2019 - Drivers and uncertainties of forecasted range shifts for warm-water fishes under climate and land co.pdf,RCP8.5,C8 (SSP5-8.5),Not applicable (exceeds budget),,excluded,,no unambiguous carbon-budget value,False
Sacha 等 - 2019 - Extratropical age of air trends and causative factors in climate projection simulations.pdf,REF-C2,C7: limit warming to 4°C (>50%),4631.628201551354,4631.628201551354,field-only scalar,,,False
Zhong 等 - 2023 - Maxent Modeling for Predicting the Potential Geographical Distribution of Castanopsis carlesiii.pdf,SSP126,C1,~500 GtCO₂ from 2020,500.0,unit-bound scalar,~,,False
Zhong 等 - 2023 - Maxent Modeling for Predicting the Potential Geographical Distribution of Castanopsis carlesiii.pdf,SSP585,C8,Very high emissions pathway,,excluded,,no unambiguous carbon-budget value,False
Urvois 等 - 2024 - Intraspecific niche models for the invasive ambrosia beetle Xylosandrus crassiusculus suggest.pdf,SSP1-2.6,C1,~500 Gt CO₂ (from 2020),500.0,unit-bound scalar,~,,False
Urvois 等 - 2024 - Intraspecific niche models for the invasive ambrosia beetle Xylosandrus crassiusculus suggest.pdf,SSP5-8.5,C8,Exceeded,,excluded,,no unambiguous carbon-budget value,False
Strona和Bradshaw - 2022 - Coextinctions dominate future vertebrate losses from climate and land use change.pdf,SSP4-6.0,C5,3780.382844728474,3780.382844728474,field-only scalar,,,False
Ahmed 等 - 2020 - Quantitative assessment of precipitation changes under CMIP5 RCP scenarios over the northern sub-Him.pdf,RCP2.6,Low GHG emissions (SSP1-2.6 equivalent),~900 Gt CO2,900.0,unit-bound scalar,~,,False
Yao 等 - 2021 - Responses of Hydrological Processes under Different Shared Socioeconomic Pathway Scenarios in the Hu.pdf,SSP2-4.5,C4,2744.812344177873,2744.812344177873,field-only scalar,,,False
Zhang 等 - 2022 - Effects of climate change on the distribution of wild Akebia trifoliata.pdf,SSP1-2.6,C3,~900 Gt CO2,900.0,unit-bound scalar,~,,False
Zhang 等 - 2022 - Effects of climate change on the distribution of wild Akebia trifoliata.pdf,SSP2-4.5,C5,2744.812344177873,2744.812344177873,field-only scalar,,,False
Mortazavi-Naeini 等 - 2019 - Assessment of Risks to Public Water Supply From Low Flows and Harmful Water Quality in a Changing Cl.pdf,Baseline,C7: limit warming to 4°C (>50%),4067.198904304981,4067.198904304981,field-only scalar,,,False
Wang 等 - 2013 - Impact of a future H2-based road transportation sector on the composition and chemistry o.pdf,B1,C4,652.4725285661066,652.4725285661066,field-only scalar,,,False
Zhang 等 - 2025 - An Integrated Machine Learning and Remote Sensing Method for Predicting Cyanobacterial Blooms A Cas.pdf,SSP2-4.5,C3,1400 GtCO₂ from 2020,1400.0,unit-bound scalar,,,False
Billing 等 - 2024 - 'How to adapt forests'-Exploring the role of leaf trait diversity for long-term forest biomass unde.pdf,RCP2.6,C1,~300-400 Gt CO₂ from 2020,350.0,unit-bound range midpoint,~,,False
Lenderink 等 - 2007 - A study on combining global and regional climate model results for generating climate scenarios of t.pdf,G,C3: limit warming to 2°C (>67%),938.7004641166634,938.7004641166634,field-only scalar,,,False
Lenderink 等 - 2007 - A study on combining global and regional climate model results for generating climate scenarios of t.pdf,W,C3: limit warming to 2°C (>67%),835.4639342141137,835.4639342141137,field-only scalar,,,False
Lenderink 等 - 2007 - A study on combining global and regional climate model results for generating climate scenarios of t.pdf,G+,C3: limit warming to 2°C (>67%),938.7004641166634,938.7004641166634,field-only scalar,,,False
Lenderink 等 - 2007 - A study on combining global and regional climate model results for generating climate scenarios of t.pdf,W+,C3: limit warming to 2°C (>67%),835.4639342141137,835.4639342141137,field-only scalar,,,False
Cornwall 等 - 2023 - Coral adaptive capacity insufficient to halt global transition of coral reefs into net erosion under.pdf,RCP2.6,SSP1-2.6,~1150 Gt CO2,1150.0,unit-bound scalar,~,,False
Xin 等 - 2025 - Predicting the Spatiotemporal Evolution Characteristics of Future Agricultural Water Demand in the Y.pdf,RCP2.6,C1-C2 (below 2°C),~1000-1200 Gt CO2,1100.0,unit-bound range midpoint,~,,False
Zhao 等 - 2023 - Influence of Climate Warming on the Ground Surface Stability over Permafrost along the Qinghai-Tibet.pdf,RCP2.6,SSP1-2.6,~900 Gt CO2,900.0,unit-bound scalar,~,,False
Xie 等 - 2018 - Decreases in global beer supply due to extreme drought and heat.pdf,RCP2.6,C1 (Likely below 2°C & towards 1.5°C),~900 Gt CO2,900.0,unit-bound scalar,~,,False
Stansfield和Reed - 2023 - Global tropical cyclone precipitation scaling with sea surface temperature.pdf,AMIP Future,C8,Exceeded,,excluded,,no unambiguous carbon-budget value,False
"Amognehegn 等 - 2023 - Evaluating climate change impact on the hydrology of Kessie Watershed, Upper Blue Nile Basin, Ethiop.pdf",SSP2-4.5,C3,1150 GtCO₂ (remaining from 2020 for 50% chance of limiting warming to 2 °C),1150.0,unit-bound scalar,,,False
Marinelli 等 - 2025 - Assessing the contribution of meltwater to meet environmental flow requirements during drought event.pdf,RCP4.5,SSP2-4.5,~1400 Gt CO₂ from 2020 per AR6 median,1400.0,unit-bound scalar,~,,False
Bhatti 等 - 2019 - Climate change evidence and community level autonomous adaptation measures in a canal irrigated agri.pdf,A2,C5,102.7723603383973,102.7723603383973,field-only scalar,,,True
Balanza 等 - 2025 - Exploring configurations of a European energy system within the planetary boundaries.pdf,Net Zero,C7,-21.58557069936118,,excluded,,no unambiguous carbon-budget value,False
Kim 等 - 2025 - A novel approach to project future changes in meteorological factors affecting severe surface ozone.pdf,SSP1-2.6,C3,~900 Gt CO2,900.0,unit-bound scalar,~,,False
Chou 等 - 2021 - Assessment and Prediction of Climate Risks in Three Major Urban Agglomerations of Eastern China.pdf,SSP1-2.6,C3,~900 Gt CO2,900.0,unit-bound scalar,~,,False
Chou 等 - 2021 - Assessment and Prediction of Climate Risks in Three Major Urban Agglomerations of Eastern China.pdf,SSP2-4.5,C5,~1150 GtCO₂ from 2020,1150.0,unit-bound scalar,~,,False
Zheng 等 - 2024 - Carbon Peak Control Strategies and Pathway Selection in Dalian City A Hybrid Approach with STIRPAT.pdf,Baseline scenario,C7,4067.198904304981,4067.198904304981,field-only scalar,,,False
"Suh和오석근 - 2013 - Projection of Fine-Scale Climate Changes over South Korea Based on the RCP(2.6, 4.5, 6.0, 8.5) Scena.pdf",RCP2.6,C1 (RCP equivalent),~900 Gt CO2,900.0,unit-bound scalar,~,,False
Zhang和Wu - 2012 - Thermal hazards zonation and permafrost change over the Qinghai-Tibet Plateau.pdf,A2,C7,102.7723603383973,102.7723603383973,field-only scalar,,,True
Zhang和Wu - 2012 - Thermal hazards zonation and permafrost change over the Qinghai-Tibet Plateau.pdf,B1,C5,652.4725285661066,652.4725285661066,field-only scalar,,,False
Li 等 - 2024 - Assessment and Future Scenario Estimation of Climate Carrying Capacity in the Beibu Gulf Urban Agglo.pdf,SSP2-4.5,C4,1150-1350 GtCO₂ from 2020,1250.0,unit-bound range midpoint,,,False
"Supakosol和Boonrawd - 2020 - Hydrologic evaluation and effects of climate change on the Nong Han Lake Basin, northeastern Thailan.pdf",A2,C5,102.7723603383973,102.7723603383973,field-only scalar,,,True
"Supakosol和Boonrawd - 2020 - Hydrologic evaluation and effects of climate change on the Nong Han Lake Basin, northeastern Thailan.pdf",B2,C5,835.4639342141137,835.4639342141137,field-only scalar,,,False
Steger 等 - 2020 - Effects of projected climate change on the distribution of Mantis religiosa suggest expansion.pdf,RCP 2.6,C3 (RCP equivalent),~900 Gt CO2,900.0,unit-bound scalar,~,,False
Jain和Mitran - 2020 - A geospatial approach to assess climate change impact on soil organic carbon in a semi-arid region.pdf,RCP 2.6,C3 (RCP equivalent),~900 Gt CO2,900.0,unit-bound scalar,~,,False
Ying 等 - 2020 - CMIP5-Based Spatiotemporal Changes of Extreme Temperature Events during 2021-2100 in Mainland China.pdf,RCP2.6,SSP1-2.6,~900 Gt CO2,900.0,unit-bound scalar,~,,False
Bayramoglu 等 - 2020 - Impacts of Land Use and Climate Change on Freshwater Ecosystems in France.pdf,A2,C7,102.7723603383973,102.7723603383973,field-only scalar,,,True
Bayramoglu 等 - 2020 - Impacts of Land Use and Climate Change on Freshwater Ecosystems in France.pdf,B1,C4,652.4725285661066,652.4725285661066,field-only scalar,,,False
Sushama 等 - 2006 - Canadian RCM projected climate-change signal and its sensitivity to model errors.pdf,A2,C5,102.7723603383973,102.7723603383973,field-only scalar,,,True
Scherrer 等 - 2008 - Distribution changes of seasonal mean temperature in observations and climate change scenarios.pdf,B1,C4,652.4725285661066,652.4725285661066,field-only scalar,,,False
Scherrer 等 - 2008 - Distribution changes of seasonal mean temperature in observations and climate change scenarios.pdf,A2,C4,102.7723603383973,102.7723603383973,field-only scalar,,,False
"Manucharyan 等 - 2025 - Assessing the Impact of Climate Change on the Habitat of the Common Vole, an Important Host of Tular.pdf",RCP8.5,C8,Not applicable – no warming limit,,excluded,,no unambiguous carbon-budget value,False
Abatzoglou 等 - 2025 - Climate change has increased the odds of extreme regional forest fire years globally.pdf,SSP2-4.5,C3,~2745 GtCO₂ (from 2020),2745.0,unit-bound scalar,~,,False
Fu 等 - 2013 - Daily rainfall projections from general circulation models with a downscaling nonhomogeneous hidden.pdf,A2,C6,102.7723603383973,102.7723603383973,field-only scalar,,,True
Fu 等 - 2013 - Daily rainfall projections from general circulation models with a downscaling nonhomogeneous hidden.pdf,B1,C4,652.4725285661066,652.4725285661066,field-only scalar,,,False
La Fuente 等 - 2024 - Increasing warm-season evaporation rates across European lakes under climate change.pdf,RCP 2.6,C3 (RCP equivalent),~900 Gt CO2,900.0,unit-bound scalar,~,,False
La Fuente 等 - 2024 - Increasing warm-season evaporation rates across European lakes under climate change.pdf,RCP 8.5,C8 (RCP equivalent),"Very high (e.g., >3000 GtCO2 from 2020)",3000.0,unit-bound scalar,>,,False
Wessely 等 - 2017 - Habitat-based conservation strategies cannot compensate for climate-change-induced range loss.pdf,B2,C5,835.4639342141137,835.4639342141137,field-only scalar,,,False
Li 等 - 2021 - Uncertainty in optimal fingerprinting is underestimated.pdf,NAT,C5: limit warming to 2.5°C (>50%),2125.417765920262,2125.417765920262,field-only scalar,,,False
Liang 等 - 2011 - Are plot data effective for landscape prediction A simulation study of tree species response to cli.pdf,S2,C4: limit warming to 2°C (>50%),1447.733517816087,1447.733517816087,field-only scalar,,,False
Bellis 等 - 2024 - Climate change threatens the future viability of translocated populations.pdf,SSP126,C1,500 GtCO₂,500.0,unit-bound scalar,,,False
Blair 等 - 2022 - Climate change threatens the conservation of one of the world's most endangered transboundary tree s.pdf,SSP2-4.5,C3,1200-1400 GtCO₂ from 2020,1300.0,unit-bound range midpoint,,,False
Lopez 等 - 2006 - Two approaches to quantifying uncertainty in global temperature changes.pdf,A2,C5,102.7723603383973,102.7723603383973,field-only scalar,,,True
Truong 等 - 2023 - An Agent-Based Model for Land-Use Change Adaptation Strategies in the Context of Climate Change and.pdf,Baseline 1—No Provincial Adaptation Strategies and No Subsidence Impact,C7: limit warming to 4°C (>50%),4067.198904304981,4067.198904304981,field-only scalar,,,False
Truong 等 - 2023 - An Agent-Based Model for Land-Use Change Adaptation Strategies in the Context of Climate Change and.pdf,Baseline 2—No Adaptation Strategies Though Subsidence Impacts the Benefits from Land-Use Production,C7: limit warming to 4°C (>50%),4067.198904304981,4067.198904304981,field-only scalar,,,False
Bodman 等 - 2013 - Uncertainty in temperature projections reduced using carbon cycle and climate observations.pdf,A2,C5,102.7723603383973,102.7723603383973,field-only scalar,,,True
Sorg 等 - 2014 - The days of plenty might soon be over in glacierized Central Asian catchments.pdf,RCP2.6,C1 (SSP1-2.6 equivalent),"~1150 Gt CO2 (from 2020, 67% <2°C)",1150.0,unit-bound scalar,~,,False
Selbonne 等 - 2022 - Designing scenarios for upscaling climate-smart agriculture on a small tropical island.pdf,S1,C7,893.060956844902,893.060956844902,field-only scalar,,,False
Selbonne 等 - 2022 - Designing scenarios for upscaling climate-smart agriculture on a small tropical island.pdf,S2,C7,1447.733517816087,1447.733517816087,field-only scalar,,,False
Adynkiewicz-Piragas和Miszuk - 2020 - Risk Analysis Related to Impact of Climate Change on Water Resources and Hydropower Production in th.pdf,RCP2.6,C3 (RCP equivalent),~900 Gt CO2,900.0,unit-bound scalar,~,,False
Bick 等 - 2025 - Exploring the spatiotemporal influence of climate on American avian migration with random forests.pdf,SSP1-2.6,C1,~400 Gt CO2 from 2020,400.0,unit-bound scalar,~,,False
Ballester 等 - 2010 - Changes in European temperature extremes can be predicted from changes in PDF central statistics.pdf,B2,C5,835.4639342141137,835.4639342141137,field-only scalar,,,False
Ballester 等 - 2010 - Changes in European temperature extremes can be predicted from changes in PDF central statistics.pdf,A2,C7,102.7723603383973,102.7723603383973,field-only scalar,,,True
Granados 等 - 2021 - Exploring the Role of Reservoir Storage in Enhancing Resilience to Climate Change in Southern Europe.pdf,A2,C5,102.7723603383973,102.7723603383973,field-only scalar,,,True
Cotto 等 - 2017 - A dynamic eco-evolutionary model predicts slow response of alpine plants to climate warming.pdf,RCP 2.6,SSP1-2.6,~900 Gt CO2,900.0,unit-bound scalar,~,,False
Salahi和Poudineh - 2022 - An evaluation of Delta and SDSM Downscaling Models for simulating and forecasting of average wind ve.pdf,A2,C2: return warming to 1.5°C (>50%) after a high overshoot,102.7723603383973,102.7723603383973,field-only scalar,,,False
Salahi和Poudineh - 2022 - An evaluation of Delta and SDSM Downscaling Models for simulating and forecasting of average wind ve.pdf,RCP2.6,C3 (RCP equivalent),~900 Gt CO2,900.0,unit-bound scalar,~,,False
Fritz - 2022 - Temperature and non-communicable diseases Evidence from Indonesia's primary health care system.pdf,intermediate-emission scenario,C3,2744.812344177873,2744.812344177873,field-only scalar,,,False
Fischer 等 - 2018 - Biased Estimates of Changes in Climate Extremes From Prescribed SST Simulations.pdf,RCP2.6,C1,~500 Gt CO2 from 2020,500.0,unit-bound scalar,~,,False
"Becsi和Formayer - 2024 - Linking local climate scenarios to global warming levels applicability, prospects and uncertainties.pdf",GWL1.5,C1,~500 Gt CO2,500.0,unit-bound scalar,~,,False
Hueholt 等 - 2024 - Speed of environmental change frames relative ecological risk in climate change and climate interven.pdf,ARISE-1.5,C3,~900 Gt CO2,900.0,unit-bound scalar,~,,False
Wing 等 - 2022 - Inequitable patterns of US flood risk in the Anthropocene.pdf,SSP2,C3: limit warming to 2°C (>67%),325.2897925777136,325.2897925777136,field-only scalar,,,False
Monier和Gao - 2015 - Climate change impacts on extreme events in the United States an uncertainty analysis.pdf,REF,C8,4631.628201551354,4631.628201551354,field-only scalar,,,False
Gonzalez-Zeas 等 - 2019 - Linking global climate change to local water availability Limitations and prospects for a tropical.pdf,A2,C6,102.7723603383973,102.7723603383973,field-only scalar,,,True
Romero 等 - 2018 - Global predation pressure redistribution under future climate change.pdf,RCP4.5,C5 (RCP equivalent),~1000-1500 GtCO₂ from 2020,1250.0,unit-bound range midpoint,~,,False
Bennett 等 - 2019 - Shifts in habitat suitability and the conservation status of the Endangered Andean cat Leopardus jac.pdf,A2,C5,102.7723603383973,102.7723603383973,field-only scalar,,,True
Yue 等 - 2018 - An EPIC model-based wheat drought risk assessment using new climate scenarios in China.pdf,RCP2.6,C3 (RCP equivalent),~900 Gt CO2,900.0,unit-bound scalar,~,,False
Song 等 - 2005 - Simulated distribution of vegetation types in response to climate change on the Tibetan Plateau.pdf,Future climate scenario with CO2 concentration of 500 ppmv,C5: limit warming to 2.5°C (>50%),1793.871566014591,1793.871566014591,field-only scalar,,,False
Lugato 等 - 2021 - Different climate sensitivity of particulate and mineral-associated soil organic matter.pdf,RCP8.5,C8 (RCP equivalent),Not applicable,,excluded,,no unambiguous carbon-budget value,False
Mateos-Garcia 等 - 2024 - NUMERICAL SIMULATIONS OF RECENT AND FUTURE EVOLUTION OF MONTE PERDIDO GLACIER.pdf,RCP2.6,C1 (Below 1.5°C with overshoot),~500 Gt CO2 from 2020,500.0,unit-bound scalar,~,,False
Conradi 等 - 2024 - Reassessment of the risks of climate change for terrestrial ecosystems.pdf,RCP 2.6,SSP1-2.6,~500 Gt CO2 from 2020,500.0,unit-bound scalar,~,,False
Alwadi 等 - 2024 - Impact of Extreme Heat on Cardiovascular Health in Kuwait Present and Future Projections.pdf,SSP2-4.5,C2,2744.812344177873,2744.812344177873,field-only scalar,,,True
Yanez 等 - 2016 - Pelagic resources landings in central-southern Chile under the A2 climate change scenarios.pdf,A2,C5,102.7723603383973,102.7723603383973,field-only scalar,,,True
Bellworthy和Fine - 2018 - The Red Sea Simulator A high-precision climate change mesocosm with automated monitoring for the lo.pdf,Low pH (7.8) and high temperature (28.5°C),C5,271.9704635822378,271.9704635822378,field-only scalar,,,True
Kumar 等 - 2022 - Understanding land useland cover and climate change impacts on hydrological components of Usri wate.pdf,S1,C3: limit warming to 2°C (>67%),893.060956844902,893.060956844902,field-only scalar,,,False
Blossey 等 - 2013 - Marine low cloud sensitivity to an idealized climate change The CGILS LES intercomparison.pdf,P2S,C3: limit warming to 2°C (>67%),749.0226661308164,749.0226661308164,field-only scalar,,,False
Blossey 等 - 2013 - Marine low cloud sensitivity to an idealized climate change The CGILS LES intercomparison.pdf,P2,C3: limit warming to 2°C (>67%),325.2897925777136,325.2897925777136,field-only scalar,,,False
Bittner 等 - 2011 - Comparing modelling approaches at two levels of biological organisation - Climate change impacts on.pdf,A2,C5,102.7723603383973,102.7723603383973,field-only scalar,,,True
Liu 等 - 2025 - Predicting current and future potential distribution of Changnienia amoena in China under glo.pdf,SSP1-2.6,C1,500.0,500.0,field-only scalar,,,False
Liu 等 - 2025 - Predicting current and future potential distribution of Changnienia amoena in China under glo.pdf,SSP2-4.5,C2,2744.812344177873,2744.812344177873,field-only scalar,,,True
Jiang 等 - 2023 - Divergent Energy-Climate Nexus in the Global Fuel Combustion Processes.pdf,SSP1-2.6,C3,~900 Gt CO2,900.0,unit-bound scalar,~,,False
Sormunen 等 - 2011 - Inclusion of local environmental conditions alters high-latitude vegetation change predictions based.pdf,A1,C5,216.8368249438647,216.8368249438647,field-only scalar,,,True
Sormunen 等 - 2011 - Inclusion of local environmental conditions alters high-latitude vegetation change predictions based.pdf,A2,C5,102.7723603383973,102.7723603383973,field-only scalar,,,True
Sormunen 等 - 2011 - Inclusion of local environmental conditions alters high-latitude vegetation change predictions based.pdf,B1,C5,652.4725285661066,652.4725285661066,field-only scalar,,,False
Andaryani 等 - 2019 - Forecasting near-future impacts of land use and climate change on the Zilbier river hydrological reg.pdf,S1,C3: limit warming to 2°C (>67%),893.060956844902,893.060956844902,field-only scalar,,,False
Andaryani 等 - 2019 - Forecasting near-future impacts of land use and climate change on the Zilbier river hydrological reg.pdf,S2,C4: limit warming to 2°C (>50%),1447.733517816087,1447.733517816087,field-only scalar,,,False
Boyce 等 - 2022 - A climate risk index for marine life.pdf,SSP1-2.6,C3,~900 Gt CO2,900.0,unit-bound scalar,~,,False
Villarini和Vecchi - 2012 - Twenty-first-century projections of North Atlantic tropical storms from CMIP5 models.pdf,RCP2.6,C3 (RCP equivalent),~900 Gt CO2,900.0,unit-bound scalar,~,,False
Villarini和Vecchi - 2012 - Twenty-first-century projections of North Atlantic tropical storms from CMIP5 models.pdf,RCP4.5,C3 (Below 3°C),1150–1350 GtCO₂ (approx. for 67 % chance),1250.0,unit-bound range midpoint,,,False
Zang 等 - 2016 - Spatial Heterogeneity of Climate Change Effects on Dominant Height of Larch Plantations in Northern.pdf,RCP2.6,SSP1-2.6,~900 Gt CO2,900.0,unit-bound scalar,~,,False
Sha 等 - 2024 - A spatial weather generator based on conditional deep convolution generative adversarial nets (cDCGA.pdf,SSP 1-26,C1,300-500 Gt CO2,400.0,unit-bound range midpoint,,,False
Sha 等 - 2024 - A spatial weather generator based on conditional deep convolution generative adversarial nets (cDCGA.pdf,SSP 2-45,C2,1100 GtCO2,1100.0,unit-bound scalar,,,False
Zhang 等 - 2022 - Quantifying Aggravated Threats to Stormwater Management Ponds by Tropical Cyclone Storm Surge and In.pdf,RCP2.6,C1 (Low emissions),~900 Gt CO2,900.0,unit-bound scalar,~,,False
Westerling和Bryant - 2008 - Climate change and wildfire in California.pdf,A2 - High Emission Pathway with Increased Population and Economic Growth,C8,102.7723603383973,102.7723603383973,field-only scalar,,,True
Westerling和Bryant - 2008 - Climate change and wildfire in California.pdf,B1,C3,652.4725285661066,652.4725285661066,field-only scalar,,,False
Barrett 等 - 2012 - Host-parasite distributions under changing climate Tsuga heterophylla and Arceuthobium ts.pdf,A2,C5,102.7723603383973,102.7723603383973,field-only scalar,,,True
Barrett 等 - 2012 - Host-parasite distributions under changing climate Tsuga heterophylla and Arceuthobium ts.pdf,B1,C5,652.4725285661066,652.4725285661066,field-only scalar,,,False
Liu 等 - 2018 - Socioeconomic factors and future challenges of the goal of limiting the increase in global average t.pdf,2.0W,C1,752.0161792846942,752.0161792846942,field-only scalar,,,False
Ge 等 - 2013 - Adaptive management to climate change for Norway spruce forests along a regional gradient in Finland.pdf,A2,C5,102.7723603383973,102.7723603383973,field-only scalar,,,True
Wu 等 - 2023 - Assessment of agricultural adaptations to climate change from a water-energy-food nexus perspective.pdf,IE,C7: limit warming to 4°C (>50%),4182.783765496274,4182.783765496274,field-only scalar,,,False
Xu 等 - 2025 - Seasonal Spatial Distribution of Metapenaeopsis provocatoria longirostris in the Southern Yel.pdf,SSP1-2.6,C3,~900 Gt CO2,900.0,unit-bound scalar,~,,False
Xu 等 - 2025 - Seasonal Spatial Distribution of Metapenaeopsis provocatoria longirostris in the Southern Yel.pdf,SSP2-4.5,C3,1170,1170.0,field-only scalar,,,False
Xu 等 - 2025 - Seasonal Spatial Distribution of Metapenaeopsis provocatoria longirostris in the Southern Yel.pdf,SSP3-7.0,C4-C6,1249 Gt CO2,1249.0,unit-bound scalar,,,False
Kumar 等 - 2023 - Assessment of Land Cover Changes and Climate Variability Effects on Catchment Hydrology Using a Phys.pdf,T1,C2: return warming to 1.5°C (>50%) after a high overshoot,212.8537743020109,212.8537743020109,field-only scalar,,,False
Abdi-Dehkordi 等 - 2017 - Optimized cropping patterns under climate-change conditions.pdf,Baseline climatic conditions,C7: limit warming to 4°C (>50%),4067.198904304981,4067.198904304981,field-only scalar,,,False
Sabitha 等 - 2023 - Application of a Distributed Hydrologic Model to Assess the Impact of Climate and Land-use Change on.pdf,SSP2-4.5,C5,2744.812344177873,2744.812344177873,field-only scalar,,,False
Zou和Song - 2024 - Observed Changes and Projected Risks of Hot-DryHot-Wet Compound Events in China.pdf,SSP1-2.6,C3,~900 Gt CO2,900.0,unit-bound scalar,~,,False
Zou和Song - 2024 - Observed Changes and Projected Risks of Hot-DryHot-Wet Compound Events in China.pdf,SSP2-4.5,C3,2744.812344177873,2744.812344177873,field-only scalar,,,False
Zou和Song - 2024 - Observed Changes and Projected Risks of Hot-DryHot-Wet Compound Events in China.pdf,SSP5-8.5,C8,Very high/Effectively unlimited within century,,excluded,,no unambiguous carbon-budget value,False
Froemming 等 - 2012 - Aviation-induced radiative forcing and surface temperature change in dependency of the emission alti.pdf,ZERO,C2: return warming to 1.5°C (>50%) after a high overshoot,-21.58557069936118,,excluded,,no unambiguous carbon-budget value,False
Joshi 等 - 2013 - An explanation for the difference between twentieth and twenty-first century land-sea warming ratio.pdf,5N,C1: limit warming to 1.5°C (>50%) with no or limited overshoot,271.4501667116419,271.4501667116419,field-only scalar,,,False
Verdyansyah 等 - 2025 - Integrating CMIP6 and Remote Sensing Datasets for Current and Future Flood Susceptibility Projection.pdf,SSP1-2.6,C1,~500 GtCO₂ from 2020,500.0,unit-bound scalar,~,,False
Verdyansyah 等 - 2025 - Integrating CMIP6 and Remote Sensing Datasets for Current and Future Flood Susceptibility Projection.pdf,SSP2-4.5,C4,~1200 GtCO₂ from 2020,1200.0,unit-bound scalar,~,,False
Kaur 等 - 2023 - Different GCMs yet similar outcome predicting the habitat distribution of Shorea robusta CF.pdf,RCP4.5,C3 (Below 2°C),~1000 GtCO2 from 2020,1000.0,unit-bound scalar,~,,False
Kaur 等 - 2023 - Different GCMs yet similar outcome predicting the habitat distribution of Shorea robusta CF.pdf,SSP245,C2,2744.812344177873,2744.812344177873,field-only scalar,,,True
Brown和Caldeira - 2017 - Greater future global warming inferred from Earth's recent energy budget.pdf,RCP2.6,C1,~900 Gt CO2,900.0,unit-bound scalar,~,,False
Fujimori 等 - 2020 - Measuring the sustainable development implications of climate change mitigation.pdf,WB2C,C5,835.4639342141137,835.4639342141137,field-only scalar,,,False
Lopez-Tirado和Hidalgo - 2018 - Predicting suitability of forest dynamics to future climatic conditions the likely dominance of Hol.pdf,RCP2.6 (2050),C1,~300 Gt CO2 (from 2020 for 1.5°C with 50% chance),300.0,unit-bound scalar,~,,False
Xu 等 - 2021 - A multi-scenario ensemble streamflow forecast method for Amu Darya River Basin under considering cli.pdf,SSP3,C3,~900 Gt CO2,900.0,unit-bound scalar,~,,False
Xu 等 - 2021 - A multi-scenario ensemble streamflow forecast method for Amu Darya River Basin under considering cli.pdf,SSP4,C4,926.934350590003,926.934350590003,field-only scalar,,,False
"Yin 等 - 2023 - Projected Rainfall Triggered Landslide Susceptibility Changes in the Hengduan Mountain Region, South.pdf",1.5°C warming,C3,271.9704635822378,271.9704635822378,field-only scalar,,,False
Zhang 等 - 2024 - Future Changes in the Winter Beaufort High Under Warming Climate Scenarios.pdf,SSP2-4.5,C3,1150 GtCO₂ (from 2020),1150.0,unit-bound scalar,,,False
Baettig 等 - 2007 - A climate change index Where climate change may be most prominent in the 21st century.pdf,A2,C5,102.7723603383973,102.7723603383973,field-only scalar,,,True
Baettig 等 - 2007 - A climate change index Where climate change may be most prominent in the 21st century.pdf,B2,C5,835.4639342141137,835.4639342141137,field-only scalar,,,False
Harrington 等 - 2021 - Quantifying uncertainty in aggregated climate change risk assessments.pdf,SSP2,C5,325.2897925777136,325.2897925777136,field-only scalar,,,True
Alizadeh 等 - 2025 - Enhancing water security through integrated decision-making and selective withdrawal for sustainable.pdf,SSP1-2.6,C1,~500 Gt CO2 from 2020,500.0,unit-bound scalar,~,,False
Alizadeh 等 - 2025 - Enhancing water security through integrated decision-making and selective withdrawal for sustainable.pdf,SSP2-4.5,C5,1000-1500 GtCO2 from 2020,1250.0,unit-bound range midpoint,,,False
Hutchison 等 - 2024 - A hybrid dynamical system approach to predicting the resilience of community dynamics with seasonal.pdf,RCP 2.6,C1,~500 Gt CO2 from 2020,500.0,unit-bound scalar,~,,False
Aldiansyah和Risna - 2024 - Modeling the Bioclimatic Range of Musa ingens (Giant Highland Banana) under Conditions.pdf,RCP4.5,C3 (SSP2-4.5 equivalent),~1150 GtCO₂ from 2020,1150.0,unit-bound scalar,~,,False
Wang 等 - 2024 - The slowdown of increasing groundwater storage in response to climate warming in the Tibetan Plateau.pdf,SSP126,C1,942.4855433794125,942.4855433794125,field-only scalar,,,False
Ayugi 等 - 2022 - Projected changes in meteorological drought over East Africa inferred from bias-adjusted CMIP6 model.pdf,SSP1-2.6,C1,~400-500 Gt CO₂,450.0,unit-bound range midpoint,~,,False
Ayugi 等 - 2022 - Projected changes in meteorological drought over East Africa inferred from bias-adjusted CMIP6 model.pdf,SSP2-4.5,C6,2744.812344177873,2744.812344177873,field-only scalar,,,False
Ayugi 等 - 2022 - Projected changes in meteorological drought over East Africa inferred from bias-adjusted CMIP6 model.pdf,SSP3-7.0,SSP3-7.0,~4000 GtCO2 from 2020,4000.0,unit-bound scalar,~,,False
"Ding 等 - 2022 - Assessment of the impact of climate change on urban flooding a case study of Beijing, China.pdf",SSP2-4.5,C5,2744.812344177873,2744.812344177873,field-only scalar,,,False
Zamora-Gutierrez 等 - 2018 - Forecasting the combined effects of climate and land use change on Mexican bats.pdf,RCP-2.6 + SSP1,C1 (RCP equivalent),~400 Gt CO2,400.0,unit-bound scalar,~,,False
Islam 等 - 2025 - Thermal bioclimatic transformations in the coastal regions of Ganges delta insights from CMIP6 mult.pdf,SSP1-2.6,C3,~900 Gt CO2,900.0,unit-bound scalar,~,,False
Islam 等 - 2025 - Thermal bioclimatic transformations in the coastal regions of Ganges delta insights from CMIP6 mult.pdf,SSP2-4.5,C5,2744.812344177873,2744.812344177873,field-only scalar,,,False
Agyekum 等 - 2025 - Future changes in extreme precipitation events over the Volta basin under medium and high emission s.pdf,SSP2-4.5,C5,2744.812344177873,2744.812344177873,field-only scalar,,,False
Li 等 - 2022 - Distribution of Breeding Population and Predicting Future Habitat under Climate Change of Black-Neck.pdf,SSP1-2.6,C3,~900 Gt CO2,900.0,unit-bound scalar,~,,False
Li 等 - 2022 - Distribution of Breeding Population and Predicting Future Habitat under Climate Change of Black-Neck.pdf,SSP2-4.5,C5,2744.812344177873,2744.812344177873,field-only scalar,,,False
"Shindell 等 - 2021 - Temporal and spatial distribution of health, labor, and crop benefits of climate change mitigation i.pdf",SSP1_26,C1,942.4855433794125,942.4855433794125,field-only scalar,,,False
Yoo和Na - 2018 - Bayesian Consideration of GCM Simulations for Rainfall Quantile Estimation Uncertainty from GCMs an.pdf,RCP2.6,C3 (RCP equivalent),~900 Gt CO2,900.0,unit-bound scalar,~,,False
Bestion 等 - 2019 - Altered trophic interactions in warming climates consequences for predator diet breadth and fitness.pdf,+2°C warmer climatic conditions,C5: limit warming to 2.5°C (>50%),1793.871566014591,1793.871566014591,field-only scalar,,,False
Fernandez-Fernandez 等 - 2019 - Assessment of Dredging Scenarios for a Tidal Inlet in a High-Energy Coast.pdf,DRO,C4: limit warming to 2°C (>50%),447.7135307485477,447.7135307485477,field-only scalar,,,False
Fernandez-Fernandez 等 - 2019 - Assessment of Dredging Scenarios for a Tidal Inlet in a High-Energy Coast.pdf,DRE,C7: limit warming to 4°C (>50%),4182.783765496274,4182.783765496274,field-only scalar,,,False
Sanchez-Garcia 等 - 2020 - A comparative study on energy demand through the adaptive thermal comfort approach considering clima.pdf,A2,C5,102.7723603383973,102.7723603383973,field-only scalar,,,True
Zierl和Bugmann - 2007 - Sensitivity of carbon cycling in the European Alps to changes of climate and land cover.pdf,A2,C7,102.7723603383973,102.7723603383973,field-only scalar,,,True
Zierl和Bugmann - 2007 - Sensitivity of carbon cycling in the European Alps to changes of climate and land cover.pdf,B1,C5,652.4725285661066,652.4725285661066,field-only scalar,,,False
Zierl和Bugmann - 2007 - Sensitivity of carbon cycling in the European Alps to changes of climate and land cover.pdf,B2,C6,835.4639342141137,835.4639342141137,field-only scalar,,,False
Awais 等 - 2024 - MESSAGEix-GLOBIOM nexus module integrating water sector and climate impacts.pdf,SSP2-RCP2.6,C3 (RCP equivalent),~900 Gt CO2,900.0,unit-bound scalar,~,,False
Montero 等 - 2018 - Influences of the Local Climate on Loggerhead Hatchling Production in North Florida Implications Fr.pdf,RCP4.5,C3 (Below 3°C),1200-1400 GtCO₂ from 2020,1300.0,unit-bound range midpoint,,,False
Basile 等 - 2017 - Projected precipitation changes within the Great Lakes and Western Lake Erie Basin a multi-model an.pdf,A2,C2: return warming to 1.5°C (>50%) after a high overshoot,102.7723603383973,102.7723603383973,field-only scalar,,,False
Wang 等 - 2021 - Historical and future climates over the upper and middle reaches of the Yellow River Basin simulated.pdf,RCP2.6,C3 (RCP equivalent),~900 Gt CO2,900.0,unit-bound scalar,~,,False
Diamond 等 - 2022 - Anthropogenic aerosol and cryosphere changes drive Earth's strong but transient clear-sky hemispheri.pdf,SSP1-2.6,C1,~900 Gt CO2,900.0,unit-bound scalar,~,,False
"Zuo 等 - 2015 - Response of runoff to climate change in the Wei River basin, China.pdf",A2,C5,102.7723603383973,102.7723603383973,field-only scalar,,,True
"Zuo 等 - 2015 - Response of runoff to climate change in the Wei River basin, China.pdf",B1,C6,652.4725285661066,652.4725285661066,field-only scalar,,,False
Zhang 等 - 2025 - Simulating Habitat Suitability Changes of Threadfin Porgy (Evynnis cardinalis) in the Norther.pdf,SSP126,C1,500.0,500.0,field-only scalar,,,False
Mauricio Ortega-Andrade 等 - 2015 - Ecological and Geographical Analysis of the Distribution of the Mountain Tapir (Tapirus pinchaque.pdf,RCP4.5,C5,~1500 GtCO2 from 2020,1500.0,unit-bound scalar,~,,False
Sujetoviene 等 - 2018 - Climate-change-related long-term historical and projected changes to spring barley phenological deve.pdf,RCP2.6,C1 (SSP1-2.6 equivalent),~500 Gt CO2 from 2020,500.0,unit-bound scalar,~,,False
Anjaneyulu 等 - 2023 - Future projections of worst floods and dam break analysis in Mahanadi River Basin under CMIP6 climat.pdf,SSP2-4.5,C3,1150 GtCO₂,1150.0,unit-bound scalar,,,False
"Guarnieri 等 - 2024 - Effects of climate, land use, and human population change on human-elephant conflict risk in Africa.pdf",SSP1 - RCP 2.6 (Sustainability—Taking the Green Road),C3 (Below 1.8°C),~1150 Gt CO2,1150.0,unit-bound scalar,~,,False
"Xiao 等 - 2019 - Responses of four dominant dryland plant species to climate change in the Junggar Basin, northwest C.pdf",RCP2.6,C1 (RCP equivalent),~900 Gt CO2,900.0,unit-bound scalar,~,,False
Willis-Norton 等 - 2015 - Climate change impacts on leatherback turtle pelagic habitat in the Southeast Pacific.pdf,A2: Business-as-usual pathway characterized by high greenhouse gas emissions and a continuation of current trends,C7,102.7723603383973,102.7723603383973,field-only scalar,,,True
Bolkhari 等 - 2022 - Simulated impacts of climate change on Lake Simcoe water quality.pdf,A2,C7,102.7723603383973,102.7723603383973,field-only scalar,,,True
Bolkhari 等 - 2022 - Simulated impacts of climate change on Lake Simcoe water quality.pdf,B1,C7,652.4725285661066,652.4725285661066,field-only scalar,,,False
Gamito 等 - 2013 - Climate-induced changes in fish landings of different fleet components of Portuguese fisheries.pdf,B2,C4,835.4639342141137,835.4639342141137,field-only scalar,,,False
Su 等 - 2025 - Distribution Shifts of Acanthaster solaris Under Climate Change and the Impact on Coral Reef.pdf,SSP1-2.6,C3,~900 Gt CO2,900.0,unit-bound scalar,~,,False
Su 等 - 2025 - Distribution Shifts of Acanthaster solaris Under Climate Change and the Impact on Coral Reef.pdf,SSP2-4.5,C5,2744.812344177873 GtCO₂,2744.812344177873,unit-bound scalar,,,False
"Francois 等 - 2024 - Climate change impact on photovoltaic production, electricity demand and storage requirements in the.pdf",SSP1-2.6,C1,~900 Gt CO2,900.0,unit-bound scalar,~,,False
"Francois 等 - 2024 - Climate change impact on photovoltaic production, electricity demand and storage requirements in the.pdf",SSP2-4.5,C4 (C5 under certain uncertainties),Not specified,,excluded,,no unambiguous carbon-budget value,False
"Saeed 等 - 2022 - Competency of groundwater recharge of irrigated cotton field subjacent to sowing methods, plastic mu.pdf",RCP 2.6,C1 (SSP1-2.6),~900 Gt CO2,900.0,unit-bound scalar,~,,False
Holtanova 等 - 2025 - Scenarios of Köppen-Trewartha climate types in Europe based on GCM-RCM combined projections.pdf,SSP2-4.5,C5,2744.812344177873,2744.812344177873,field-only scalar,,,False
White和Hoogenboom - 2010 - Crop Response to Climate Ecophysiological Models.pdf,Warming scenario of +1.5°C for the daily maximum and +3.0°C for the minimum,C5,271.9704635822378,271.9704635822378,field-only scalar,,,True
Feng 等 - 2025 - Assessing the impact of climate change on the potential distribution of Keteleeria evelyniana.pdf,SSP2-4.5,C5,1400-2000 GtCO₂,1700.0,unit-bound range midpoint,,,False
Feng 等 - 2025 - Assessing the impact of climate change on the potential distribution of Keteleeria evelyniana.pdf,SSP1-2.6,C1,500.0,500.0,field-only scalar,,,False
Xiang 等 - 2022 - Variation of Runoff and Runoff Components of the Lhasa River Basin in the Qinghai-Tibet Plateau unde.pdf,SSP1-2.6,C3,~900 Gt CO2,900.0,unit-bound scalar,~,,False
Xiang 等 - 2022 - Variation of Runoff and Runoff Components of the Lhasa River Basin in the Qinghai-Tibet Plateau unde.pdf,SSP2-4.5,C3,N/A (exceeds 2 °C budget),,excluded,,explicitly missing/unspecified,False
Simsek Uygun和Albek - 2020 - Determination of Climate Change Effects of Impervious Areas in Urban Watershed.pdf,A2,C2: return warming to 1.5°C (>50%) after a high overshoot,102.7723603383973,102.7723603383973,field-only scalar,,,False
Simsek Uygun和Albek - 2020 - Determination of Climate Change Effects of Impervious Areas in Urban Watershed.pdf,B2,C3: limit warming to 2°C (>67%),835.4639342141137,835.4639342141137,field-only scalar,,,False
Xi 等 - 2021 - Future impacts of climate change on inland Ramsar wetlands.pdf,RCP 2.6,C3 (RCP equivalent),~900 Gt CO2,900.0,unit-bound scalar,~,,False
Abduljaleel 等 - 2024 - Evaluation and prediction of future droughts with multi-model ensembling of four models under CMIP6.pdf,SSP5-8.5,C8,2188 GtCO₂ (cumulative 2015-2100),2188.0,unit-bound scalar,,,False
Zhou 等 - 2020 - Assessment of risk of freeze-thaw damage in internally insulated masonry in a changing climate.pdf,A2,C4,102.7723603383973,102.7723603383973,field-only scalar,,,False
Guerra-Coss 等 - 2021 - Modelling and validation of the spatial distribution of suitable habitats for the recruitment of inv.pdf,SSP1-2.6 (sustainability path with strong mitigation),C3,approximately 900 Gt CO2 (derived from the specific 50% probability budget defined for the C3 category in IPCC AR6),900.0,unit-bound scalar,,,False
Guerra-Coss 等 - 2021 - Modelling and validation of the spatial distribution of suitable habitats for the recruitment of inv.pdf,SSP2-4.5 - Middle-of-the-road scenario with moderate mitigation efforts,C3,2744.812344177873,2744.812344177873,field-only scalar,,,False
Olivie 等 - 2012 - Atmosphere Response Time Scales Estimated from AOGCM Experiments.pdf,C20,C5: limit warming to 2.5°C (>50%),1265.536430416577,1265.536430416577,field-only scalar,,,False
Olivie 等 - 2012 - Atmosphere Response Time Scales Estimated from AOGCM Experiments.pdf,C2: CO2 Step Increase with Short Relaxation Time,C5: limit warming to 2.5°C (>50%),1265.536430416577,1265.536430416577,field-only scalar,,,False
Yoshikawa 等 - 2023 - Assessing ecosystem vulnerability under severe uncertainty of global climate change.pdf,RCP 2.6,C3 (RCP equivalent),~900 Gt CO2,900.0,unit-bound scalar,~,,False
Hasegawa 等 - 2014 - Climate Change Impact and Adaptation Assessment on Food Consumption Utilizing a New Scenario Framewo.pdf,SSP1-RCP2.6,C1,~400-1000 Gt CO2 from 2020,700.0,unit-bound range midpoint,~,,False
Wiese 等 - 2024 - Reducing demand a quantitative analysis of energy service demand indicators in sufficiency-oriented.pdf,Demand,C5,227.4276901386175,227.4276901386175,field-only scalar,,,True
Zheng 等 - 2020 - Assessment of climate change impact on the water footprint in rice production Historical simulation.pdf,RCP2.6,C1 (RCP equivalent),~1000 Gt CO2,1000.0,unit-bound scalar,~,,False
Goyal和Ojha - 2012 - Downscaling of precipitation on a lake basin evaluation of rule and decision tree induction algorit.pdf,A2,C5,102.7723603383973,102.7723603383973,field-only scalar,,,True
Goyal和Ojha - 2012 - Downscaling of precipitation on a lake basin evaluation of rule and decision tree induction algorit.pdf,B1,C5,652.4725285661066,652.4725285661066,field-only scalar,,,False
Thomas 等 - 2025 - Warming Alaskan rivers affect first-year growth in critical northern food fishes.pdf,SSP2-4.5,C3,1150,1150.0,field-only scalar,,,False
Song 等 - 2025 - Predicting Current and Future Potential Distributions of Ectropis grisescens (Lepidoptera Ge.pdf,SSP1-2.6,C1,~400-500 Gt CO2,450.0,unit-bound range midpoint,~,,False
Chen 等 - 2023 - AN ECONOMY-WIDE FRAMEWORK FOR ASSESSING THE STRANDED ASSETS OF ENERGY PRODUCTION SECTOR UNDER CLIMAT.pdf,NoPolicy,C7: limit warming to 4°C (>50%),4680.996929151199,4680.996929151199,field-only scalar,,,False
Chen 等 - 2023 - AN ECONOMY-WIDE FRAMEWORK FOR ASSESSING THE STRANDED ASSETS OF ENERGY PRODUCTION SECTOR UNDER CLIMAT.pdf,Paris Forever,C7: limit warming to 4°C (>50%),3766.778545171488,3766.778545171488,field-only scalar,,,False
Chen 等 - 2023 - AN ECONOMY-WIDE FRAMEWORK FOR ASSESSING THE STRANDED ASSETS OF ENERGY PRODUCTION SECTOR UNDER CLIMAT.pdf,Net Zero 2050,C2: return warming to 1.5°C (>50%) after a high overshoot,204.1401344742067,204.1401344742067,field-only scalar,,,False
Allan 等 - 2025 - Economic Consequences of Climate-Induced Changes in Crop Yields in a Water-Abundant Region.pdf,RCP2.6,Low (C1),~400-500 Gt CO2,450.0,unit-bound range midpoint,~,,False
Wang 等 - 2023 - Aerosols overtake greenhouse gases causing a warmer climate and more weather extremes toward carbon.pdf,SSP1-1.9,C1,~500 Gt CO2,500.0,unit-bound scalar,~,,False
Dinku和Gibre - 2024 - Comparison of bias correction methods to regional climate model simulations for climate change proje.pdf,RCP2.6,C1 (SSP1-2.6 equivalent),~500-900 Gt CO2,700.0,unit-bound range midpoint,~,,False
Strauss 等 - 2015 - Carbon choices determine US cities committed to futures below sea level.pdf,RCP2.6,C3 (RCP equivalent),~900 Gt CO2,900.0,unit-bound scalar,~,,False
Zilli 等 - 2020 - The impact of climate change on Brazil's agriculture.pdf,RCP2.6-EPIC,C3 (RCP equivalent),~900 Gt CO2,900.0,unit-bound scalar,~,,False
Andrade 等 - 2024 - Potential distribution of endemic lizards from Brazilian restingas The present announcing the end.pdf,SSP5-8.5,C8,Very high (>4000 GtCO2),4000.0,unit-bound scalar,>,,False
"Yu 等 - 2022 - Climate change challenge, extinction risk, and successful conservation experiences for a threatened.pdf",SSP1-2.6,C1,~900 Gt CO2,900.0,unit-bound scalar,~,,False
"Yu 等 - 2022 - Climate change challenge, extinction risk, and successful conservation experiences for a threatened.pdf",SSP5-8.5,C7,1150 GtCO₂,1150.0,unit-bound scalar,,,False
Yin 等 - 2018 - Climate change risk to forests in China associated with warming.pdf,RCP2.6,C1 (Low GHG emissions),~400-500 Gt CO2 from 2020,450.0,unit-bound range midpoint,~,,False
Lin 等 - 2025 - Climate-driven connectivity loss impedes species adaptation to warming in the deep ocean.pdf,SSP 1-2.6,C3,800-1000 Gt CO2,900.0,unit-bound range midpoint,,,False
Lin 等 - 2025 - Climate-driven connectivity loss impedes species adaptation to warming in the deep ocean.pdf,SSP 2-4.5,C5,2744.812344177873,2744.812344177873,field-only scalar,,,False
Fayaz 等 - 2020 - Evaluating the Sensitivity of Projected Reservoir Reliability to the Choice of Climate Projection A.pdf,RCP2.6,C1 (SSP1-2.6 analogue),~300-500 Gt CO2 from 2020,400.0,unit-bound range midpoint,~,,False
"Fraga 等 - 2022 - Future Scenarios for Olive Tree and Grapevine Potential Yields in the World Heritage Coa Region, Por.pdf",RCP4.5,C3 (RCP equivalent),~1000 GtCO2 from 2020,1000.0,unit-bound scalar,~,,False
Yang 等 - 2017 - Predictions of potential geographical distribution of Alhagi sparsifolia under climate change.pdf,RCP2.6 (2050年),C2,~400-500 Gt CO2,450.0,unit-bound range midpoint,~,,False
Yang 等 - 2017 - Predictions of potential geographical distribution of Alhagi sparsifolia under climate change.pdf,RCP2.6 (2070年),C1 (RCP equivalent),~900 Gt CO2,900.0,unit-bound scalar,~,,False
Subedi 等 - 2024 - Climate-change habitat shifts for the vulnerable endemic oak species (Quercus arkansana Sarg..pdf,SSP1-2.6,C1,~400 Gt CO₂ from 2020,400.0,unit-bound scalar,~,,False
Swindles 等 - 2025 - Ecohydrological Response of a Tropical Peatland to Rainfall Changes Driven by Intertropical Converge.pdf,SSP245,C4,2744.812344177873,2744.812344177873,field-only scalar,,,False
Sorup 等 - 2017 - Formulating and testing a method for perturbing precipitation time series to reflect anticipated cli.pdf,RCP2.6,C1 (RCP equivalent),~400 Gt CO2 from 2020,400.0,unit-bound scalar,~,,False
Schanze 等 - 2012 - A methodology for dealing with regional change in integrated water resources management.pdf,A2,C5,102.7723603383973,102.7723603383973,field-only scalar,,,True
Giuliano 等 - 2024 - Dark future for a black salamander effects of climate change and conservation implications for an e.pdf,SSP126,C1,500.0,500.0,field-only scalar,,,False
Dass 等 - 2018 - Grasslands may be more reliable carbon sinks than forests in California.pdf,RCP2.6,C1 (RCP equivalent),~400-800 Gt CO2,600.0,unit-bound range midpoint,~,,False
Alaerts 等 - 2022 - Climate Change Will Fragment Florida Stone Crab Communities.pdf,SSP1-2.6,C1,~1150 Gt CO2 from 2020,1150.0,unit-bound scalar,~,,False
Alaerts 等 - 2022 - Climate Change Will Fragment Florida Stone Crab Communities.pdf,SSP2-4.5,C3,2744.812344177873,2744.812344177873,field-only scalar,,,False
Gomes 等 - 2019 - Amazonian tree species threatened by deforestation and climate change.pdf,RCP 2.6,C3 (RCP equivalent),~900 Gt CO2,900.0,unit-bound scalar,~,,False
Kim 等 - 2025 - Future Changes in Precipitation Extremes over South Korea Based on Observations and CMIP6 SSP Scenar.pdf,SSP1-2.6,C3,~900 Gt CO2,900.0,unit-bound scalar,~,,False
Kim 等 - 2025 - Future Changes in Precipitation Extremes over South Korea Based on Observations and CMIP6 SSP Scenar.pdf,SSP2-4.5,C2,2744.812344177873,2744.812344177873,field-only scalar,,,True
Vaughan 等 - 2018 - Evaluating the use of biomass energy with carbon capture and storage in low emission scenarios.pdf,1.5°C–66%,C1,271.9704635822378,271.9704635822378,field-only scalar,,,False
Galimshina 等 - 2020 - Robust and resilient renovation solutions in different climate change scenarios.pdf,RCP2.6,C1 (Below 1.5°C),~900 Gt CO2,900.0,unit-bound scalar,~,,False
Galimshina 等 - 2020 - Robust and resilient renovation solutions in different climate change scenarios.pdf,RCP4.5,C5 (RCP equivalent),~1000-1700 GtCO2,1350.0,unit-bound range midpoint,~,,False
Amatulli 等 - 2013 - Estimating future burned areas under changing climate in the EU-Mediterranean countries.pdf,A2,C5,102.7723603383973,102.7723603383973,field-only scalar,,,True
Amatulli 等 - 2013 - Estimating future burned areas under changing climate in the EU-Mediterranean countries.pdf,B2,C5,835.4639342141137,835.4639342141137,field-only scalar,,,False
Merkle 等 - 2023 - Creating quantitative scenario projections for the UK shared socioeconomic pathways.pdf,UK-SSP1,C1,approx. 500 Gt CO₂,500.0,unit-bound scalar,,,False
Arora和Boer - 2014 - Terrestrial ecosystems response to future changes in climate and atmospheric CO2 concentr.pdf,RCP2.6,C3 (RCP equivalent),~900 Gt CO2,900.0,unit-bound scalar,~,,False
Weindl 等 - 2015 - Livestock in a changing climate production system transitions as an adaptation strategy for agricul.pdf,Baseline,C7: limit warming to 4°C (>50%),4067.198904304981,4067.198904304981,field-only scalar,,,False
Hamlet - 2011 - Assessing water resources adaptive capacity to climate change impacts in the Pacific Northwest Regio.pdf,B1,C4,652.4725285661066,652.4725285661066,field-only scalar,,,False
Fovargue 等 - 2021 - Spatial planning for water sustainability projects under climate uncertainty balancing human and en.pdf,RCP2.6,C3 (RCP equivalent),~900 Gt CO2,900.0,unit-bound scalar,~,,False
Wang 等 - 2021 - Modeling impacts of climate change on crop yield and phosphorus loss in a subsurface drained field o.pdf,A2,C2: return warming to 1.5°C (>50%) after a high overshoot,102.7723603383973,102.7723603383973,field-only scalar,,,False
Brandefelt和Kornich - 2008 - Northern Hemisphere Stationary Waves in Future Climate Projections.pdf,1% yr^-1 increase in atmospheric CO2 concentration to quadrupling,C5: limit warming to 2.5°C (>50%),1793.871566014591,1793.871566014591,field-only scalar,,,False
Ziegler 等 - 2024 - Development of climate indices relevant for agriculture in Africa under different climate change sce.pdf,RCP2.6,"C1 (approximate, RCP2.6 ≈ SSP1-2.6)",~500 Gt CO2 from 2020,500.0,unit-bound scalar,~,,False
Xu 等 - 2013 - The role of HFCs in mitigating 21st century climate change.pdf,RCP2.6,C1 (RCP2.6 equivalent),~500 Gt CO2 from 2020,500.0,unit-bound scalar,~,,False
Dolan 等 - 2017 - Disturbance Distance quantifying forests' vulnerability to disturbance under current and future con.pdf,A2,C5,102.7723603383973,102.7723603383973,field-only scalar,,,True
Wunderling 等 - 2022 - Recurrent droughts increase risk of cascading tipping events by outpacing adaptive capacities in the.pdf,SSP3-7.0,C7,Carbon budget exhausted,,excluded,,no unambiguous carbon-budget value,False
"Zaman 等 - 2025 - Impact Analysis of Climate Change, Socioeconomic Development, and Hydropower Generation on Water Ava.pdf",SSP1-2.6,C1,~500 Gt CO2,500.0,unit-bound scalar,~,,False
"Zaman 等 - 2025 - Impact Analysis of Climate Change, Socioeconomic Development, and Hydropower Generation on Water Ava.pdf",SSP5-8.5,C8,Exceeded,,excluded,,no unambiguous carbon-budget value,False
"Zhong和Xu - 2014 - Predicting climate change effects on surface soil organic carbon of Louisiana, USA.pdf",A2,C7,102.7723603383973,102.7723603383973,field-only scalar,,,True
"Zhong和Xu - 2014 - Predicting climate change effects on surface soil organic carbon of Louisiana, USA.pdf",B2,C6,835.4639342141137,835.4639342141137,field-only scalar,,,False
"Belay 等 - 2025 - Meteorological drought under historical and future climate scenarios in North Gojjam sub-basin, Abay.pdf",SSP2–4.5,C2,1150-1400 GtCO₂ (from 2020),1275.0,unit-bound range midpoint,,,False
"Belay 等 - 2025 - Meteorological drought under historical and future climate scenarios in North Gojjam sub-basin, Abay.pdf",SSP5–8.5,C8,1150 GtCO₂,1150.0,unit-bound scalar,,,False
Alexander 等 - 2018 - Adaptation of global land use and management intensity to changes in climate and atmospheric carbon.pdf,RCP2.6,C1 (RCP equivalent),~900 Gt CO2,900.0,unit-bound scalar,~,,False
Firoozi 等 - 2020 - Developing a framework for assessment of climate change impact on thermal stratification of dam rese.pdf,RCP2.6,SSP1-2.6,~900 Gt CO2,900.0,unit-bound scalar,~,,False
Xu 等 - 2020 - Future of the human climate niche.pdf,SSP3,SSP3-7.0,5565.348400074735,5565.348400074735,field-only scalar,,,False
Diao 等 - 2025 - A Model Study Exploring the Decision Loop Between Unilateral Stratospheric Aerosol Injection Scenari.pdf,SSP2-4.5,C5,2744.812344177873,2744.812344177873,field-only scalar,,,False
"Arthun 等 - 2025 - The future Barents Sea-A synthesis of physical, biogeochemical, and ecological changes toward 2050 a.pdf",SSP2-4.5,C5,2750 GtCO₂ (standard AR6 value for SSP2-4.5),2750.0,unit-bound scalar,,,False
Delworth 等 - 2022 - A weakened AMOC may prolong greenhouse gas-induced Mediterranean drying even with significant and ra.pdf,SSP534OS,C3-C4,1743.828671285641,1743.828671285641,field-only scalar,,,False
Moguel-Cardenas 等 - 2024 - Climate-driven change and conservation of threatened satyrine butterflies in cloud forests of southe.pdf,RCP 2.6,SSP1-2.6,~1150 Gt CO2 from 2020,1150.0,unit-bound scalar,~,,False
Brown 等 - 2022 - Agent-Based Modeling of Alternative Futures in the British Land Use System.pdf,RCP2.6-SSP1,C1 (RCP equivalent) [≈ AR6 C1 near-1.5 °C pathway],~900 Gt CO2,900.0,unit-bound scalar,~,,False
Brown 等 - 2022 - Agent-Based Modeling of Alternative Futures in the British Land Use System.pdf,RCP4.5-SSP4,C3 (Below 3°C),~1950 GtCO₂ from 2011,1950.0,unit-bound scalar,~,,False
Zhu 等 - 2020 - Modelling spatiotemporal trends in range shifts of marine commercial fish species driven by climate.pdf,RCP2.6 - Low Emission Scenario,C3 (RCP equivalent),~900 Gt CO2,900.0,unit-bound scalar,~,,False
Zhang 等 - 2024 - Limited increases in Arctic offshore oil and gas production with climate change and the implications.pdf,RCP2.6,C1 (>50% chance of limiting warming to 1.5°C),~900 Gt CO2,900.0,unit-bound scalar,~,,False
Zhang 等 - 2021 - Climate Change Decreased Net Ecosystem Productivity in the Arid Region of Central Asia.pdf,RCP2.6,C1 (Likely ≤1.5 °C with low or no overshoot),~500 Gt CO₂ (from 1-Jan-2020),500.0,unit-bound scalar,~,,False
Ahana 等 - 2024 - Future Projection of Water Resources of Ruzizi River Basin What Are the Challenges for Management S.pdf,SSP2-4.5,C3,Use standard AR6 value for SSP2-4.5 or extract from paper if specified,,excluded,,no unambiguous carbon-budget value,False
Battisti 等 - 2018 - Sensitivity and requirement of improvements of four soybean crop simulation models for climate chang.pdf,"CO2 concentration scenarios (380, 480, 580, 680, 780 ppm)",C5: limit warming to 2.5°C (>50%),1793.871566014591,1793.871566014591,field-only scalar,,,False
Li 等 - 2025 - Assessing the Impacts of Climate Change on the Potential Geographical Distribution of Lycium ruth.pdf,SSP126,C1,~500 Gt CO2,500.0,unit-bound scalar,~,,False
Li 等 - 2025 - Assessing the Impacts of Climate Change on the Potential Geographical Distribution of Lycium ruth.pdf,SSP245,C3,1150,1150.0,field-only scalar,,,False
"Aduah 等 - 2018 - Assessing Impacts of Land Use Changes on the Hydrology of a Lowland Rainforest Catchment in Ghana, W.pdf",Economic Growth and Reforestation (EGR),C5,4631.628201551354,4631.628201551354,field-only scalar,,,False
Zhang 等 - 2019 - Assessment of Climate Change and Associated Vegetation Cover Change on Watershed-Scale Runoff and Se.pdf,B1,C5,652.4725285661066,652.4725285661066,field-only scalar,,,False
Mouratiadou 等 - 2016 - The impact of climate change mitigation on water demand for energy and food An integrated analysis.pdf,SSP1 Pol irr stat SSP1 RCP 2.6,C1 (RCP equivalent),~900 Gt CO2,900.0,unit-bound scalar,~,,False
Mouratiadou 等 - 2016 - The impact of climate change mitigation on water demand for energy and food An integrated analysis.pdf,SSP5 Pol irr stat SSP5 RCP 2.6,C3 (RCP equivalent),~900 Gt CO2,900.0,unit-bound scalar,~,,False
Mosisa 等 - 2024 - Current and future distribution of Eucalyptus globulus under changing climate in Ethiopia im.pdf,SSP1-2.6,C1,~900 Gt CO2,900.0,unit-bound scalar,~,,False
Mosisa 等 - 2024 - Current and future distribution of Eucalyptus globulus under changing climate in Ethiopia im.pdf,SSP2-4.5,C2,1150 GtCO2,1150.0,unit-bound scalar,,,False
Hassan和Amleh - 2024 - Influence of Climate Change on Probability of Carbonation-Induced Corrosion Initiation.pdf,RCP2.6,C3 (RCP equivalent),~900 Gt CO2,900.0,unit-bound scalar,~,,False
Wunsch 等 - 2022 - Deep learning shows declining groundwater levels in Germany until 2100 due to climate change.pdf,RCP2.6,N/A (RCP2.6 is CMIP5 scenario),~900 Gt CO2,900.0,unit-bound scalar,~,,False
Zhou 等 - 2021 - MaxEnt Modeling Based on CMIP6 Models to Project Potential Suitable Zones for Cunninghamia lanceo.pdf,SSP1-2.6,C3,~900 Gt CO2,900.0,unit-bound scalar,~,,False
Gomez 等 - 2024 - Analysis of climate change and climate variability impacts on coastal storms induced by extratropica.pdf,RCP8.5,C5,220 Pg C,806.08,unit-bound scalar,,,False
Baur 等 - 2024 - Change in Wind Renewable Energy Potential Under Stratospheric Aerosol Injections.pdf,SSP245,C4,1150 ± 230 GtCO₂ from 2020,230.0,unit-bound scalar,,,False
Jara 等 - 2019 - Alternative reproductive adaptations predict asymmetric responses to climate change in lizards.pdf,RCP 2.6,RCP 2.6 pathway (not an SSP scenario),~900 Gt CO2,900.0,unit-bound scalar,~,,False
Fuster-Alonso 等 - 2025 - Machine learning applied to global scale species distribution models.pdf,SSP126,C1,400.0,400.0,field-only scalar,,,False
Banerjee 等 - 2020 - Niche dynamics and potential distribution of Butomus umbellatus under current and future clim.pdf,RCP 2.6,C1 (Very low GHG emissions),~500 Gt CO2 from 2020,500.0,unit-bound scalar,~,,False
Momblanch 等 - 2020 - Enhancing production and flow of freshwater ecosystem services in a managed Himalayan river system u.pdf,RCP2.6,C1,~400-500 Gt CO2,450.0,unit-bound range midpoint,~,,False
Yuan 等 - 2020 - THE ECONOMIC IMPACTS OF GLOBAL WARMING ON CHINESE CITIES.pdf,RCP2.6,C3 (RCP equivalent),~900 Gt CO2,900.0,unit-bound scalar,~,,False
Yuan和Sun - 2019 - Climate change impacts on socioeconomic damages from weather-related events in China.pdf,RCP2.6,C3 (RCP equivalent),~900 Gt CO2,900.0,unit-bound scalar,~,,False
Ribeiro 等 - 2023 - Agrosilvopastoral system as a potential model for increasing soil carbon stocks a century model app.pdf,Future scenario with a 2 °C increase in temperature,C5: limit warming to 2.5°C (>50%),1793.871566014591,1793.871566014591,field-only scalar,,,False
Yi 等 - 2022 - Multi-Model Ensemble Projections of Winter Extreme Temperature Events on the Chinese Mainland.pdf,SSP245,C5,~1200 GtCO₂ (1850-2100 cumulative),1200.0,unit-bound scalar,~,,False
"van den Berg 等 - 2016 - Exploring resource efficiency for energy, land and phosphorus use Implications for resource scarcit.pdf",Baseline (BL),C7: limit warming to 4°C (>50%),4067.198904304981,4067.198904304981,field-only scalar,,,False
Begmohammadi 等 - 2025 - Assessing Future Coastal Flood Hazards From Tropical Cyclones in the Northeastern United States.pdf,SSP2-4.5,C3,2744.812344177873,2744.812344177873,field-only scalar,,,False
Kiani和Kamangar - 2022 - A survey on the Koppen climate classification of Iran in 1975 and Comparing it with the CSIR Model O.pdf,A2,C4,102.7723603383973,102.7723603383973,field-only scalar,,,False
"Ty 等 - 2022 - Assessment of Relationship between Climate Change, Drought, and Land Use and Land Cover Changes in a.pdf",SSP1-2.6,C1,~400-500 Gt CO2 from 2020,450.0,unit-bound range midpoint,~,,False
"Ty 等 - 2022 - Assessment of Relationship between Climate Change, Drought, and Land Use and Land Cover Changes in a.pdf",SSP2-4.5,C5,2744.812344177873,2744.812344177873,field-only scalar,,,False
Zhang Yongyong 等 - 2012 - Runoff variation and its response to climate change in the Three Rivers Source Region.pdf,B1,C5,652.4725285661066,652.4725285661066,field-only scalar,,,False
Zhang 等 - 2021 - Increasing precipitation variability on daily-to-multiyear time scales in a warmer world.pdf,RCP8.5,C8,Not specified,,excluded,,no unambiguous carbon-budget value,False
Zhu 等 - 2023 - Factors affecting climate variability of basin-wide western North Pacific tropical cyclone intensity.pdf,SE1,C3: limit warming to 2°C (>67%),791.1098190204189,791.1098190204189,field-only scalar,,,False
Lemond 等 - 2011 - DRIAS a step toward Climate Services in France.pdf,B1,C3,652.4725285661066,652.4725285661066,field-only scalar,,,False
Blair 等 - 2021 - Not Cool On the Loss of Cold Weather in the Canadian Arctic.pdf,RCP4.5,C3 (Below 2°C),~1400 GtCO₂ from 2020,1400.0,unit-bound scalar,~,,False
Young 等 - 2021 - A cautionary tale about using the apparent carbon accumulation rate (aCAR) obtained from peat cores.pdf,Baseline simulation,C7: limit warming to 4°C (>50%),4067.198904304981,4067.198904304981,field-only scalar,,,False
Hao 等 - 2020 - Assessing the impact of climate change on energy retrofit of alpine historic buildings consequences.pdf,RCP8.5,High (SSP5-8.5),Very high emissions pathway,,excluded,,no unambiguous carbon-budget value,False
Yang和Suh - 2021 - Economic disparity among generations under the Paris Agreement.pdf,RCP2.6,C1 (Likely below 1.5°C with no or limited overshoot),~500 Gt CO₂ (from 2020),500.0,unit-bound scalar,~,,False
Yang和Suh - 2021 - Economic disparity among generations under the Paris Agreement.pdf,SSP4-6.0,C4,926.934350590003 GtCO₂,926.934350590003,unit-bound scalar,,,False
Stevens 等 - 2019 - Future Lyme disease risk in the south-eastern United States based on projected land cover.pdf,A2,C5,102.7723603383973,102.7723603383973,field-only scalar,,,True
Stevens 等 - 2019 - Future Lyme disease risk in the south-eastern United States based on projected land cover.pdf,B1,C5,652.4725285661066,652.4725285661066,field-only scalar,,,False
Stevens 等 - 2019 - Future Lyme disease risk in the south-eastern United States based on projected land cover.pdf,B2,C5,835.4639342141137,835.4639342141137,field-only scalar,,,False
Su 等 - 2025 - Impact of Climate Change on Interregional Transmission during China's Power System Decarbonization.pdf,SSP1-2.6,C1,~900 Gt CO2,900.0,unit-bound scalar,~,,False
Young-Brun 等 - 2025 - Within-country inequality and the shaping of a just global climate policy.pdf,BAU,C7: limit warming to 4°C (>50%),4421.106912693341,4421.106912693341,field-only scalar,,,False
Young-Brun 等 - 2025 - Within-country inequality and the shaping of a just global climate policy.pdf,U/N,C5,949.2331878059626,949.2331878059626,field-only scalar,,,False
"Zhang 等 - 2023 - Impact of Climate Change on Streamflow in the Middle-Upper Reaches of the Weihe River Basin, China.pdf",SSP1-2.6,C3,~900 Gt CO2,900.0,unit-bound scalar,~,,False
Zubler 等 - 2016 - Climate change signals of CMIP5 general circulation models over the Alps-impact of model selection.pdf,RCP2.6,C3 (RCP equivalent),~900 Gt CO2,900.0,unit-bound scalar,~,,False
Bont 等 - 2025 - Optimizing sustainable and multifunctional management of Alpine Forests under climate change.pdf,SSP2-4.5,C5,2744.812344177873,2744.812344177873,field-only scalar,,,False
Pozzer 等 - 2024 - Atmospheric health burden across the century and the accelerating impact of temperature compared to.pdf,SSP1-2.6,C3,~900 Gt CO2,900.0,unit-bound scalar,~,,False
Pozzer 等 - 2024 - Atmospheric health burden across the century and the accelerating impact of temperature compared to.pdf,SSP2-4.5,C3,2744.8 GtCO₂,2744.8,unit-bound scalar,,,False
Soares 等 - 2025 - Expanding the European water Framework Directive indicators to address long-term climate change impa.pdf,SSP1-RCP2.6,C3 (RCP equivalent),~300-500 Gt CO2 (from 2020),400.0,unit-bound range midpoint,~,,False
Soares 等 - 2025 - Expanding the European water Framework Directive indicators to address long-term climate change impa.pdf,SSP5-RCP8.5,C8 (RCP equivalent),Not applicable (high emissions pathway),,excluded,,no unambiguous carbon-budget value,False
Rao 等 - 2016 - A multi-model assessment of the co-benefits of climate mitigation for global air quality.pdf,REF-CLE,C7: limit warming to 4°C (>50%),4631.628201551354,4631.628201551354,field-only scalar,,,False
"Yassaghi 等 - 2022 - Partitioning Climate, Users, and Thermophysical Uncertainties from Building Energy Use A Monte Carl.pdf",A2,C5,102.7723603383973,102.7723603383973,field-only scalar,,,True
Saddique 等 - 2025 - Identifying the optimum irrigation strategies to maximize canola yield and profitability under clima.pdf,SSP245,C2,2744.812344177873,2744.812344177873,field-only scalar,,,True
Srinidhi 等 - 2024 - Critical climate-stress moments for semi-arid farming systems in India.pdf,SSP2-4.5,C3,2744.812344177873,2744.812344177873,field-only scalar,,,False
Solomon 等 - 2012 - Uncertainties in the evolution of stratospheric ozone and implications for recent temperature change.pdf,SPARC,C3,~900 Gt CO2,900.0,unit-bound scalar,~,,False
Zong 等 - 2024 - Climate change unevenly affects the dependence of multiple climate-related hazards in China.pdf,SSP1-2.6,C3,~900 Gt CO2,900.0,unit-bound scalar,~,,False
Zydelis 等 - 2021 - Future climate change will accelerate maize phenological development and increase yield in the Nemor.pdf,RCP2.6,C3 (RCP equivalent),~900 Gt CO2,900.0,unit-bound scalar,~,,False
Luo 等 - 2020 - Differences in the responses of flow and nutrient load to isolated and coupled future climate and la.pdf,RCP2.6,C3 (RCP equivalent),~900 Gt CO2,900.0,unit-bound scalar,~,,False
Jiang和Zhou - 2025 - Interdecadal Pacific oscillation phase dominants near-term global monsoon precipitation changes.pdf,SSP2-4.5,C5,2744.812344177873,2744.812344177873,field-only scalar,,,False
Sorenson 等 - 2024 - Combining predictive soil mapping and process models to estimate future carbon sequestration potenti.pdf,SSP126,C1,500.0,500.0,field-only scalar,,,False
Sorenson 等 - 2024 - Combining predictive soil mapping and process models to estimate future carbon sequestration potenti.pdf,SSP245,C2,Not specified,,excluded,,no unambiguous carbon-budget value,False
Wang 等 - 2025 - Coupling natural-social models can better quantify the interactions in achieving carbon neutrality i.pdf,SSP1-2.6,C1,942.4855433794125,942.4855433794125,field-only scalar,,,False
"Adhikari和Hansen - 2019 - Climate and water balance change among public, private, and tribal lands within Greater Wild land Ec.pdf",RCP8.5,C8,Not reached (exceeds budget),,excluded,,no unambiguous carbon-budget value,False
"Chamorro 等 - 2020 - Analysis of future changes in meteorological drought patterns in Fulda, Germany.pdf",RCP2.6,C1 (RCP equivalent),~1000 Gt CO2 (from 2011),1000.0,unit-bound scalar,~,,False
Wu 等 - 2017 - Shortening the recurrence periods of extreme water levels under future sea-level rise.pdf,RCP2.6,C1,~300-500 Gt CO2,400.0,unit-bound range midpoint,~,,False
Smith 等 - 2016 - Shifting targets spatial priorities for ex situ plant conservation depend on interactions between c.pdf,RCP4.5 with precautionary strategy,C2,~1000 GtCO₂ from 2020,1000.0,unit-bound scalar,~,,False
Xie 等 - 2023 - Rebalancing climate finance Analysing multilateral development banks' allocation practices.pdf,Baseline scenario,C7: limit warming to 4°C (>50%),4067.198904304981,4067.198904304981,field-only scalar,,,False
Zhang 等 - 2020 - Possible NPP changes and risky ecosystem region identification in China during the 21st century base.pdf,SSP245,C3,1150 GtCO₂,1150.0,unit-bound scalar,,,False
"Narula和Gosain - 2013 - Modeling hydrology, groundwater recharge and non-point nitrate loadings in the Himalayan Upper Yamun.pdf",A2,C7,102.7723603383973,102.7723603383973,field-only scalar,,,True
"Narula和Gosain - 2013 - Modeling hydrology, groundwater recharge and non-point nitrate loadings in the Himalayan Upper Yamun.pdf",B2,C5,835.4639342141137,835.4639342141137,field-only scalar,,,False
Xabadia 等 - 2014 - MANAGING FORESTS FOR CARBON AND BIODIVERSITY UNDER CLIMATE CHANGE.pdf,A2,C5,102.7723603383973,102.7723603383973,field-only scalar,,,True
Xabadia 等 - 2014 - MANAGING FORESTS FOR CARBON AND BIODIVERSITY UNDER CLIMATE CHANGE.pdf,B2,C4,835.4639342141137,835.4639342141137,field-only scalar,,,False
Xabadia 等 - 2014 - MANAGING FORESTS FOR CARBON AND BIODIVERSITY UNDER CLIMATE CHANGE.pdf,Baseline (BL),C7,4067.198904304981,4067.198904304981,field-only scalar,,,False
"Shrestha 等 - 2017 - Assessment of climate change impact on water diversion from the Bago River to the Moeyingyi wetland,.pdf",RCP 8.5,C8 (High GHG emissions),Very high emissions pathway,,excluded,,no unambiguous carbon-budget value,False
Smith和Booker - 2025 - Shifts in Environmental Targets for Managing Fine Sediment in Rivers Are Anticipated Under Climate C.pdf,SSP126,C1,~500 Gt CO2,500.0,unit-bound scalar,~,,False
De Lombaerde 等 - 2022 - Maintaining forest cover to enhance temperature buffering under future climate change.pdf,RCP2.6,C3 (RCP equivalent),~900 Gt CO2,900.0,unit-bound scalar,~,,False
"Wang 等 - 2023 - Coupling PLUS-InVEST Model for Ecosystem Service Research in Yunnan Province, China.pdf",SSP126,C1,~500 Gt CO2,500.0,unit-bound scalar,~,,False
"Wang 等 - 2023 - Coupling PLUS-InVEST Model for Ecosystem Service Research in Yunnan Province, China.pdf",SSP245,C2,2744.812344177873 (study-specific),2744.812344177873,field-only scalar,,,True
Wu 等 - 2007 - Modelling the impact of recent land-cover changes on the 25 stream flows in northeastern Puerto Rico.pdf,Total Reforestation Scenario,C7: limit warming to 4°C (>50%),4631.628201551354,4631.628201551354,field-only scalar,,,False
Zhang 等 - 2023 - Evolution Characteristics of Meteorological Drought under Future Climate Change in the Middle Reache.pdf,SSP245,C3,2744.812344177873,2744.812344177873,field-only scalar,,,False
Zarghami 等 - 2016 - Reservoir operation using system dynamics under climate change impacts a case study of Yamchi reser.pdf,A2,C5,102.7723603383973,102.7723603383973,field-only scalar,,,True
Zarghami 等 - 2016 - Reservoir operation using system dynamics under climate change impacts a case study of Yamchi reser.pdf,RCP2.6,C1,~900 Gt CO2,900.0,unit-bound scalar,~,,False
Yang 等 - 2022 - Quantifying the Contributions of Climate Change and Human Activities to Water Volume in Lake Qinghai.pdf,P1,C3: limit warming to 2°C (>67%),942.4855433794125,942.4855433794125,field-only scalar,,,False
Voldseth 等 - 2009 - ADAPTATION OF FARMING PRACTICES COULD BUFFER EFFECTS OF CLIMATE CHANGE ON NORTHERN PRAIRIE WETLANDS.pdf,+2°C and +4°C temperature increases with ±10% precipitation,C5: limit warming to 2.5°C (>50%),1793.871566014591,1793.871566014591,field-only scalar,,,False
Feleke 等 - 2025 - Climate on the Edge Impacts and Adaptation in Ethiopia's Agriculture.pdf,SSP2-4.5,C2,2744.812344177873,2744.812344177873,field-only scalar,,,True
Kikstra 等 - 2021 - Climate mitigation scenarios with persistent COVID-19-related energy demand changes.pdf,Restore,C7: limit warming to 4°C (>50%),4604.481143427942,4604.481143427942,field-only scalar,,,False
Kikstra 等 - 2021 - Climate mitigation scenarios with persistent COVID-19-related energy demand changes.pdf,Self-reliance,C7: limit warming to 4°C (>50%),4797.746590245078,4797.746590245078,field-only scalar,,,False
Kikstra 等 - 2021 - Climate mitigation scenarios with persistent COVID-19-related energy demand changes.pdf,Smart use,C7: limit warming to 4°C (>50%),4612.484632266418,4612.484632266418,field-only scalar,,,False
Kikstra 等 - 2021 - Climate mitigation scenarios with persistent COVID-19-related energy demand changes.pdf,Green push,C7: limit warming to 4°C (>50%),4397.488623565809,4397.488623565809,field-only scalar,,,False
Almagro 等 - 2025 - SSP-CABra-Streamflow Scenarios Projections for Brazilian Catchments.pdf,SSP5-8.5,C8,2744.812344177873,2744.812344177873,field-only scalar,,,False
Zhao 等 - 2025 - Climate change is leading to geographic expansion of tropical birds-range expansion and niche modeli.pdf,SSP126,C1,500,500.0,field-only scalar,,,False
Zhao 等 - 2025 - Climate change is leading to geographic expansion of tropical birds-range expansion and niche modeli.pdf,SSP245,C4,2744.812344177873,2744.812344177873,field-only scalar,,,False
Hanski 等 - 2018 - Assessing climate change adaptation strategies-the case of drought and heat wave in the French nucle.pdf,RCP2.6 + SSP1,C1 (RCP equivalent),~300-500 Gt CO2,400.0,unit-bound range midpoint,~,,False
Hanski 等 - 2018 - Assessing climate change adaptation strategies-the case of drought and heat wave in the French nucle.pdf,RCP8.5 + SSP5,SSP5-8.5,2018 basis: ~2500 Gt CO₂ (1850-end 2100),2500.0,unit-bound scalar,~,,False
Ballarin 等 - 2023 - CLIMBra - Climate Change Dataset for Brazil.pdf,SSP2-4.5,C3,1150 GtCO2,1150.0,unit-bound scalar,,,False
Xu 等 - 2024 - Climate change will reduce North American inland wetland areas and disrupt their seasonal regimes.pdf,SSP126,C1,500 GtCO₂,500.0,unit-bound scalar,,,False
Huntingford 等 - 2005 - Aspects of climate change prediction relevant to crop productivity.pdf,A2,C6,102.7723603383973,102.7723603383973,field-only scalar,,,True
Cui 等 - 2025 - Permafrost response and feedback under temperature stabilization and overshoot scenarios with differ.pdf,SWL-1.5,C3,~500 Gt CO2,500.0,unit-bound scalar,~,,False
Wise - 2009 - Climate-based sensitivity of air quality to climate change scenarios for the southwestern United Sta.pdf,A2,C5,102.7723603383973,102.7723603383973,field-only scalar,,,True
Wise - 2009 - Climate-based sensitivity of air quality to climate change scenarios for the southwestern United Sta.pdf,B2,C5,835.4639342141137,835.4639342141137,field-only scalar,,,False
Yang 等 - 2018 - Differential Impacts of 1.5 and 2°C Warming on Extreme Events Over China Using Statistically Downsca.pdf,1.5°C warming,C4,271.9704635822378,271.9704635822378,field-only scalar,,,False
Yang 等 - 2018 - Differential Impacts of 1.5 and 2°C Warming on Extreme Events Over China Using Statistically Downsca.pdf,Differential impacts of 1.5°C and 2°C warming on extreme events over China,C6,1793.871566014591,1793.871566014591,field-only scalar,,,False
Srikanth 等 - 2025 - Investigating the Impact of Compound Extremes on Crop Yield Response of Cotton Using DSSAT-CROPGRO-C.pdf,SSP245,C3,1150,1150.0,field-only scalar,,,False
Bedada 等 - 2025 - Improving climate information through projecting climate change and variability in the Upper Awash S.pdf,SSP2-4.5,C3,1150-1400 GtCO₂,1275.0,unit-bound range midpoint,,,False
Wu 等 - 2018 - Projected avifaunal responses to climate change across the US National Park System.pdf,RCP2.6,C1 (Below 1.5°C with no or limited overshoot),~900 Gt CO2,900.0,unit-bound scalar,~,,False
Abrha 等 - 2018 - Predicting suitable habitats of endangered Juniperus procera tree under climate change in Nor.pdf,RCP2.6,C2 (Likely below 2°C),~300 Gt CO2 (from 2020),300.0,unit-bound scalar,~,,False
Murray 等 - 2024 - Estimating future climate change impacts on human mortality and crop yields via air pollution.pdf,SSP1-1.9,C1,~500 Gt CO2,500.0,unit-bound scalar,~,,False
Zhao 等 - 2022 - Impacts of Extreme Climate Events on Future Rice Yields in Global Major Rice-Producing Regions.pdf,SSP126,C1,~500 Gt CO2,500.0,unit-bound scalar,~,,False
Zhao 等 - 2022 - Impacts of Extreme Climate Events on Future Rice Yields in Global Major Rice-Producing Regions.pdf,SSP245,C3,1150 GtCO₂ from 2020,1150.0,unit-bound scalar,,,False
Jonsdottir - 2008 - A runoff map based on numerically simulated precipitation and a projection of future runoff in Icela.pdf,A2,C5,102.7723603383973,102.7723603383973,field-only scalar,,,True
Jonsdottir - 2008 - A runoff map based on numerically simulated precipitation and a projection of future runoff in Icela.pdf,B2,C5,835.4639342141137,835.4639342141137,field-only scalar,,,False
Nagireddy 等 - 2023 - Assessment of the Impact of Climate Change on Streamflow and Sediment in the Nagavali and Vamsadhara.pdf,SSP245,C3,2744.812344177873,2744.812344177873,field-only scalar,,,False
Xu 等 - 2009 - Projected changes in temperature and precipitation extremes over the Yangtze River Basin of China in.pdf,A2,C5,102.7723603383973,102.7723603383973,field-only scalar,,,True
Xu 等 - 2009 - Projected changes in temperature and precipitation extremes over the Yangtze River Basin of China in.pdf,B1,C5,652.4725285661066,652.4725285661066,field-only scalar,,,False
Zhao 等 - 2025 - Occurrence Data Sources Matter for Species Distribution Modeling A Case Study of Quercus variabilis.pdf,RCP2.6,C1 (closest SSP equivalent),~1150 Gt CO₂,1150.0,unit-bound scalar,~,,False
Smith 等 - 2020 - Impact of methane and black carbon mitigation on forcing and temperature a multi-model scenario ana.pdf,CH4-Only,C5,4701.689283291276,4701.689283291276,field-only scalar,,,False
Smith 等 - 2020 - Impact of methane and black carbon mitigation on forcing and temperature a multi-model scenario ana.pdf,BCOC-EndU,C5,4708.871082689263,4708.871082689263,field-only scalar,,,False
Wilby 等 - 2023 - Spatial and temporal scaling of sub-daily extreme rainfall for data sparse places.pdf,RCP8.5,C8 (SSP5-8.5),N/A (exceeds budget for 2°C),,excluded,,explicitly missing/unspecified,False
de Oliveira 等 - 2012 - Conserving the Brazilian semiarid (Caatinga) biome under climate change.pdf,A2,C7,102.7723603383973,102.7723603383973,field-only scalar,,,True
de Oliveira 等 - 2012 - Conserving the Brazilian semiarid (Caatinga) biome under climate change.pdf,B2,C5,835.4639342141137,835.4639342141137,field-only scalar,,,False
Kim 等 - 2025 - An integrated approach for characterizing and selecting climate change scenarios based on variabilit.pdf,SSP126,C1,~1150 Gt CO2 from 2020,1150.0,unit-bound scalar,~,,False
Kim 等 - 2025 - An integrated approach for characterizing and selecting climate change scenarios based on variabilit.pdf,SSP585,C7,1150 GtCO₂ from 2020 (for 50% likelihood of limiting warming to 4°C),1150.0,unit-bound scalar,,,False
Aboelnour 等 - 2019 - Hydrologic Response in an Urban Watershed as Affected by Climate and Land-Use Change.pdf,S1,C3: limit warming to 2°C (>67%),893.060956844902,893.060956844902,field-only scalar,,,False
Aboelnour 等 - 2019 - Hydrologic Response in an Urban Watershed as Affected by Climate and Land-Use Change.pdf,S2,C4: limit warming to 2°C (>50%),1447.733517816087,1447.733517816087,field-only scalar,,,False
Zhang 等 - 2025 - Carbon-Degrading Gene Resistance Contributes to Microbial Thermal Adaptation of Soil Carbon Decompos.pdf,Increased Temperature Fluctuation,C.3: physics-based effect,4631.628201551354,4631.628201551354,field-only scalar,,,False
van der Valk 等 - 2015 - Predicted Changes in Interannual Water-Level Fluctuations Due to Climate Change and Its Implications.pdf,10% Decrease in Rainfall and 1.5°C Increase in Temperature,C1: limit warming to 1.5°C (>50%) with no or limited overshoot,271.9704635822378,271.9704635822378,field-only scalar,,,False
Gutschow 等 - 2021 - Country-resolved combined emission and socio-economic pathways based on the Representative Concentra.pdf,RCP2.6,C3 (RCP equivalent),~900 Gt CO2,900.0,unit-bound scalar,~,,False
Gutschow 等 - 2021 - Country-resolved combined emission and socio-economic pathways based on the Representative Concentra.pdf,SSP2-4.5,C5,2744.812344177873,2744.812344177873,field-only scalar,,,False
"Behera 等 - 2023 - Yield, water, and carbon footprint of rainfed rice production under the lens of mid-century climate.pdf",RCP 8.5 - High Greenhouse Gas Concentration Pathway,C8: High GHG emissions,Not applicable - RCP is concentration-driven scenario,,excluded,,no unambiguous carbon-budget value,False
Sultana 等 - 2009 - Vulnerability and adaptability of wheat production in different climatic zones of Pakistan under cli.pdf,"CO2 concentration scenarios (375, 550, 700 ppm)",C5: limit warming to 2.5°C (>50%),1793.871566014591,1793.871566014591,field-only scalar,,,False
Alexander 等 - 2013 - Greenhouse Gas-Induced Changes in Summer Precipitation over Colorado in NARCCAP Regional Climate Mod.pdf,A2,C5,102.7723603383973,102.7723603383973,field-only scalar,,,True
Liu 等 - 2024 - A CMIP6-based assessment of regional climate change in the Chinese Tianshan Mountains.pdf,SSP1-2.6,C1,500 GtCO₂,500.0,unit-bound scalar,,,False
Liu 等 - 2024 - A CMIP6-based assessment of regional climate change in the Chinese Tianshan Mountains.pdf,SSP5-8.5,C8,Model-dependent (high emissions scenario),,excluded,,no unambiguous carbon-budget value,False
Wolf和Toon - 2014 - Controls on the Archean Climate System Investigated with a Global Climate Model.pdf,Baseline simulation of late Archean atmosphere,C7: limit warming to 4°C (>50%),4067.198904304981,4067.198904304981,field-only scalar,,,False
Kebede 等 - 2018 - Applying the global RCP-SSP-SPA scenario framework at sub-national scale A multi-scale and particip.pdf,SSP2,C5,325.2897925777136,325.2897925777136,field-only scalar,,,True
Wollenberg 等 - 2016 - Reducing emissions from agriculture to meet the 2°C target.pdf,RCP2.6,RCP2.6,~900 Gt CO2,900.0,unit-bound scalar,~,,False
Entwisle 等 - 2016 - Climate shocks and migration an agent-based modeling approach.pdf,reference,C8: exceed warming of 4°C (>=50%),6016.054280938453,6016.054280938453,field-only scalar,,,False
Jollands 等 - 2007 - The climate's long-term impact on New Zealand infrastructure (CLINZI) project - A case study of Hami.pdf,S2—CSIRO High,C5: limit warming to 2.5°C (>50%),1793.871566014591,1793.871566014591,field-only scalar,,,False
Hanberry - 2023 - A solution for perfect bioclimate envelopes that are imperfect for extirpated species.pdf,ssp5-8.5,C8,Very high (exceeds 3000 GtCO₂),3000.0,unit-bound scalar,,,False
Feng 等 - 2025 - Predicting the impact of dynamic global urban expansion on urban soil organic carbon.pdf,SSP126,C1,942.4855433794125,942.4855433794125,field-only scalar,,,False
Bauer 等 - 2016 - The geography of forest diversity and community changes under future climate conditions in the easte.pdf,B1,C5,652.4725285661066,652.4725285661066,field-only scalar,,,False
Svetlov - 2024 - The Impact of Climate Change on Agricultural Outcomes of Climate Policy A Regional Perspective.pdf,К2 — «будущий»,C3: limit warming to 2°C (>67%),942.4855433794125,942.4855433794125,field-only scalar,,,False
Svetlov - 2024 - The Impact of Climate Change on Agricultural Outcomes of Climate Policy A Regional Perspective.pdf,К3 — «будущий + рост мировых цен»,C5: limit warming to 2.5°C (>50%),1774.37058797565,1774.37058797565,field-only scalar,,,False
"Zhu 等 - 2017 - Quantitative analysis of the water-energy-climate nexus in Shanxi Province, China.pdf",RCP2.6,C1 (RCP equivalent),~900 Gt CO2,900.0,unit-bound scalar,~,,False
"Zhu 等 - 2017 - Quantitative analysis of the water-energy-climate nexus in Shanxi Province, China.pdf",RCP4.5,C2 (SSP2-4.5),~900 GtCO2,900.0,unit-bound scalar,~,,False
Azadi 等 - 2019 - Reservoir Water-Quality Projections under Climate-Change Conditions.pdf,A2,C5,102.7723603383973,102.7723603383973,field-only scalar,,,True
Malone 等 - 2020 - Drainage N Loads Under Climate Change with Winter Rye Cover Crop in a Northern Mississippi River Bas.pdf,CC,C3: limit warming to 2°C (>67%),440.0556818855494,440.0556818855494,field-only scalar,,,False
Bhattacharyya 等 - 2019 - Insights from present distribution of an alpine mammal Royle's pika (Ochotona roylei) to pred.pdf,RCP2.6,C1,~900 Gt CO2,900.0,unit-bound scalar,~,,False
Faranda和Defrance - 2016 - A wavelet-based approach to detect climate change on the coherent and turbulent component of the atm.pdf,RCP 2.6,C1 (SSP1-2.6 equivalent),~400 Gt CO2 (from 2020),400.0,unit-bound scalar,~,,False
Aryal和Zhu - 2020 - Multimodel ensemble projection of meteorological drought scenarios and connection with climate based.pdf,RCP8.5,C8 (RCP equivalent),Not applicable (exceeds budget),,excluded,,no unambiguous carbon-budget value,False
Czupryna 等 - 2020 - An Agent-Based Approach to Integrated Assessment Modelling of Climate Change.pdf,2°C temperature increase,C4,1793.871566014591,1793.871566014591,field-only scalar,,,False
Akperov 等 - 2021 - Responses of Arctic cyclones to biogeophysical feedbacks under future warming scenarios in a regiona.pdf,RCP2.6,SSP1-2.6,~900 Gt CO2,900.0,unit-bound scalar,~,,False
Akperov 等 - 2021 - Responses of Arctic cyclones to biogeophysical feedbacks under future warming scenarios in a regiona.pdf,RCP8.5,C8 (RCP equivalent),"High, not quantified in study",,excluded,,no unambiguous carbon-budget value,False
Akafu 等 - 2025 - Modeling the Current Land Suitability and Future Dynamics for Coffee (Coffea Arabica L.) Cult.pdf,SSP126,C1,~500 Gt CO2,500.0,unit-bound scalar,~,,False
Akafu 等 - 2025 - Modeling the Current Land Suitability and Future Dynamics for Coffee (Coffea Arabica L.) Cult.pdf,SSP245,C2,1000-1500 GtCO₂,1250.0,unit-bound range midpoint,,,False
Merriam 等 - 2019 - Conservation planning at the intersection of landscape and climate change brook trout in the Chesap.pdf,A2,C7,102.7723603383973,102.7723603383973,field-only scalar,,,True
Hashemi 等 - 2015 - Coupled modeling approach to assess climate change impacts on groundwater recharge and adaptation in.pdf,A2,C5,102.7723603383973,102.7723603383973,field-only scalar,,,True
Hashemi 等 - 2015 - Coupled modeling approach to assess climate change impacts on groundwater recharge and adaptation in.pdf,B1-climate + Historical Abstraction,C5,652.4725285661066,652.4725285661066,field-only scalar,,,False
Molina 等 - 2023 - Bioenergetic Model of the Highly Exploited Shark Mustelus schmitti under a Global Warming Con.pdf,Baseline,C7: limit warming to 4°C (>50%),4067.198904304981,4067.198904304981,field-only scalar,,,False
Molina 等 - 2023 - Bioenergetic Model of the Highly Exploited Shark Mustelus schmitti under a Global Warming Con.pdf,Moderate (+2°C),C5: limit warming to 2.5°C (>50%),1793.871566014591,1793.871566014591,field-only scalar,,,False
Kim 等 - 2016 - Analysis of Occurrence Distribution and Synoptic Pattern of Future Heat Waves in Korea.pdf,RCP 2.6,C1,~900 Gt CO2,900.0,unit-bound scalar,~,,False
Ferro 等 - 2014 - The Reduced Effectiveness of Protected Areas under Climate Change Threatens Atlantic Forest Tiger Mo.pdf,A2,C5,102.7723603383973,102.7723603383973,field-only scalar,,,True
Zhu 等 - 2023 - Global warming may significantly increase childhood anemia burden in sub-Saharan Africa.pdf,SSP2-4.5,C3,2744.8 GtCO₂,2744.8,unit-bound scalar,,,False
Zhu 等 - 2023 - Global warming may significantly increase childhood anemia burden in sub-Saharan Africa.pdf,SSP1-2.6,C1,910 Gt CO2,910.0,unit-bound scalar,,,False
Zahmatkesh和Karamouz - 2017 - An uncertainty-based framework to quantifying climate change impacts on coastal flood vulnerability.pdf,A2,C4,102.7723603383973,102.7723603383973,field-only scalar,,,False
Meyer 等 - 2018 - Contemporary Resource Policy and Decoupling TrendsLessons Learnt from Integrated Model-Based Assessm.pdf,Climate Active Scenario Baseline,C5,4067.198904304981,4067.198904304981,field-only scalar,,,False
Zhang 等 - 2018 - Analysis of the Economic Ripple Effect of the United States on the World due to Future Climate Chang.pdf,RCP4.5,C5 (RCP equivalent),Not defined for RCP,,excluded,,no unambiguous carbon-budget value,False
Afsari 等 - 2024 - Projected Climate Change Impacts on the Number of Dry and Very Heavy Precipitation Days by Century's.pdf,SSP126,C1,942.4855433794125,942.4855433794125,field-only scalar,,,False
Cao 等 - 2022 - Alterations in Population Distribution of Liriodendron chinense (Hemsl.) Sarg. and Liriode.pdf,RCP2.6,Low GHG emissions (C1),~400-500 Gt CO2 from 2020,450.0,unit-bound range midpoint,~,,False
Ghisbain 等 - 2024 - Projected decline in European bumblebee populations in the twenty-first century.pdf,SSP1-2.6,C1,~1150 Gt CO2 from 2020 (for a 50% chance of limiting warming to 1.5°C),1150.0,unit-bound scalar,~,,False
Ghisbain 等 - 2024 - Projected decline in European bumblebee populations in the twenty-first century.pdf,SSP3-6.0,C4,3731.208353710709,3731.208353710709,field-only scalar,,,False
Laghari 等 - 2025 - Predicting spatiotemporal changes in flood prone regions using PSO-ML coupling under climate c.pdf,SSP126,C1/C2,N/A - use paper's methodology value if specified,,excluded,,explicitly missing/unspecified,False
Laghari 等 - 2025 - Predicting spatiotemporal changes in flood prone regions using PSO-ML coupling under climate c.pdf,SSP245,C2,2744.812344177873,2744.812344177873,field-only scalar,,,True
Feng和Beighley - 2020 - Identifying uncertainties in hydrologic fluxes and seasonality from hydrologic model components for.pdf,RCP8.5,RCP8.5 pathway (can be combined with various SSPs),Not applicable,,excluded,,no unambiguous carbon-budget value,False
Alemu 等 - 2023 - Spatiotemporal change of climate extremes under the projection of CMIP6 model analysis over Awash Ba.pdf,SSP1-2.6,C3,~900 Gt CO2,900.0,unit-bound scalar,~,,False
Alemu 等 - 2023 - Spatiotemporal change of climate extremes under the projection of CMIP6 model analysis over Awash Ba.pdf,SSP2-4.5,C2,2744.812344177873,2744.812344177873,field-only scalar,,,True
Barreto 等 - 2022 - Viability meets suitability distribution of the extinction risk of an imperiled titi monkey (Cal.pdf,RCP2.6,C1,~400-500 Gt CO2,450.0,unit-bound range midpoint,~,,False
Battilani 等 - 2016 - Aflatoxin B1 contamination in maize in Europe increases due to climate change.pdf,+2 °C climate change scenario,C3,1793.871566014591,1793.871566014591,field-only scalar,,,False
Orlowsky 等 - 2014 - Today's virtual water consumption and trade under future water scarcity.pdf,RCP2.6,C3 (RCP equivalent),~900 Gt CO2,900.0,unit-bound scalar,~,,False
Xu 等 - 2025 - Projected hydroclimatic changes in Xinjiang under bias-corrected CMIP6 scenarios.pdf,SSP1-2.6,C3,~900 Gt CO2,900.0,unit-bound scalar,~,,False
Kaspersen 等 - 2017 - Comparison of the impacts of urban development and climate change on exposing European cities to plu.pdf,RCP 8.5,C8 (High GHG emissions),>4000 GtCO₂,4000.0,unit-bound scalar,>,,False
Zhang 等 - 2017 - Seeking potential contributions to future carbon budget in conterminous US forests considering distu.pdf,A2,C5,102.7723603383973,102.7723603383973,field-only scalar,,,True
Zhang 等 - 2017 - Seeking potential contributions to future carbon budget in conterminous US forests considering distu.pdf,S1,C5,893.060956844902,893.060956844902,field-only scalar,,,False
Villa 等 - 2024 - Multi-scenario Extreme Weather Simulator application to heat waves Ko'olauloa community resilience.pdf,SSP2-4.5,C2,2744.812344177873,2744.812344177873,field-only scalar,,,True
Villa 等 - 2024 - Multi-scenario Extreme Weather Simulator application to heat waves Ko'olauloa community resilience.pdf,SSP5-8.5,C7,Very high,,excluded,,no unambiguous carbon-budget value,False
Zhao 等 - 2025 - Assessing the spatial and temporal dynamics of crop production water footprint evolution and its dri.pdf,SSP245,C3,Not specified,,excluded,,no unambiguous carbon-budget value,False
Onol和Semazzi - 2009 - Regionalization of Climate Change Simulations over the Eastern Mediterranean.pdf,A2,C5,102.7723603383973,102.7723603383973,field-only scalar,,,True
Onyutha - 2020 - Analyses of rainfall extremes in East Africa based on observations from rain gauges and climate chan.pdf,RCP 2.6,SSP1-2.6,~900 Gt CO2,900.0,unit-bound scalar,~,,False
Gul 等 - 2025 - Present and future habitat shifts of the most important commercial fish species in the Black Sea und.pdf,SSP1–1.9,C1,~500 Gt CO2 from 2020,500.0,unit-bound scalar,~,,False
Luo 等 - 2013 - Assessment of climate change impacts on hydrology and water quality with a watershed modeling approa.pdf,A2,C5,102.7723603383973,102.7723603383973,field-only scalar,,,True
Giuliani 等 - 2022 - Unintended consequences of climate change mitigation for African river basins.pdf,RCP 2.6,C3 (RCP equivalent),~900 Gt CO2,900.0,unit-bound scalar,~,,False
Kim 等 - 2021 - Assessing the Hydroclimatic Movement under Future Scenarios Including both Climate and Land Use Chan.pdf,SSP2-4.5,C5,~1200–1400 Gt CO₂,1300.0,unit-bound range midpoint,~,,False
Biswas 等 - 2017 - Projected compositional shifts and loss of ecosystem services in freshwater fish communities under c.pdf,RCP2.6,C3 (RCP equivalent),~900 Gt CO2,900.0,unit-bound scalar,~,,False
"Costa 等 - 2009 - Potential forcing of CO2, technology and climate changes in maize (Zea mays) and b.pdf",A2,C5,102.7723603383973,102.7723603383973,field-only scalar,,,True
"Baul 等 - 2017 - Climate Change Mitigation Potential in Boreal Forests Impacts of Management, Harvest Intensity and.pdf",Baseline Management (T26),C7: limit warming to 4°C (>50%),4067.198904304981,4067.198904304981,field-only scalar,,,False
"Santos 等 - 2015 - Impacts of climate change and land-use scenarios on Margaritzfera margaritifera, an environme.pdf",A2,C5,102.7723603383973,102.7723603383973,field-only scalar,,,True
"Santos 等 - 2015 - Impacts of climate change and land-use scenarios on Margaritzfera margaritifera, an environme.pdf",B2,C4,835.4639342141137,835.4639342141137,field-only scalar,,,False
van Beest 等 - 2022 - Forecasting shifts in habitat suitability of three marine predators suggests a rapid decline in inte.pdf,RCP8.5,C8,Exhausted,,excluded,,no unambiguous carbon-budget value,False
Soltani 等 - 2023 - Assessing Climate Change Impact on Water Balance Components Using Integrated Groundwater-Surface Wat.pdf,SSP2,C5,325.2897925777136,325.2897925777136,field-only scalar,,,True
Zhang 等 - 2024 - Adaptive Distribution and Vulnerability Assessment of Endangered Maple Species on the Tibetan Platea.pdf,SSP126,C1,~400-500 Gt CO2 from 2020,450.0,unit-bound range midpoint,~,,False
Boehm和Salstein - 2025 - Atmospheric Excitation of Length of Day Inferred From 21st Century Climate Projections.pdf,SSP1-1.9,C1,~500 Gt CO2,500.0,unit-bound scalar,~,,False
Boehm和Salstein - 2025 - Atmospheric Excitation of Length of Day Inferred From 21st Century Climate Projections.pdf,SSP1-2.6,C3,~900 Gt CO2,900.0,unit-bound scalar,~,,False
Boehm和Salstein - 2025 - Atmospheric Excitation of Length of Day Inferred From 21st Century Climate Projections.pdf,SSP2-4.5,C3,1150 GtCO₂ from 2020 (50% chance <2°C),1150.0,unit-bound scalar,,,False
"Koffi 等 - 2010 - Present and future impact of aircraft, road traffic and shipping emissions on global tropospheric oz.pdf",B1,C5,652.4725285661066,652.4725285661066,field-only scalar,,,False
Yokohata 等 - 2020 - Model improvement and future projection of permafrost processes in a global land surface model.pdf,RCP2.6,SSP1-2.6,~1150 Gt CO2 (from 2020),1150.0,unit-bound scalar,~,,False
Georgopoulou 等 - 2024 - Climate Change Impacts on the Energy System of a Climate-Vulnerable Mediterranean Country (Greece).pdf,RCP2.6,RCP2.6 (CMIP5 scenario),~900 Gt CO2,900.0,unit-bound scalar,~,,False
Booth 等 - 2017 - Narrowing the Range of Future Climate Projections Using Historical Observations of Atmospheric COsu.pdf,RCP2.6,C2 (RCP equivalent),~900 Gt CO2,900.0,unit-bound scalar,~,,False
Veldhuijsen 等 - 2024 - Firn air content changes on Antarctic ice shelves under three future warming scenarios.pdf,SSP1-2.6,C3,~900 Gt CO2,900.0,unit-bound scalar,~,,False
Veldhuijsen 等 - 2024 - Firn air content changes on Antarctic ice shelves under three future warming scenarios.pdf,SSP2-4.5,C5,2745 GtCO₂ from 2020,2745.0,unit-bound scalar,,,False
Wobus 等 - 2016 - Future Arctic temperature change resulting from a range of aerosol emissions scenarios.pdf,RCP2.6,C3 (RCP equivalent),~900 Gt CO2,900.0,unit-bound scalar,~,,False
Ansell和Cayzer - 2018 - Limits to growth redux A system dynamics model for assessing energy and climate change constraints.pdf,Scenario 2 - Current trends - follows the IEA's New policies scenario (current and expected future policies) to 2040 and extrapolates these energy trends to 2100.,C5,1793.871566014591,1793.871566014591,field-only scalar,,,False
Ansell和Cayzer - 2018 - Limits to growth redux A system dynamics model for assessing energy and climate change constraints.pdf,Scenario 3 - 2°C global warming target,C4,1793.871566014591,1793.871566014591,field-only scalar,,,False
Waidelich 等 - 2024 - Climate damage projections beyond annual temperature.pdf,SSP3-7.0,C4,~3000 GtCO₂ from 2020,3000.0,unit-bound scalar,~,,False
Vickers 等 - 2025 - Recent and projected changes in rain-on-snow event characteristics across Svalbard.pdf,SSP3-7.0,C7,>1000 GtCO2 from 2020,1000.0,unit-bound scalar,>,,False
Ahrens 等 - 2014 - DISTRIBUTION MODELS FOR PANICUM VIRGATUM (POACEAE) REVEAL AN EXPANDED RANGE IN PRESENT AND FU.pdf,B1,C5,652.4725285661066,652.4725285661066,field-only scalar,,,False
Ahrens 等 - 2014 - DISTRIBUTION MODELS FOR PANICUM VIRGATUM (POACEAE) REVEAL AN EXPANDED RANGE IN PRESENT AND FU.pdf,A2,C7,102.7723603383973,102.7723603383973,field-only scalar,,,True
Xiong 等 - 2024 - Variation and attribution of probable maximum precipitation of China using a high-resolution dataset.pdf,SSP126,C1,~1150 Gt CO₂,1150.0,unit-bound scalar,~,,False
Xue 等 - 2018 - Reconstruction and Future Prediction of the Distribution of Wetlands in China.pdf,RCP2.6,C3 (RCP equivalent),~900 Gt CO2,900.0,unit-bound scalar,~,,False
"Mousavi 等 - 2024 - Exploring Climate Change Impacts on Temperature Extremes in the South Saskatchewan River Watershed,.pdf",SSP1-2.6,C1,~400-500 Gt CO2 from 2020,450.0,unit-bound range midpoint,~,,False
"Mousavi 等 - 2024 - Exploring Climate Change Impacts on Temperature Extremes in the South Saskatchewan River Watershed,.pdf",SSP2-4.5,C8,1150 GtCO2,1150.0,unit-bound scalar,,,False
Wani 等 - 2025 - Predicting the potential distribution of Podophyllum hexandrum Royle in the Himalaya under CM.pdf,SSP126,C1,500.0,500.0,field-only scalar,,,False
Sun 等 - 2020 - Modeling permafrost changes on the Qinghai-Tibetan plateau from 1966 to 2100 A case study from two.pdf,RCP2.6,C1 (1.5°C with no or limited overshoot),~900 Gt CO2,900.0,unit-bound scalar,~,,False
Mohr 等 - 2025 - Rising cost of disturbances for forestry in Europe under climate change.pdf,RCP2.6,C1 or C2 (SSP1-2.6 equivalent),~900 Gt CO2,900.0,unit-bound scalar,~,,False
Chang 等 - 2015 - Assessment of the Impacts of Climate Change on the Water Quality of a Small Deep Reservoir in a Humi.pdf,A2,C2: return warming to 1.5°C (>50%) after a high overshoot,102.7723603383973,102.7723603383973,field-only scalar,,,False
Wu 等 - 2024 - Lineage-level species distribution model to assess the impact of climate change on the habitat suita.pdf,RCP 2.6,C3 (RCP equivalent),~900 Gt CO2,900.0,unit-bound scalar,~,,False
Zhang 等 - 2007 - Spatially explicit modelling of the impact of climate changes on pasture production in the North Isl.pdf,R−20%/T+2°C,C5: limit warming to 2.5°C (>50%),1793.871566014591,1793.871566014591,field-only scalar,,,False
Chawanda 等 - 2024 - Combined impacts of climate and land-use change on future water resources in Africa.pdf,SSP1-RCP2.6,C1 (RCP equivalent),~900 Gt CO2,900.0,unit-bound scalar,~,,False
Alkemade 等 - 2011 - Towards a general relationship between climate change and biodiversity an example for plant species.pdf,Baseline,C7,4067.198904304981,4067.198904304981,field-only scalar,,,False
"Vidal 等 - 2012 - Evolution of spatio-temporal drought characteristics validation, projections and effect of adaptati.pdf",A2,C6,102.7723603383973,102.7723603383973,field-only scalar,,,True
Gillett - 2024 - Halving of the uncertainty in projected warming over the past decade.pdf,SSP1-2.6,C1,~400-500 Gt CO₂ from 2020,450.0,unit-bound range midpoint,~,,False
Gillett - 2024 - Halving of the uncertainty in projected warming over the past decade.pdf,SSP2-4.5,C6,2745,2745.0,field-only scalar,,,False
Zhu 等 - 2025 - Projecting Range Shifts of Hippophae neurocarpa in China Under Future Climate Change Using CM.pdf,SSP1-2.6,C3,~900 Gt CO2,900.0,unit-bound scalar,~,,False
Zhu 等 - 2025 - Projecting Range Shifts of Hippophae neurocarpa in China Under Future Climate Change Using CM.pdf,SSP2-4.5,C3,2744.812344177873,2744.812344177873,field-only scalar,,,False
Yao 等 - 2020 - Future Changes in the Impact of North Pacific Midlatitude Oceanic Frontal Intensity on the Wintertim.pdf,RCP2.6,C3 (RCP equivalent),~900 Gt CO2,900.0,unit-bound scalar,~,,False
Pesci 等 - 2023 - Assessment of uncertainties in a complex modeling chain for predicting reservoir sedimentation under.pdf,RCP2.6,C3 (RCP equivalent),~900 Gt CO2,900.0,unit-bound scalar,~,,False
Tan 等 - 2025 - ASSESSMENT OF FUTURE RAINFALL PATTERNS IN CAMERON HIGHLANDS USING THE STATISTICALLY DOWNSCALED LOCAL.pdf,SSP2-4.5,C3,2744.812344177873,2744.812344177873,field-only scalar,,,False
Mori 等 - 2021 - Biodiversity-productivity relationships are key to nature-based climate solutions.pdf,SSP1-2.6,C1,~900 Gt CO2,900.0,unit-bound scalar,~,,False
Zhou 等 - 2024 - Vapor pressure deficit and temperature variability drive future changes to carbon sink stability in.pdf,SSP245,C2,2744.812344177873,2744.812344177873,field-only scalar,,,True
Fu 等 - 2024 - Comparison of GARP and MaxEnt in Modeling Current and Future Geographic Distribution of Ceracris.pdf,SSP2-4.5,C3,2744.812344177873,2744.812344177873,field-only scalar,,,False
Bodman 等 - 2016 - How do carbon cycle uncertainties affect IPCC temperature projections.pdf,RCP2.6,C3 (RCP equivalent),~400-500 Gt CO2 remaining from 2020,450.0,unit-bound range midpoint,~,,False
Bartnicki 等 - 2024 - Use of multiple climate change scenarios to predict future distributions of alligator gar (Atract.pdf,SSP245,C3,1100–1200 GtCO₂ (from 2020),1150.0,unit-bound range midpoint,,,False
Ghosh和Mujumdar - 2009 - Climate change impact assessment Uncertainty modeling with imprecise probability.pdf,A2,C2: return warming to 1.5°C (>50%) after a high overshoot,102.7723603383973,102.7723603383973,field-only scalar,,,False
Ghosh和Mujumdar - 2009 - Climate change impact assessment Uncertainty modeling with imprecise probability.pdf,B1,C3: limit warming to 2°C (>67%),652.4725285661066,652.4725285661066,field-only scalar,,,False
Yin 等 - 2021 - Assessing the economic impacts of future fluvial flooding in six countries under climate change and.pdf,<1.5°C,C3,~900 Gt CO2,900.0,unit-bound scalar,~,,False
Yin 等 - 2021 - Assessing the economic impacts of future fluvial flooding in six countries under climate change and.pdf,4°C,C8,4702.006171962675,4702.006171962675,field-only scalar,,,False
Sohl 等 - 2014 - Spatially explicit modeling of 1992-2100 land cover and forest stand age for the conterminous United.pdf,A2,C6,102.7723603383973,102.7723603383973,field-only scalar,,,True
Sohl 等 - 2014 - Spatially explicit modeling of 1992-2100 land cover and forest stand age for the conterminous United.pdf,B1,C4,652.4725285661066,652.4725285661066,field-only scalar,,,False
Sohl 等 - 2014 - Spatially explicit modeling of 1992-2100 land cover and forest stand age for the conterminous United.pdf,B2,C6,835.4639342141137,835.4639342141137,field-only scalar,,,False
Friedlingstein 等 - 2024 - Earth system responses to different levels of greenhouse gas emissions mitigation.pdf,SSP5-8.5,C7,"10,590 GtCO2 (cumulative 1850-2100)",,excluded,,no unambiguous carbon-budget value,False
Friedlingstein 等 - 2024 - Earth system responses to different levels of greenhouse gas emissions mitigation.pdf,SSP1-2.6,C1,~900 Gt CO2,900.0,unit-bound scalar,~,,False
Dantas 等 - 2025 - Projected productivity losses and economic costs due to heat stress under climate change scenarios i.pdf,SSP2-4.5,C4,2744.812344177873,2744.812344177873,field-only scalar,,,False
Gallardo和Aldridge - 2025 - Global Change Likely to Promote the Expansion of the Quagga Mussel (Dreissena bugensis) in Eu.pdf,2050 RCP 2.6,SSP1-2.6,~1150 Gt CO2 from 2020,1150.0,unit-bound scalar,~,,False
Abdulla 等 - 2023 - Atmospheric verification of emissions reductions on paths to deep decarbonization.pdf,1.5°C RED,C1,~500 Gt CO2,500.0,unit-bound scalar,~,,False
Abdulla 等 - 2023 - Atmospheric verification of emissions reductions on paths to deep decarbonization.pdf,2°C RED,C5,1793.871566014591,1793.871566014591,field-only scalar,,,False
Gao 等 - 2019 - Assessing responses of hydrological processes to climate change over the southeastern Tibetan Platea.pdf,RCP2.6,C3 (RCP equivalent),~900 Gt CO2,900.0,unit-bound scalar,~,,False
Potter 等 - 2023 - A future of extreme precipitation and droughts in the Peruvian Andes.pdf,RCP8.5,C8 (SSP5-8.5 equivalent),N/A (pathway exceeds remaining carbon budget for 2°C),,excluded,,explicitly missing/unspecified,False
Campbell-Lendrum和Woodruff - 2006 - Comparative risk assessment of the burden of disease from climate change.pdf,A2,C7,102.7723603383973,102.7723603383973,field-only scalar,,,True
Yan 等 - 2023 - Assessing the Potential Distribution of a Vulnerable Tree under Climate Change Perkinsiodendron.pdf,RCP2.6-2050,C1,~500 Gt CO2 from 2020,500.0,unit-bound scalar,~,,False
Zhang 等 - 2022 - Exploring the spatiotemporal changes in carbon storage under different development scenarios in Jian.pdf,Baseline Development (BD),C7: limit warming to 4°C (>50%),4067.198904304981,4067.198904304981,field-only scalar,,,False
Fahrenbach 等 - 2025 - Mechanistic insights into tropical circulation and hydroclimate responses to future forest cover cha.pdf,SSP126-SSP370Lu,C3,942.4855433794125,942.4855433794125,field-only scalar,,,False
Fahrenbach 等 - 2025 - Mechanistic insights into tropical circulation and hydroclimate responses to future forest cover cha.pdf,SSP370-SSP126Lu,C5,942.4855433794125,942.4855433794125,field-only scalar,,,False
Woyessa - 2019 - Climate change impact assessment on water security in South Africa A case study in a semi-arid rive.pdf,RCP8.5,C8 (High GHG emissions),N/A (exceeds remaining carbon budget for 2°C),,excluded,,explicitly missing/unspecified,False
Dombrowsky 等 - 2025 - Policy mixes for sustainable development pathways representation in integrated assessment models.pdf,SDP-EI,C3,~500 Gt CO2,500.0,unit-bound scalar,~,,False
Dombrowsky 等 - 2025 - Policy mixes for sustainable development pathways representation in integrated assessment models.pdf,Resilient Communities (SDP-RC),C3,~500 Gt CO2,500.0,unit-bound scalar,~,,False
Dombrowsky 等 - 2025 - Policy mixes for sustainable development pathways representation in integrated assessment models.pdf,SDP-MC,C3,~500 Gt CO2,500.0,unit-bound scalar,~,,False
Zhou 等 - 2018 - Economic consequences of global climate change and mitigation on future hydropower generation.pdf,MP_lowPI,C1,~500 Gt CO₂ from 2020 (for 1.5°C with no or limited overshoot),500.0,unit-bound scalar,~,,False
Zhong 等 - 2022 - Shrinking Habitats and Native Species Loss Under Climate Change A Multifactorial Risk Assessment of.pdf,RCP 8.5,Very high GHG emissions (SSP5-8.5),Not applicable (no carbon budget for this scenario),,excluded,,no unambiguous carbon-budget value,False
"van Vuuren 等 - 2017 - Energy, land-use and greenhouse gas emissions trajectories under a green growth paradigm.pdf",SSP1,C3,942.4855433794125,942.4855433794125,field-only scalar,,,False
Yigini和Panagos - 2016 - Assessment of soil organic carbon stocks under future climate and land cover changes in Europe.pdf,RCP2.6 with Strong Mitigation Efforts,C3 (RCP equivalent),~900 Gt CO2,900.0,unit-bound scalar,~,,False
Bhuyan 等 - 2025 - Predicting the distribution of Blyth's kingfisher (Alcedo hercules) in the Eastern Himalayas.pdf,SSP245,C3,2744.812344177873,2744.812344177873,field-only scalar,,,False
Guna 等 - 2019 - Effect of Climate Change on Maize Yield in the Growing Season A Case Study of the Songliao Plain Ma.pdf,1.5°C global warming scenario,C3,271.9704635822378,271.9704635822378,field-only scalar,,,False
Friis 等 - 2022 - A Tool for Calculating the Building Insulation Thickness for Lowest CO2 Emissions-A Green.pdf,RCP2.6,SSP1-2.6,~300-500 Gt CO2 from 2020,400.0,unit-bound range midpoint,~,,False
Kim 等 - 2024 - A climate change risk assessment in aquaculture in Korea.pdf,SSP5-8.5,C8,Very low (exceeds 5000 GtCO₂),5000.0,unit-bound scalar,,,False
Kim 等 - 2024 - A climate change risk assessment in aquaculture in Korea.pdf,SSP2-4.5,C5,1150,1150.0,field-only scalar,,,False
"Zhang Yanwei 等 - 2012 - Recent and future climate change in Xinjiang, NW China.pdf",A2,C5,102.7723603383973,102.7723603383973,field-only scalar,,,True
Bluwstein和Cavanagh - 2023 - Rescaling the land rush Global political ecologies of land use and cover change in key scenario arc.pdf,SSP1-1.9,C1,~500 Gt CO2,500.0,unit-bound scalar,~,,False
Bluwstein和Cavanagh - 2023 - Rescaling the land rush Global political ecologies of land use and cover change in key scenario arc.pdf,SSP2-1.9,C1,-1.072227410599357,,excluded,,no unambiguous carbon-budget value,False
Bluwstein和Cavanagh - 2023 - Rescaling the land rush Global political ecologies of land use and cover change in key scenario arc.pdf,SSP5-1.9,C1 (Below 1.5 °C with low overshoot),500 GtCO₂,500.0,unit-bound scalar,,,False
Bhat 等 - 2011 - Climate Projections Using Bayesian Model Averaging and Space-Time Dependence.pdf,A2,C5,102.7723603383973,102.7723603383973,field-only scalar,,,True
Bhat 等 - 2011 - Climate Projections Using Bayesian Model Averaging and Space-Time Dependence.pdf,B1,C5,652.4725285661066,652.4725285661066,field-only scalar,,,False
Akaffou 等 - 2025 - Analyzing inflow to Faye reservoir sensitivity to climate change using CMIP6 and random forest algor.pdf,SSP1-2.6,C1,~500 Gt CO₂,500.0,unit-bound scalar,~,,False
Akaffou 等 - 2025 - Analyzing inflow to Faye reservoir sensitivity to climate change using CMIP6 and random forest algor.pdf,SSP2-4.5,C3,1150 GtCO₂,1150.0,unit-bound scalar,,,False
Bonifacio 等 - 2025 - Evaluating Machine Learning Models for Particulate Matter Prediction Under Climate Change Scenarios.pdf,+2°C temperature increase,C5: limit warming to 2.5°C (>50%),1793.871566014591,1793.871566014591,field-only scalar,,,False
Zhao 等 - 2019 - Integrated modeling predicts shifts in waterbird population dynamics under climate change.pdf,10% increase in precipitation and 2°C increase in temperature by 2100,C5,1793.871566014591,1793.871566014591,field-only scalar,,,False
Zhao 等 - 2024 - The Impact of Glacial Shrinkage on Future Streamflow in the Urumqi River Source Region of Eastern Ti.pdf,SSP1-26,C1,300-500 GtCO₂,400.0,unit-bound range midpoint,,,False
Zhao 等 - 2024 - The Impact of Glacial Shrinkage on Future Streamflow in the Urumqi River Source Region of Eastern Ti.pdf,SSP2-4.5,C2,1350 GtCO₂,1350.0,unit-bound scalar,,,False
"Li 等 - 2018 - Future temperature-related years of life lost projections for cardiovascular disease in Tianjin, Chi.pdf",RCP2.6,Not provided in source text,Not provided in source text,,excluded,,no unambiguous carbon-budget value,False
Davidow 等 - 2023 - Clustering future scenarios based on predicted range maps.pdf,RCP 2.6,C1 (Low GHG emissions),~1000 Gt CO2 from 2020,1000.0,unit-bound scalar,~,,False
Goodarzi 等 - 2024 - Investigating Uncertainty of Future Predictions of Temperature and Precipitation in The Kerman Plain.pdf,SSP245,C5,2744.812344177873,2744.812344177873,field-only scalar,,,False
Muhammad 等 - 2018 - Assessing the Importance of Potholes in the Canadian Prairie Region under Future Climate Change Scen.pdf,RCP4.5,C2 (RCP equivalent),Not specified in paper,,excluded,,no unambiguous carbon-budget value,False
Tian 等 - 2014 - Agroclimatic conditions in China under climate change scenarios projected from regional climate mode.pdf,A2,C6,102.7723603383973,102.7723603383973,field-only scalar,,,True
Kim和Webber - 2024 - Contrasting Responses of Spring and Summer Potato to Climate Change in South Korea.pdf,SSP126,C1,500,500.0,field-only scalar,,,False
Kim和Webber - 2024 - Contrasting Responses of Spring and Summer Potato to Climate Change in South Korea.pdf,SSP245,C6,1150,1150.0,field-only scalar,,,False
Kim和Webber - 2024 - Contrasting Responses of Spring and Summer Potato to Climate Change in South Korea.pdf,SSP585,C8,Exceeded,,excluded,,no unambiguous carbon-budget value,False
Beatty 等 - 2017 - How will predicted land-use change affect waterfowl spring stopover ecology Inferences from an indi.pdf,A2,C2: return warming to 1.5°C (>50%) after a high overshoot,102.7723603383973,102.7723603383973,field-only scalar,,,False
Beatty 等 - 2017 - How will predicted land-use change affect waterfowl spring stopover ecology Inferences from an indi.pdf,B1,C3: limit warming to 2°C (>67%),652.4725285661066,652.4725285661066,field-only scalar,,,False
Stojanovic 等 - 2023 - Destiny of Two Caddisfly Species under Global Climate Change.pdf,RCP4.5,C3 (RCP equivalent),~1150 Gt CO2,1150.0,unit-bound scalar,~,,False
Hussain 等 - 2024 - CORDEX Ensemble-based drought projections for Sindh Province of Pakistan under climate change.pdf,RCP2.6,C1 (RCP equivalent),~900 Gt CO2,900.0,unit-bound scalar,~,,False
Lombardo 等 - 2015 - Evaluation of Historical and Future Cool Season Precipitation over the Eastern United States and Wes.pdf,RCP8.5,C8 (RCP equivalent),Not applicable (RCP8.5 does not define a carbon budget),,excluded,,no unambiguous carbon-budget value,False
Li 等 - 2024 - Dual stressors of infection and warming can destabilize host microbiomes.pdf,Developmental warming at 25°C,C6: limit warming to 3°C (>50%),2619.964986816399,2619.964986816399,field-only scalar,,,False
"Serykh 等 - 2025 - Analysis of Near-Surface Air Temperature Trends in Brazil Region Using Meteorological Station Data,.pdf",SSP1-2.6,C3,~900 Gt CO2,900.0,unit-bound scalar,~,,False
"Serykh 等 - 2025 - Analysis of Near-Surface Air Temperature Trends in Brazil Region Using Meteorological Station Data,.pdf",SSP2-4.5,C4,2744.812344177873,2744.812344177873,field-only scalar,,,False
Pompeu 等 - 2026 - Most South American cloud forests are likely to disappear under high-end climate change.pdf,RCP2.6,RCP2.6,~900 Gt CO2,900.0,unit-bound scalar,~,,False
Forouli 等 - 2020 - A multiple-uncertainty analysis framework for integrated assessment modelling of several sustainable.pdf,SSP2,C5,325.2897925777136,325.2897925777136,field-only scalar,,,True
Forouli 等 - 2020 - A multiple-uncertainty analysis framework for integrated assessment modelling of several sustainable.pdf,SSP3,SSP3-7.0 (C7),5565.35 GtCO2,5565.35,unit-bound scalar,,,False
Forouli 等 - 2020 - A multiple-uncertainty analysis framework for integrated assessment modelling of several sustainable.pdf,SSP5 with optimal technology subsidy portfolio,C8,325.3951167461587,325.3951167461587,field-only scalar,,,True
Monsinjon 等 - 2019 - The climatic debt of loggerhead sea turtle populations in a warming world.pdf,RCP8.5,C7-C8 (High GHG emissions),~7000 GtCO2 cumulative from 2015-2100,7000.0,unit-bound scalar,~,,False
Skeie 等 - 2021 - A future perspective of historical contributions to climate change.pdf,SSP1,C3,~900 Gt CO2,900.0,unit-bound scalar,~,,False
Skeie 等 - 2021 - A future perspective of historical contributions to climate change.pdf,SSP2,C5,325.2897925777136,325.2897925777136,field-only scalar,,,True
Theurl 等 - 2020 - Food systems in a zero -deforestation world Dietary change is more important than intensi fication.pdf,Business-As-Usual (BAU) dietary scenario reflecting current trends in dietary habits and livestock production,C5,4421.106912693341,4421.106912693341,field-only scalar,,,False
Kumar 等 - 2016 - Adaptation strategies for water supply management in a drought prone Mediterranean river basin Appl.pdf,A2,C5,102.7723603383973,102.7723603383973,field-only scalar,,,True
Kumar 等 - 2016 - Adaptation strategies for water supply management in a drought prone Mediterranean river basin Appl.pdf,B1,C5,652.4725285661066,652.4725285661066,field-only scalar,,,False
Qu 等 - 2025 - Climate-driven spatiotemporal variation of soil erodibility in China.pdf,SSP1–2.6: A Low-Emission Scenario with Stringent Climate Policies,C3,~900 Gt CO2,900.0,unit-bound scalar,~,,False
Wagena和Easton - 2018 - Agricultural conservation practices can help mitigate the impact of climate change.pdf,RCP2.6,C3 (RCP equivalent),~900 Gt CO2,900.0,unit-bound scalar,~,,False
Yang 等 - 2015 - Estuarine response to river flow and sea-level rise under future climate change and human developmen.pdf,B1,C5,652.4725285661066,652.4725285661066,field-only scalar,,,False
Asif 等 - 2024 - Climate-Driven Changes in the Projected Annual and Seasonal Precipitation over the Northern Highland.pdf,SSP2-4.5,C3,1150 GtCO₂ (50% probability) or 1350 GtCO₂ (67% probability) from 2020,,excluded,,multiple distinct unit-bound budgets,False
Asfaw 等 - 2023 - stoPET v1.0 a stochastic potential evapotranspiration generator forsimulation of climate change imp.pdf,User-defined temperature increase of 1.5°C,C1: limit warming to 1.5°C (>50%) with no or limited overshoot,271.9704635822378,271.9704635822378,field-only scalar,,,False
Chalkidou 等 - 2024 - A Methodology for Identifying Coastal Cultural Heritage Assets Exposed to Future Sea Level Rise Scen.pdf,RCP2.6,C1 (SSP1-2.6 equivalent),~900 Gt CO2,900.0,unit-bound scalar,~,,False
Stoeckle 等 - 2010 - Assessment of climate change impact on Eastern Washington agriculture.pdf,CCSM3 2080,C3,~900 Gt CO2,900.0,unit-bound scalar,~,,False
"Walton和Huntingford - 2024 - Little evidence of hysteresis in regional precipitation, when indexed by global temperature rise and.pdf",SSP5-3.4-OS,C6,1743.828671285641 GtCO2,1743.828671285641,unit-bound scalar,,,False
Meskine 等 - 2025 - Decision-support approaches for sustainable water resource management in northwest Algeria.pdf,Reference scenario,C8: exceed warming of 4°C (>=50%),6016.054280938453,6016.054280938453,field-only scalar,,,False
Zeng 等 - 2022 - Effects of Climate Change on the Habitat of the Leopard (Panthera pardus) in the Liupanshan N.pdf,RCP2.6,SSP1-2.6,~500 Gt CO₂ from 2020,500.0,unit-bound scalar,~,,False
van Sluisveld 等 - 2018 - Comparing future patterns of energy system change in 2 °C scenarios to expert projections.pdf,Baseline,C7,4067.198904304981,4067.198904304981,field-only scalar,,,False
Zhang 等 - 2014 - Runoff sensitivity to global mean temperature change in the CMIP5 Models.pdf,RCP2.6,C3 (RCP equivalent),~900 Gt CO2,900.0,unit-bound scalar,~,,False
Bianucci 等 - 2024 - How do environmental flows impact on water availability under climate change scenarios in European b.pdf,RCP2.6,C1 (RCP2.6 equivalent),~1000 Gt CO2,1000.0,unit-bound scalar,~,,False
Chagnaud 等 - 2020 - A Boundary Forcing Sensitivity Analysis of the West African Monsoon Simulated by the Modele Atmosphe.pdf,T10,C5: limit warming to 2.5°C (>50%),1522.750489415016,1522.750489415016,field-only scalar,,,False
Hang 等 - 2024 - Using Optimization to Investigate the Adaptive Operation of Reservoirs under the Context of Climate.pdf,SSP1-2.6,C1,~400 Gt CO2,400.0,unit-bound scalar,~,,False
Hang 等 - 2024 - Using Optimization to Investigate the Adaptive Operation of Reservoirs under the Context of Climate.pdf,SSP2-4.5,C3,2744.812344177873,2744.812344177873,field-only scalar,,,False
Akesson 等 - 2021 - The importance of species interactions in eco-evolutionary community dynamics under climate change.pdf,Baseline model,C7: limit warming to 4°C (>50%),4067.198904304981,4067.198904304981,field-only scalar,,,False
Alessi和Rugenstein - 2023 - Surface Temperature Pattern Scenarios Suggest Higher Warming Rates Than Current Projections.pdf,Transition,C4: limit warming to 2°C (>50%),377.1673524599693,377.1673524599693,field-only scalar,,,False
Singh 等 - 2024 - Assessing Climate Vulnerability of Ramsar Wetlands through CMIP6 Projections.pdf,SSP245,C3,1500,1500.0,field-only scalar,,,False
Wu 等 - 2020 - Estimating the distribution characters of Larix kaempferi in response to climate change.pdf,RCP2.6,C1 (below 1.5°C),~1000 Gt CO2,1000.0,unit-bound scalar,~,,False
Gosling 等 - 2017 - Adaptation to Climate Change A Comparative Analysis of Modeling Methods for Heat-Related Mortality.pdf,RCP2.6,C3 (RCP equivalent),~900 Gt CO2,900.0,unit-bound scalar,~,,False
"Singh 等 - 2016 - Potential Impact of Climate Change on Rainfall Intensity-Duration-Frequency Curves in Roorkee, India.pdf",RCP2.6,RCP2.6,~500 Gt CO2,500.0,unit-bound scalar,~,,False
Zischg 等 - 2021 - Participatory modelling of upward shifts of altitudinal vegetation belts for assessing site type tra.pdf,RCP2.6,C1 (RCP equivalent),~500 Gt CO2,500.0,unit-bound scalar,~,,False
Werner 等 - 2018 - Reconciling glacial Antarctic water stable isotopes with ice sheet topography and the isotopic paleo.pdf,LGM reference simulation with PMIP3 ice sheet reconstruction,C8: exceed warming of 4°C (>=50%),6016.054280938453,6016.054280938453,field-only scalar,,,False
Fotso-Nguemo 等 - 2023 - Projected Impact of Increased Global Warming on Heat Stress and Exposed Population Over Africa.pdf,RCP2.6/SSP1,C3 (RCP equivalent),~900 Gt CO2,900.0,unit-bound scalar,~,,False
"Hatten 等 - 2014 - Assessing climate-change risks to cultural and natural resources in the Yakima River Basin, Washingt.pdf",Increased air temperature of 2 °C (Plus2[P2] scenario),C6,1793.871566014591,1793.871566014591,field-only scalar,,,False
Suarez-Eiroa 等 - 2024 - The responsibility of the EU in climate change mitigation assessing the fairness of its recent targ.pdf,Historical responsibility +1.5°C,C4,300 Gt CO2,300.0,unit-bound scalar,,,False
Suarez-Eiroa 等 - 2024 - The responsibility of the EU in climate change mitigation assessing the fairness of its recent targ.pdf,Clean slate responsibility +2°C,C3,900 Gt CO2,900.0,unit-bound scalar,,,False
Abdellatif 等 - 2015 - Flood risk assessment for urban water system in a changing climate using artificial neural network.pdf,B1,C3: limit warming to 2°C (>67%),652.4725285661066,652.4725285661066,field-only scalar,,,False
Angarita 等 - 2023 - Implications of exceeding the Paris Agreement for mammalian biodiversity.pdf,SSP1-1.9*,C1,~500 Gt CO2,500.0,unit-bound scalar,~,,False
Angarita 等 - 2023 - Implications of exceeding the Paris Agreement for mammalian biodiversity.pdf,SSP1-2.6,C1,500.0,500.0,field-only scalar,,,False
Fraga 等 - 2019 - Future Changes in Rice Bioclimatic Growing Conditions in Portugal.pdf,RCP2.6,SSP1-2.6,~900 Gt CO2,900.0,unit-bound scalar,~,,False
Bhatkoti 等 - 2018 - Performance Assessment of a Water Supply System under the Impact of Climate Change and Droughts Cas.pdf,DR1,C2: return warming to 1.5°C (>50%) after a high overshoot,403.8902359738318,403.8902359738318,field-only scalar,,,False
Yuan 等 - 2021 - Large-scale emulation of spatio-temporal variation in temperature under climate change.pdf,RCP2.6,C1-C2,1000-1150 Gt CO2,1075.0,unit-bound range midpoint,,,False
Block 等 - 2022 - Ecological lags govern the pace and outcome of plant community responses to 21st-century climate cha.pdf,RCP2.6,C3 (RCP equivalent),~900 Gt CO2,900.0,unit-bound scalar,~,,False
Verburg 等 - 2012 - An assessment of the impact of climate adaptation measures to reduce flood risk on ecosystem service.pdf,B1,C3: limit warming to 2°C (>67%),652.4725285661066,652.4725285661066,field-only scalar,,,False
Skoulikaris 等 - 2021 - Assessing the Vulnerability of a Deltaic Environment due to Climate Change Impact on Surface and Coa.pdf,RCP4.5,C3 (RCP4.5/SSP2-4.5),~1950 GtCO₂ (2011-2100),1950.0,unit-bound scalar,~,,False
Verticchio 等 - 2023 - Assessing the Impact of Climate Change on the Biodeterioration Risk in Historical Buildings of the M.pdf,SSP1-2.6,C3,~900 Gt CO2,900.0,unit-bound scalar,~,,False
Verticchio 等 - 2023 - Assessing the Impact of Climate Change on the Biodeterioration Risk in Historical Buildings of the M.pdf,SSP2-4.5,Intermediate,2744.812344177873,2744.812344177873,field-only scalar,,,False
Horton 等 - 2011 - Climate Hazard Assessment for Stakeholder Adaptation Planning in New York City.pdf,A2,C5,102.7723603383973,102.7723603383973,field-only scalar,,,True
Garrido 等 - 2019 - Potential impact of climate change on the geographical distribution of two wild vectors of Chagas di.pdf,RCP 2.6,C1 (RCP equivalent),~1700 Gt CO2,1700.0,unit-bound scalar,~,,False
Garrido 等 - 2019 - Potential impact of climate change on the geographical distribution of two wild vectors of Chagas di.pdf,RCP 4.5,C5 (RCP equivalent),~1800-1900 GtCO₂ (from 2011),1850.0,unit-bound range midpoint,~,,False
Abdelkarim 等 - 2024 - Predicted impacts of global warming and climate change on groundwater resources in a semi-arid regio.pdf,A1,C2: return warming to 1.5°C (>50%) after a high overshoot,216.8368249438647,216.8368249438647,field-only scalar,,,False
Mason-D'Croz 等 - 2019 - Agricultural investments and hunger in Africa modeling potential contributions to SDG2-Zero Hunger.pdf,CC,C3: limit warming to 2°C (>67%),440.0556818855494,440.0556818855494,field-only scalar,,,False
van der Zwaan 等 - 2018 - Prospects for hydropower in Ethiopia An energy-water nexus analysis.pdf,RCP2.6,C1,~500 Gt CO2 from 2020,500.0,unit-bound scalar,~,,False
Bagchi 等 - 2013 - Evaluating the effectiveness of conservation site networks under climate change accounting for unce.pdf,A2,C6,102.7723603383973,102.7723603383973,field-only scalar,,,True
Bagchi 等 - 2013 - Evaluating the effectiveness of conservation site networks under climate change accounting for unce.pdf,B1,C3,652.4725285661066,652.4725285661066,field-only scalar,,,False
Lin 等 - 2023 - Deep learning downscaled high-resolution daily near surface meteorological datasets over East Asia.pdf,SSP1-2.6,C1,~500 Gt CO2,500.0,unit-bound scalar,~,,False
Lin 等 - 2023 - Deep learning downscaled high-resolution daily near surface meteorological datasets over East Asia.pdf,SSP2-4.5,C5,1400-1500 GtCO₂,1450.0,unit-bound range midpoint,,,False
Alcamo 等 - 2007 - Future long-term changes in global water resources driven by socio-economic and climatic changes.pdf,A2,C5,102.7723603383973,102.7723603383973,field-only scalar,,,True
Alcamo 等 - 2007 - Future long-term changes in global water resources driven by socio-economic and climatic changes.pdf,B2,C5,835.4639342141137,835.4639342141137,field-only scalar,,,False
"Sourp 等 - 2025 - Impact of climate change on snow supply in Trojena, Saudi Arabia.pdf",SSP2-4.5,C3,1150,1150.0,field-only scalar,,,False
Bryndum-Buchholz 等 - 2020 - Differing marine animal biomass shifts under 21st century climate change between Canada's three ocea.pdf,RCP8.5,C8: High GHG emissions,~1400 GtCO₂ from 2020,1400.0,unit-bound scalar,~,,False
Bryndum-Buchholz 等 - 2020 - Differing marine animal biomass shifts under 21st century climate change between Canada's three ocea.pdf,RCP2.6,RCP2.6,~1000 Gt CO2,1000.0,unit-bound scalar,~,,False
van Maanen 等 - 2022 - Accounting for socioeconomic constraints in sustainable irrigation expansion assessments.pdf,SSP1-2.6,C3,942.4855433794125,942.4855433794125,field-only scalar,,,False
van Maanen 等 - 2022 - Accounting for socioeconomic constraints in sustainable irrigation expansion assessments.pdf,SSP3,C7,5565.348400074735,5565.348400074735,field-only scalar,,,False
Porter 等 - 2023 - Climate Spaces and Cliffs A Novel Bovine Thermodynamic and Mass Balances Model.pdf,2°C Warming,C5: limit warming to 2.5°C (>50%),1793.871566014591,1793.871566014591,field-only scalar,,,False
Zhang 等 - 2025 - Climate Change and Human Pressure Assessing the Vulnerability of Snow Leopard (Panthera unciai.pdf,RCP 2.6,C1 (Very low GHG emissions),~500 Gt CO2 from 2020,500.0,unit-bound scalar,~,,False
Anderson和Chapple - 2025 - Physiological Stresses Under Climate Change Drive Range Shifts in Small Ectotherms.pdf,+2°C scenario,C3,1793.871566014591 GtCO₂ from 2020 with 50% probability,1793.871566014591,unit-bound scalar,,,False
Wang 等 - 2022 - Predicting the Impact of Climate Change on the Distribution of a Neglected Arboviruses Vector (Ar.pdf,SSP126,C1,~1000 GtCO₂ from 2020,1000.0,unit-bound scalar,~,,False
Rennie 等 - 2021 - A climate service for ecologists sharing pre-processed EURO-CORDEX regional climate scenario data u.pdf,RCP2.6,C3 (RCP equivalent),~900 Gt CO2,900.0,unit-bound scalar,~,,False
Arslan 等 - 2025 - Prediction of the shift of the distribution of Pinus brutia Ten. Under future climate model.pdf,SSP2-4.5,C3,2744.812344177873,2744.812344177873,field-only scalar,,,False
Soares 等 - 2023 - The future of Iberian droughts a deeper analysis based on multi-scenario and a multi-model ensemble.pdf,RCP2.6,C1 (Below 1.5°C with no or limited overshoot),~400-500 Gt CO2 from 2020,450.0,unit-bound range midpoint,~,,False
Gamliel 等 - 2020 - Incorporating physiology into species distribution models moderates the projected impact of warming.pdf,RCP4.5,C4 (2°C),1200-1400 GtCO₂ from 2020,1300.0,unit-bound range midpoint,,,False
Ao 等 - 2025 - Projecting the global potential distribution of nine Rhododendron Subgenus Hymenanthes.pdf,SSP126,C1,400-500,450.0,field-only range midpoint,,,False
Ao 等 - 2025 - Projecting the global potential distribution of nine Rhododendron Subgenus Hymenanthes.pdf,SSP245,C5,~1000 Gt CO₂ (2020–net-zero),1000.0,unit-bound scalar,~,,False
Finstad和Hein - 2012 - Migrate or stay terrestrial primary productivity and climate drive anadromy in Arctic char.pdf,A2,C5,102.7723603383973,102.7723603383973,field-only scalar,,,True
Finstad和Hein - 2012 - Migrate or stay terrestrial primary productivity and climate drive anadromy in Arctic char.pdf,B2,C5,835.4639342141137,835.4639342141137,field-only scalar,,,False
"Beyer和Manica - 2020 - Historical and projected future range sizes of the world's mammals, birds, and amphibians.pdf","RCP2.6, SSP1",SSP1-2.6,~900 Gt CO2,900.0,unit-bound scalar,~,,False
Behzadi 等 - 2025 - Habitat Suitability of Ziziphus spina-christi and Ziziphus nummularia in a Changing Cl.pdf,SSP1-2.6,C3,~900 Gt CO2,900.0,unit-bound scalar,~,,False
Rodriguez 等 - 2022 - Amphibian phylogenetic diversity in the face of future climate change not so good news for the chil.pdf,RCP 4.5,C3 (SSP2-4.5 equivalent),~3000 GtCO₂ from 2015 (estimated for SSP2-4.5),3000.0,unit-bound scalar,~,,False
Bastidas-Arteaga 等 - 2022 - Multi-region lifetime assessment of reinforced concrete structures subjected to carbonation and clim.pdf,RCP2.6,SSP1-2.6,~900 Gt CO2,900.0,unit-bound scalar,~,,False
Urban 等 - 2024 - Interactions between climate change and urbanization will shape the future of biodiversity.pdf,Sustainability,C3,~500 Gt CO2,500.0,unit-bound scalar,~,,False
Zhang 等 - 2022 - Development of a Climate-Sensitive Matrix Growth Model for Larix gmelinii Mixed-Species Natur.pdf,RCP2.6,SSP1-2.6,~1150 Gt CO2 from 2020,1150.0,unit-bound scalar,~,,False
Aghahosseini 等 - 2023 - Energy system transition pathways to meet the global electricity demand for ambitious climate target.pdf,Teske/DLR-1.5°C,C4,271.9704635822378,271.9704635822378,field-only scalar,,,False
Chaigneau 等 - 2024 - Dynamic projections of extreme sea levels for western Europe based on ocean and wind-wave modelling.pdf,SSP1-2.6,C3,~900 Gt CO2,900.0,unit-bound scalar,~,,False
Porceddu 等 - 2020 - Differential Interpretation of Mountain Temperatures by Endospermic Seeds of Three Endemic Species I.pdf,B1,C4,652.4725285661066,652.4725285661066,field-only scalar,,,False
Porceddu 等 - 2020 - Differential Interpretation of Mountain Temperatures by Endospermic Seeds of Three Endemic Species I.pdf,A2,C5,102.7723603383973,102.7723603383973,field-only scalar,,,True
Rajosoa 等 - 2022 - Assessing the impact of climate change on the Medjerda River Basin.pdf,RCP 2.6,C3 (RCP equivalent),~900 Gt CO2,900.0,unit-bound scalar,~,,False
Rajosoa 等 - 2022 - Assessing the impact of climate change on the Medjerda River Basin.pdf,RCP 6.0,C3 (SSP2-4.5 equivalent),~1000-1500 GtCO₂ from 2020,1250.0,unit-bound range midpoint,~,,False
Ranjan 等 - 2025 - A new scenario framework for equitable and climate-compatible futures.pdf,S1: Energy and climate equity,C3,500 GtCO₂,500.0,unit-bound scalar,,,False
Zhang和Wang - 2019 - Regional Temperature Response in Central Asia to National Committed Emission Reductions.pdf,INDC,NDCs,1265.536430416577,1265.536430416577,field-only scalar,,,False
Adib和Harun - 2022 - Metalearning Approach Coupled with CMIP6 Multi-GCM for Future Monthly Streamflow Forecasting.pdf,SSP1-2.6,C1,~500 Gt CO2,500.0,unit-bound scalar,~,,False
Adib和Harun - 2022 - Metalearning Approach Coupled with CMIP6 Multi-GCM for Future Monthly Streamflow Forecasting.pdf,SSP2-4.5,C3,2744.8 GtCO₂,2744.8,unit-bound scalar,,,False
Soultan 等 - 2022 - The future distribution of wetland birds breeding in Europe validated against observed changes in di.pdf,RCP2.6,C1 (Low GHG emissions),~1150 Gt CO2 from 2020 for 1.8°C with 50% probability,1150.0,unit-bound scalar,~,,False
Soultan 等 - 2022 - The future distribution of wetland birds breeding in Europe validated against observed changes in di.pdf,RCP8.5,C8,Very high emissions pathway,,excluded,,no unambiguous carbon-budget value,False
Montesano 等 - 2024 - A shift in transitional forests of the North American boreal will persist through 2100.pdf,SSP2-4.5,C2,2744.812344177873,2744.812344177873,field-only scalar,,,True
Sun 等 - 2016 - Extreme climate events and agricultural climate indices in China CMIP5 model evaluation and project.pdf,RCP2.6,C2 (RCP2.6/SSP1-2.6 equivalent),~1150 Gt CO₂ from 2020 for 1.5°C with 50% likelihood,1150.0,unit-bound scalar,~,,False
Zhang 等 - 2023 - MaxEnt Modeling for Predicting Suitable Habitat for Endangered Tree Keteleeria davidiana (Pin.pdf,SSP1-2.6,C3,~1150 Gt CO2,1150.0,unit-bound scalar,~,,False
Zhao 等 - 2021 - Predicting Possible Distribution of Tea (Camellia sinensis L.) under Climate Change Scenarios.pdf,SSP126,C3,~900 Gt CO2,900.0,unit-bound scalar,~,,False
Zhao 等 - 2021 - Predicting Possible Distribution of Tea (Camellia sinensis L.) under Climate Change Scenarios.pdf,SSP370,C7,Large remaining budget,,excluded,,no unambiguous carbon-budget value,False
Yan 等 - 2024 - Runoff Prediction of Tunxi Basin under Projected Climate Changes Based on Lumped Hydrological Models.pdf,SSP245,C3,~1150 Gt CO₂ from 2020,1150.0,unit-bound scalar,~,,False
Gernaat 等 - 2021 - Climate change impacts on renewable energy supply.pdf,SSP2-RCP2.6,C3 (RCP equivalent),~900 Gt CO2,900.0,unit-bound scalar,~,,False
Eisner 等 - 2017 - An ensemble analysis of climate change impacts on streamflow seasonality across 11 large river basin.pdf,RCP2.6,C1 (Below 1.5°C),~500 Gt CO2,500.0,unit-bound scalar,~,,False
Zeitzen 等 - 2025 - Windstorm Extremes in a Warmer World Raising the Bar for Destruction.pdf,PGW +2°C,C5,1793.871566014591,1793.871566014591,field-only scalar,,,False
Bergas-Masso 等 - 2025 - Future climate-driven fires may boost ocean productivity in the iron-limited North Atlantic.pdf,SSP126,C1,~500 Gt CO2,500.0,unit-bound scalar,~,,False
Guiot和Cramer - 2016 - Climate change The 2015 Paris Agreement thresholds and Mediterranean basin ecosystems.pdf,RCP2.6,C3 (RCP equivalent),~900 Gt CO2,900.0,unit-bound scalar,~,,False
Zhang和Makowski - 2025 - Assessment of the climatic suitability for invasive agricultural insect pests in a warming Europe ba.pdf,SSP1-2.6,C3,~900 Gt CO2,900.0,unit-bound scalar,~,,False
Zhang和Makowski - 2025 - Assessment of the climatic suitability for invasive agricultural insect pests in a warming Europe ba.pdf,SSP2-4.5,C5,2744.812344177873,2744.812344177873,field-only scalar,,,False
Goberville 等 - 2016 - Climate change and the ash dieback crisis.pdf,RCP2.6,C3 (RCP equivalent),~900 Gt CO2,900.0,unit-bound scalar,~,,False
Goberville 等 - 2016 - Climate change and the ash dieback crisis.pdf,RCP4.5,C5 (RCP equivalent),~1800 GtCO₂ from 2011,1800.0,unit-bound scalar,~,,False
Wu Ru-Ru 等 - 2024 - Prediction of suitable habitat distribution and potential impact of climate change on distribution p.pdf,SSP1-2.6,C1,942.4855433794125,942.4855433794125,field-only scalar,,,False
Zhang 等 - 2025 - Future Climate Predicts Range Shifts and Increased Global Habitat Suitability for 29 Aedes Mo.pdf,SSP126,C1/C3,≈1150 Gt CO₂ from 2020,1150.0,unit-bound scalar,≈,,False
Bauer 等 - 2019 - Food web and fisheries in the future Baltic Sea.pdf,Nature First,C3,4631.628201551354,4631.628201551354,field-only scalar,,,False
Asadi 等 - 2023 - Assessing the Impact of Human Activities and Climate Change Effects on Groundwater Quantity and Qual.pdf,RCP2.6,C1 (SSP1-2.6 equivalent),~900 Gt CO2 from 2020,900.0,unit-bound scalar,~,,False
Asadi 等 - 2023 - Assessing the Impact of Human Activities and Climate Change Effects on Groundwater Quantity and Qual.pdf,Scenario 2: Climate Changes,C5: limit warming to 2.5°C (>50%),1793.871566014591,1793.871566014591,field-only scalar,,,False
Perkins和Pitman - 2009 - Do weak AR4 models bias projections of future climate changes over Australia.pdf,B1,C5,652.4725285661066,652.4725285661066,field-only scalar,,,False
Perkins和Pitman - 2009 - Do weak AR4 models bias projections of future climate changes over Australia.pdf,A2,C6,102.7723603383973,102.7723603383973,field-only scalar,,,True
Yahaya 等 - 2024 - Projected patterns of land uses in Africa under a warming climate.pdf,SSP1-1.9,C1,189.9896383541511,189.9896383541511,field-only scalar,,,False
Yahaya 等 - 2024 - Projected patterns of land uses in Africa under a warming climate.pdf,SSP1-2.6,C1,942.4855433794125,942.4855433794125,field-only scalar,,,False
Yahaya 等 - 2024 - Projected patterns of land uses in Africa under a warming climate.pdf,SSP2-4.5,C3,2744.812344177873,2744.812344177873,field-only scalar,,,False
Yahaya 等 - 2024 - Projected patterns of land uses in Africa under a warming climate.pdf,SSP4-3.4,C4,1815.229110400331,1815.229110400331,field-only scalar,,,False
Yahaya 等 - 2024 - Projected patterns of land uses in Africa under a warming climate.pdf,SSP4-6.0,C7,~3780 GtCO₂,3780.0,unit-bound scalar,~,,False
Yahaya 等 - 2024 - Projected patterns of land uses in Africa under a warming climate.pdf,SSP5-8.5,C8,CO₂ budget not applicable due to no mitigation constraints in scenario,,excluded,,no unambiguous carbon-budget value,False
Zhu 等 - 2024 - Impacts of projected changes in sea surface temperature on ozone pollution in China toward carbon ne.pdf,SSP1-1.9,C1,~500 Gt CO2,500.0,unit-bound scalar,~,,False
Munoz-Mas 等 - 2024 - Adaptation measures to global change in the Serpis River Basin (Spain) An evaluation considering ag.pdf,SSP1-2.6,C3,~900 Gt CO2,900.0,unit-bound scalar,~,,False
Munoz-Mas 等 - 2024 - Adaptation measures to global change in the Serpis River Basin (Spain) An evaluation considering ag.pdf,SSP5-8.5,C8,~1150 GtCO2 from 2020 for 50% chance to limit warming to 4°C (AR6 WGIII Table 3.5),1150.0,unit-bound scalar,~,,False
Alsafadi 等 - 2023 - Future Scenarios of Bioclimatic Viticulture Indices in the Eastern Mediterranean Insights into Sust.pdf,RCP2.6,C1a (Below 1.5°C with no or limited overshoot),~500 Gt CO₂ (from 2020 for 1.5°C with 50% probability),500.0,unit-bound scalar,~,,False
Alsafadi 等 - 2023 - Future Scenarios of Bioclimatic Viticulture Indices in the Eastern Mediterranean Insights into Sust.pdf,RCP8.5,C8,Not applicable,,excluded,,no unambiguous carbon-budget value,False
Abdulhasan - 2025 - Evaluating the Effects of Climate Change on Water Resources Using Advanced Simulation Tools.pdf,RCP2.6,C1 (Likely below 2°C),~500 Gt CO₂,500.0,unit-bound scalar,~,,False
"Bishop 等 - 2010 - Climate Change and Mountain Topographic Evolution in the Central Karakoram, Pakistan.pdf",Doubled CO2 climate scenario,C5: limit warming to 2.5°C (>50%),1793.871566014591,1793.871566014591,field-only scalar,,,False
Zhang 等 - 2023 - Estimation of Potential Suitable Habitats for the Relict Plant Euptelea pleiosperma in China.pdf,SSP126,C1,400-500 GtCO₂ from 2020,450.0,unit-bound range midpoint,,,False
Yawson 等 - 2017 - Effect of Climate and Agricultural Land Use Changes on UK Feed Barley Production and Food Security t.pdf,BAU,C7: limit warming to 4°C (>50%),4421.106912693341,4421.106912693341,field-only scalar,,,False
Asseng和Pannell - 2013 - Adapting dryland agriculture to climate change Farming implications and research and development ne.pdf,A2 climate-change scenario,C5,1793.871566014591,1793.871566014591,field-only scalar,,,False
Wessely 等 - 2024 - A climate-induced tree species bottleneck for forest management in Europe.pdf,RCP 2.6,C1,~1000 Gt CO2 (from 2020),1000.0,unit-bound scalar,~,,False
